id,name,category,description,price_taka
prod_00000,ফ্রেশ চাল ৫০০ গ্রাম,খাদ্যশস্য,"সাদা চাল, স্থানীয় উৎপাদিত, ৫০০ গ্রাম, ফ্রেশ ব্র্যান্ড",47
prod_00001,ফ্রেশ চাল ২৫০ গ্রাম,খাদ্যশস্য,"সাদা চাল, স্থানীয় উৎপাদিত, ২৫০ গ্রাম, ফ্রেশ ব্র্যান্ড",22
prod_00002,ফ্রেশ চাল ১ কেজি,খাদ্যশস্য,"সাদা চাল, স্থানীয় উৎপাদিত, ১ কেজি, ফ্রেশ ব্র্যান্ড",82
prod_00003,প্রাণ চাল ২৫০ গ্রাম,খাদ্যশস্য,"সাদা চাল, স্থানীয় উৎপাদিত, ২৫০ গ্রাম, প্রাণ ব্র্যান্ড",21
prod_00004,প্রাণ চাল ৫ কেজি,খাদ্যশস্য,"সাদা চাল, স্থানীয় উৎপাদিত, ৫ কেজি, প্রাণ ব্র্যান্ড",337
prod_00005,প্রাণ চাল ২ কেজি,খাদ্যশস্য,"সাদা চাল, স্থানীয় উৎপাদিত, ২ কেজি, প্রাণ ব্র্যান্ড",130
prod_00006,বসুন্ধরা চাল ৫০০ গ্রাম,খাদ্যশস্য,"সাদা চাল, স্থানীয় উৎপাদিত, ৫০০ গ্রাম, বসুন্ধরা ব্র্যান্ড",44
prod_00007,বসুন্ধরা চাল ২ কেজি,খাদ্যশস্য,"সাদা চাল, স্থানীয় উৎপাদিত, ২ কেজি, বসুন্ধরা ব্র্যান্ড",137
prod_00008,বসুন্ধরা চাল ২৫০ গ্রাম,খাদ্যশস্য,"সাদা চাল, স্থানীয় উৎপাদিত, ২৫০ গ্রাম, বসুন্ধরা ব্র্যান্ড",24
prod_00009,সুরভি চাল ৫০০ গ্রাম,খাদ্যশস্য,"সাদা চাল, স্থানীয় উৎপাদিত, ৫০০ গ্রাম, সুরভি ব্র্যান্ড",43
prod_00010,সুরভি চাল ২ কেজি,খাদ্যশস্য,"সাদা চাল, স্থানীয় উৎপাদিত, ২ কেজি, সুরভি ব্র্যান্ড",135
prod_00011,সুরভি চাল ৫ কেজি,খাদ্যশস্য,"সাদা চাল, স্থানীয় উৎপাদিত, ৫ কেজি, সুরভি ব্র্যান্ড",355
prod_00012,আফতাব চাল ২৫০ গ্রাম,খাদ্যশস্য,"সাদা চাল, স্থানীয় উৎপাদিত, ২৫০ গ্রাম, আফতাব ব্র্যান্ড",20
prod_00013,আফতাব চাল ৫ কেজি,খাদ্যশস্য,"সাদা চাল, স্থানীয় উৎপাদিত, ৫ কেজি, আফতাব ব্র্যান্ড",360
prod_00014,আফতাব চাল ৫০০ গ্রাম,খাদ্যশস্য,"সাদা চাল, স্থানীয় উৎপাদিত, ৫০০ গ্রাম, আফতাব ব্র্যান্ড",45
prod_00015,আরকু বাসমতি চাল ২৫০ গ্রাম,খাদ্যশস্য,"লম্বা বাসমতি চাল, ২৫০ গ্রাম, আরকু ব্র্যান্ড",76
prod_00016,আরকু বাসমতি চাল ১ কেজি,খাদ্যশস্য,"লম্বা বাসমতি চাল, ১ কেজি, আরকু ব্র্যান্ড",289
prod_00017,আরকু বাসমতি চাল ২ কেজি,খাদ্যশস্য,"লম্বা বাসমতি চাল, ২ কেজি, আরকু ব্র্যান্ড",487
prod_00018,ইগলু বাসমতি চাল ২৫০ গ্রাম,খাদ্যশস্য,"লম্বা বাসমতি চাল, ২৫০ গ্রাম, ইগলু ব্র্যান্ড",70
prod_00019,ইগলু বাসমতি চাল ৫ কেজি,খাদ্যশস্য,"লম্বা বাসমতি চাল, ৫ কেজি, ইগলু ব্র্যান্ড",1077
prod_00020,ইগলু বাসমতি চাল ১ কেজি,খাদ্যশস্য,"লম্বা বাসমতি চাল, ১ কেজি, ইগলু ব্র্যান্ড",247
prod_00021,কাজী ফার্মস বাসমতি চাল ৫০০ গ্রাম,খাদ্যশস্য,"লম্বা বাসমতি চাল, ৫০০ গ্রাম, কাজী ফার্মস ব্র্যান্ড",143
prod_00022,কাজী ফার্মস বাসমতি চাল ২৫০ গ্রাম,খাদ্যশস্য,"লম্বা বাসমতি চাল, ২৫০ গ্রাম, কাজী ফার্মস ব্র্যান্ড",77
prod_00023,কাজী ফার্মস বাসমতি চাল ৫ কেজি,খাদ্যশস্য,"লম্বা বাসমতি চাল, ৫ কেজি, কাজী ফার্মস ব্র্যান্ড",1094
prod_00024,ফ্রেশ বাসমতি চাল ১ কেজি,খাদ্যশস্য,"লম্বা বাসমতি চাল, ১ কেজি, ফ্রেশ ব্র্যান্ড",279
prod_00025,ফ্রেশ বাসমতি চাল ৫ কেজি,খাদ্যশস্য,"লম্বা বাসমতি চাল, ৫ কেজি, ফ্রেশ ব্র্যান্ড",1170
prod_00026,ফ্রেশ বাসমতি চাল ২৫০ গ্রাম,খাদ্যশস্য,"লম্বা বাসমতি চাল, ২৫০ গ্রাম, ফ্রেশ ব্র্যান্ড",77
prod_00027,পূর্ণ বাসমতি চাল ২৫০ গ্রাম,খাদ্যশস্য,"লম্বা বাসমতি চাল, ২৫০ গ্রাম, পূর্ণ ব্র্যান্ড",78
prod_00028,পূর্ণ বাসমতি চাল ৫০০ গ্রাম,খাদ্যশস্য,"লম্বা বাসমতি চাল, ৫০০ গ্রাম, পূর্ণ ব্র্যান্ড",139
prod_00029,পূর্ণ বাসমতি চাল ১ কেজি,খাদ্যশস্য,"লম্বা বাসমতি চাল, ১ কেজি, পূর্ণ ব্র্যান্ড",263
prod_00030,কাজী ফার্মস কালিজিরা চাল ২৫০ গ্রাম,খাদ্যশস্য,"সুগন্ধী কালিজিরা চাল, ২৫০ গ্রাম, কাজী ফার্মস ব্র্যান্ড",40
prod_00031,কাজী ফার্মস কালিজিরা চাল ১ কেজি,খাদ্যশস্য,"সুগন্ধী কালিজিরা চাল, ১ কেজি, কাজী ফার্মস ব্র্যান্ড",144
prod_00032,কাজী ফার্মস কালিজিরা চাল ৫০০ গ্রাম,খাদ্যশস্য,"সুগন্ধী কালিজিরা চাল, ৫০০ গ্রাম, কাজী ফার্মস ব্র্যান্ড",92
prod_00033,সুরভি কালিজিরা চাল ১ কেজি,খাদ্যশস্য,"সুগন্ধী কালিজিরা চাল, ১ কেজি, সুরভি ব্র্যান্ড",152
prod_00034,সুরভি কালিজিরা চাল ৫০০ গ্রাম,খাদ্যশস্য,"সুগন্ধী কালিজিরা চাল, ৫০০ গ্রাম, সুরভি ব্র্যান্ড",91
prod_00035,সুরভি কালিজিরা চাল ৫ কেজি,খাদ্যশস্য,"সুগন্ধী কালিজিরা চাল, ৫ কেজি, সুরভি ব্র্যান্ড",655
prod_00036,স্কয়ার কালিজিরা চাল ৫০০ গ্রাম,খাদ্যশস্য,"সুগন্ধী কালিজিরা চাল, ৫০০ গ্রাম, স্কয়ার ব্র্যান্ড",80
prod_00037,স্কয়ার কালিজিরা চাল ১ কেজি,খাদ্যশস্য,"সুগন্ধী কালিজিরা চাল, ১ কেজি, স্কয়ার ব্র্যান্ড",154
prod_00038,স্কয়ার কালিজিরা চাল ২৫০ গ্রাম,খাদ্যশস্য,"সুগন্ধী কালিজিরা চাল, ২৫০ গ্রাম, স্কয়ার ব্র্যান্ড",40
prod_00039,আরকু কালিজিরা চাল ৫ কেজি,খাদ্যশস্য,"সুগন্ধী কালিজিরা চাল, ৫ কেজি, আরকু ব্র্যান্ড",624
prod_00040,আরকু কালিজিরা চাল ২ কেজি,খাদ্যশস্য,"সুগন্ধী কালিজিরা চাল, ২ কেজি, আরকু ব্র্যান্ড",256
prod_00041,আরকু কালিজিরা চাল ১ কেজি,খাদ্যশস্য,"সুগন্ধী কালিজিরা চাল, ১ কেজি, আরকু ব্র্যান্ড",168
prod_00042,মিল্কভিটা কালিজিরা চাল ৫ কেজি,খাদ্যশস্য,"সুগন্ধী কালিজিরা চাল, ৫ কেজি, মিল্কভিটা ব্র্যান্ড",670
prod_00043,মিল্কভিটা কালিজিরা চাল ২ কেজি,খাদ্যশস্য,"সুগন্ধী কালিজিরা চাল, ২ কেজি, মিল্কভিটা ব্র্যান্ড",291
prod_00044,মিল্কভিটা কালিজিরা চাল ২৫০ গ্রাম,খাদ্যশস্য,"সুগন্ধী কালিজিরা চাল, ২৫০ গ্রাম, মিল্কভিটা ব্র্যান্ড",39
prod_00045,ইস্পাহানি গম ৫ কেজি,খাদ্যশস্য,"সাদা গম, উচ্চমানের, ৫ কেজি, ইস্পাহানি ব্র্যান্ড",1425
prod_00046,ইস্পাহানি গম ২ কেজি,খাদ্যশস্য,"সাদা গম, উচ্চমানের, ২ কেজি, ইস্পাহানি ব্র্যান্ড",646
prod_00047,ইস্পাহানি গম ১ কেজি,খাদ্যশস্য,"সাদা গম, উচ্চমানের, ১ কেজি, ইস্পাহানি ব্র্যান্ড",391
prod_00048,ড্যানিশ গম ২৫০ গ্রাম,খাদ্যশস্য,"সাদা গম, উচ্চমানের, ২৫০ গ্রাম, ড্যানিশ ব্র্যান্ড",96
prod_00049,ড্যানিশ গম ১ কেজি,খাদ্যশস্য,"সাদা গম, উচ্চমানের, ১ কেজি, ড্যানিশ ব্র্যান্ড",345
prod_00050,ড্যানিশ গম ২ কেজি,খাদ্যশস্য,"সাদা গম, উচ্চমানের, ২ কেজি, ড্যানিশ ব্র্যান্ড",596
prod_00051,রাধুনী গম ২৫০ গ্রাম,খাদ্যশস্য,"সাদা গম, উচ্চমানের, ২৫০ গ্রাম, রাধুনী ব্র্যান্ড",105
prod_00052,রাধুনী গম ১ কেজি,খাদ্যশস্য,"সাদা গম, উচ্চমানের, ১ কেজি, রাধুনী ব্র্যান্ড",360
prod_00053,রাধুনী গম ২ কেজি,খাদ্যশস্য,"সাদা গম, উচ্চমানের, ২ কেজি, রাধুনী ব্র্যান্ড",589
prod_00054,পূর্ণ গম ১ কেজি,খাদ্যশস্য,"সাদা গম, উচ্চমানের, ১ কেজি, পূর্ণ ব্র্যান্ড",350
prod_00055,পূর্ণ গম ৫০০ গ্রাম,খাদ্যশস্য,"সাদা গম, উচ্চমানের, ৫০০ গ্রাম, পূর্ণ ব্র্যান্ড",186
prod_00056,পূর্ণ গম ২৫০ গ্রাম,খাদ্যশস্য,"সাদা গম, উচ্চমানের, ২৫০ গ্রাম, পূর্ণ ব্র্যান্ড",109
prod_00057,আফতাব গম ৫ কেজি,খাদ্যশস্য,"সাদা গম, উচ্চমানের, ৫ কেজি, আফতাব ব্র্যান্ড",1447
prod_00058,আফতাব গম ২৫০ গ্রাম,খাদ্যশস্য,"সাদা গম, উচ্চমানের, ২৫০ গ্রাম, আফতাব ব্র্যান্ড",90
prod_00059,আফতাব গম ১ কেজি,খাদ্যশস্য,"সাদা গম, উচ্চমানের, ১ কেজি, আফতাব ব্র্যান্ড",390
prod_00060,ACI আটা ২৫০ গ্রাম,খাদ্যশস্য,"গম আটা, উচ্চমানের, ২৫০ গ্রাম, ACI ব্র্যান্ড",30
prod_00061,ACI আটা ২ কেজি,খাদ্যশস্য,"গম আটা, উচ্চমানের, ২ কেজি, ACI ব্র্যান্ড",177
prod_00062,ACI আটা ৫ কেজি,খাদ্যশস্য,"গম আটা, উচ্চমানের, ৫ কেজি, ACI ব্র্যান্ড",381
prod_00063,সুরভি আটা ২ কেজি,খাদ্যশস্য,"গম আটা, উচ্চমানের, ২ কেজি, সুরভি ব্র্যান্ড",176
prod_00064,সুরভি আটা ৫০০ গ্রাম,খাদ্যশস্য,"গম আটা, উচ্চমানের, ৫০০ গ্রাম, সুরভি ব্র্যান্ড",56
prod_00065,সুরভি আটা ৫ কেজি,খাদ্যশস্য,"গম আটা, উচ্চমানের, ৫ কেজি, সুরভি ব্র্যান্ড",450
prod_00066,আরকু আটা ৫ কেজি,খাদ্যশস্য,"গম আটা, উচ্চমানের, ৫ কেজি, আরকু ব্র্যান্ড",396
prod_00067,আরকু আটা ৫০০ গ্রাম,খাদ্যশস্য,"গম আটা, উচ্চমানের, ৫০০ গ্রাম, আরকু ব্র্যান্ড",60
prod_00068,আরকু আটা ১ কেজি,খাদ্যশস্য,"গম আটা, উচ্চমানের, ১ কেজি, আরকু ব্র্যান্ড",101
prod_00069,মিল্কভিটা আটা ২ কেজি,খাদ্যশস্য,"গম আটা, উচ্চমানের, ২ কেজি, মিল্কভিটা ব্র্যান্ড",167
prod_00070,মিল্কভিটা আটা ৫ কেজি,খাদ্যশস্য,"গম আটা, উচ্চমানের, ৫ কেজি, মিল্কভিটা ব্র্যান্ড",376
prod_00071,মিল্কভিটা আটা ২৫০ গ্রাম,খাদ্যশস্য,"গম আটা, উচ্চমানের, ২৫০ গ্রাম, মিল্কভিটা ব্র্যান্ড",24
prod_00072,রাধুনী আটা ৫ কেজি,খাদ্যশস্য,"গম আটা, উচ্চমানের, ৫ কেজি, রাধুনী ব্র্যান্ড",389
prod_00073,রাধুনী আটা ৫০০ গ্রাম,খাদ্যশস্য,"গম আটা, উচ্চমানের, ৫০০ গ্রাম, রাধুনী ব্র্যান্ড",50
prod_00074,রাধুনী আটা ১ কেজি,খাদ্যশস্য,"গম আটা, উচ্চমানের, ১ কেজি, রাধুনী ব্র্যান্ড",101
prod_00075,সুরভি বার্লি ৫ কেজি,খাদ্যশস্য,"প্রাকৃতিক বার্লি, ৫ কেজি, সুরভি ব্র্যান্ড",659
prod_00076,সুরভি বার্লি ৫০০ গ্রাম,খাদ্যশস্য,"প্রাকৃতিক বার্লি, ৫০০ গ্রাম, সুরভি ব্র্যান্ড",80
prod_00077,সুরভি বার্লি ২ কেজি,খাদ্যশস্য,"প্রাকৃতিক বার্লি, ২ কেজি, সুরভি ব্র্যান্ড",251
prod_00078,রাধুনী বার্লি ৫ কেজি,খাদ্যশস্য,"প্রাকৃতিক বার্লি, ৫ কেজি, রাধুনী ব্র্যান্ড",673
prod_00079,রাধুনী বার্লি ২ কেজি,খাদ্যশস্য,"প্রাকৃতিক বার্লি, ২ কেজি, রাধুনী ব্র্যান্ড",288
prod_00080,রাধুনী বার্লি ২৫০ গ্রাম,খাদ্যশস্য,"প্রাকৃতিক বার্লি, ২৫০ গ্রাম, রাধুনী ব্র্যান্ড",39
prod_00081,আরকু বার্লি ২৫০ গ্রাম,খাদ্যশস্য,"প্রাকৃতিক বার্লি, ২৫০ গ্রাম, আরকু ব্র্যান্ড",41
prod_00082,আরকু বার্লি ২ কেজি,খাদ্যশস্য,"প্রাকৃতিক বার্লি, ২ কেজি, আরকু ব্র্যান্ড",270
prod_00083,আরকু বার্লি ৫০০ গ্রাম,খাদ্যশস্য,"প্রাকৃতিক বার্লি, ৫০০ গ্রাম, আরকু ব্র্যান্ড",88
prod_00084,স্কয়ার বার্লি ২৫০ গ্রাম,খাদ্যশস্য,"প্রাকৃতিক বার্লি, ২৫০ গ্রাম, স্কয়ার ব্র্যান্ড",44
prod_00085,স্কয়ার বার্লি ৫ কেজি,খাদ্যশস্য,"প্রাকৃতিক বার্লি, ৫ কেজি, স্কয়ার ব্র্যান্ড",675
prod_00086,স্কয়ার বার্লি ৫০০ গ্রাম,খাদ্যশস্য,"প্রাকৃতিক বার্লি, ৫০০ গ্রাম, স্কয়ার ব্র্যান্ড",78
prod_00087,মিল্কভিটা বার্লি ৫০০ গ্রাম,খাদ্যশস্য,"প্রাকৃতিক বার্লি, ৫০০ গ্রাম, মিল্কভিটা ব্র্যান্ড",84
prod_00088,মিল্কভিটা বার্লি ৫ কেজি,খাদ্যশস্য,"প্রাকৃতিক বার্লি, ৫ কেজি, মিল্কভিটা ব্র্যান্ড",627
prod_00089,মিল্কভিটা বার্লি ১ কেজি,খাদ্যশস্য,"প্রাকৃতিক বার্লি, ১ কেজি, মিল্কভিটা ব্র্যান্ড",146
prod_00090,সুরভি ভুট্টা ৫ কেজি,খাদ্যশস্য,"হলুদ ভুট্টা, ৫ কেজি, সুরভি ব্র্যান্ড",529
prod_00091,সুরভি ভুট্টা ২৫০ গ্রাম,খাদ্যশস্য,"হলুদ ভুট্টা, ২৫০ গ্রাম, সুরভি ব্র্যান্ড",34
prod_00092,সুরভি ভুট্টা ২ কেজি,খাদ্যশস্য,"হলুদ ভুট্টা, ২ কেজি, সুরভি ব্র্যান্ড",194
prod_00093,রাধুনী ভুট্টা ২ কেজি,খাদ্যশস্য,"হলুদ ভুট্টা, ২ কেজি, রাধুনী ব্র্যান্ড",223
prod_00094,রাধুনী ভুট্টা ৫ কেজি,খাদ্যশস্য,"হলুদ ভুট্টা, ৫ কেজি, রাধুনী ব্র্যান্ড",526
prod_00095,রাধুনী ভুট্টা ২৫০ গ্রাম,খাদ্যশস্য,"হলুদ ভুট্টা, ২৫০ গ্রাম, রাধুনী ব্র্যান্ড",30
prod_00096,ইগলু ভুট্টা ২৫০ গ্রাম,খাদ্যশস্য,"হলুদ ভুট্টা, ২৫০ গ্রাম, ইগলু ব্র্যান্ড",35
prod_00097,ইগলু ভুট্টা ২ কেজি,খাদ্যশস্য,"হলুদ ভুট্টা, ২ কেজি, ইগলু ব্র্যান্ড",219
prod_00098,ইগলু ভুট্টা ৫০০ গ্রাম,খাদ্যশস্য,"হলুদ ভুট্টা, ৫০০ গ্রাম, ইগলু ব্র্যান্ড",62
prod_00099,ফ্রেশ ভুট্টা ৫ কেজি,খাদ্যশস্য,"হলুদ ভুট্টা, ৫ কেজি, ফ্রেশ ব্র্যান্ড",457
prod_00100,ফ্রেশ ভুট্টা ২ কেজি,খাদ্যশস্য,"হলুদ ভুট্টা, ২ কেজি, ফ্রেশ ব্র্যান্ড",196
prod_00101,ফ্রেশ ভুট্টা ২৫০ গ্রাম,খাদ্যশস্য,"হলুদ ভুট্টা, ২৫০ গ্রাম, ফ্রেশ ব্র্যান্ড",29
prod_00102,আরকু ভুট্টা ৫ কেজি,খাদ্যশস্য,"হলুদ ভুট্টা, ৫ কেজি, আরকু ব্র্যান্ড",469
prod_00103,আরকু ভুট্টা ২৫০ গ্রাম,খাদ্যশস্য,"হলুদ ভুট্টা, ২৫০ গ্রাম, আরকু ব্র্যান্ড",29
prod_00104,আরকু ভুট্টা ১ কেজি,খাদ্যশস্য,"হলুদ ভুট্টা, ১ কেজি, আরকু ব্র্যান্ড",116
prod_00105,আফতাব বেসন ৫০০ গ্রাম,খাদ্যশস্য,"ছোলার বেসন, ৫০০ গ্রাম, আফতাব ব্র্যান্ড",82
prod_00106,আফতাব বেসন ২৫০ গ্রাম,খাদ্যশস্য,"ছোলার বেসন, ২৫০ গ্রাম, আফতাব ব্র্যান্ড",48
prod_00107,আফতাব বেসন ১ কেজি,খাদ্যশস্য,"ছোলার বেসন, ১ কেজি, আফতাব ব্র্যান্ড",158
prod_00108,ইস্পাহানি বেসন ৫ কেজি,খাদ্যশস্য,"ছোলার বেসন, ৫ কেজি, ইস্পাহানি ব্র্যান্ড",687
prod_00109,ইস্পাহানি বেসন ৫০০ গ্রাম,খাদ্যশস্য,"ছোলার বেসন, ৫০০ গ্রাম, ইস্পাহানি ব্র্যান্ড",92
prod_00110,ইস্পাহানি বেসন ১ কেজি,খাদ্যশস্য,"ছোলার বেসন, ১ কেজি, ইস্পাহানি ব্র্যান্ড",159
prod_00111,আরকু বেসন ৫ কেজি,খাদ্যশস্য,"ছোলার বেসন, ৫ কেজি, আরকু ব্র্যান্ড",635
prod_00112,আরকু বেসন ১ কেজি,খাদ্যশস্য,"ছোলার বেসন, ১ কেজি, আরকু ব্র্যান্ড",169
prod_00113,আরকু বেসন ৫০০ গ্রাম,খাদ্যশস্য,"ছোলার বেসন, ৫০০ গ্রাম, আরকু ব্র্যান্ড",85
prod_00114,অর্গানিক ফার্ম বেসন ২ কেজি,খাদ্যশস্য,"ছোলার বেসন, ২ কেজি, অর্গানিক ফার্ম ব্র্যান্ড",296
prod_00115,অর্গানিক ফার্ম বেসন ৫০০ গ্রাম,খাদ্যশস্য,"ছোলার বেসন, ৫০০ গ্রাম, অর্গানিক ফার্ম ব্র্যান্ড",89
prod_00116,অর্গানিক ফার্ম বেসন ১ কেজি,খাদ্যশস্য,"ছোলার বেসন, ১ কেজি, অর্গানিক ফার্ম ব্র্যান্ড",175
prod_00117,রাধুনী বেসন ২৫০ গ্রাম,খাদ্যশস্য,"ছোলার বেসন, ২৫০ গ্রাম, রাধুনী ব্র্যান্ড",46
prod_00118,রাধুনী বেসন ৫ কেজি,খাদ্যশস্য,"ছোলার বেসন, ৫ কেজি, রাধুনী ব্র্যান্ড",683
prod_00119,রাধুনী বেসন ৫০০ গ্রাম,খাদ্যশস্য,"ছোলার বেসন, ৫০০ গ্রাম, রাধুনী ব্র্যান্ড",82
prod_00120,কাজী ফার্মস জোয়ার ১ কেজি,খাদ্যশস্য,"জোয়ারের আটা, ১ কেজি, কাজী ফার্মস ব্র্যান্ড",131
prod_00121,কাজী ফার্মস জোয়ার ২৫০ গ্রাম,খাদ্যশস্য,"জোয়ারের আটা, ২৫০ গ্রাম, কাজী ফার্মস ব্র্যান্ড",34
prod_00122,কাজী ফার্মস জোয়ার ২ কেজি,খাদ্যশস্য,"জোয়ারের আটা, ২ কেজি, কাজী ফার্মস ব্র্যান্ড",256
prod_00123,ম্যারিকো জোয়ার ১ কেজি,খাদ্যশস্য,"জোয়ারের আটা, ১ কেজি, ম্যারিকো ব্র্যান্ড",143
prod_00124,ম্যারিকো জোয়ার ২৫০ গ্রাম,খাদ্যশস্য,"জোয়ারের আটা, ২৫০ গ্রাম, ম্যারিকো ব্র্যান্ড",35
prod_00125,ম্যারিকো জোয়ার ৫ কেজি,খাদ্যশস্য,"জোয়ারের আটা, ৫ কেজি, ম্যারিকো ব্র্যান্ড",580
prod_00126,আফতাব জোয়ার ৫০০ গ্রাম,খাদ্যশস্য,"জোয়ারের আটা, ৫০০ গ্রাম, আফতাব ব্র্যান্ড",80
prod_00127,আফতাব জোয়ার ১ কেজি,খাদ্যশস্য,"জোয়ারের আটা, ১ কেজি, আফতাব ব্র্যান্ড",141
prod_00128,আফতাব জোয়ার ২৫০ গ্রাম,খাদ্যশস্য,"জোয়ারের আটা, ২৫০ গ্রাম, আফতাব ব্র্যান্ড",34
prod_00129,বসুন্ধরা জোয়ার ১ কেজি,খাদ্যশস্য,"জোয়ারের আটা, ১ কেজি, বসুন্ধরা ব্র্যান্ড",130
prod_00130,বসুন্ধরা জোয়ার ৫০০ গ্রাম,খাদ্যশস্য,"জোয়ারের আটা, ৫০০ গ্রাম, বসুন্ধরা ব্র্যান্ড",77
prod_00131,বসুন্ধরা জোয়ার ৫ কেজি,খাদ্যশস্য,"জোয়ারের আটা, ৫ কেজি, বসুন্ধরা ব্র্যান্ড",602
prod_00132,তীর জোয়ার ৫ কেজি,খাদ্যশস্য,"জোয়ারের আটা, ৫ কেজি, তীর ব্র্যান্ড",608
prod_00133,তীর জোয়ার ২ কেজি,খাদ্যশস্য,"জোয়ারের আটা, ২ কেজি, তীর ব্র্যান্ড",256
prod_00134,তীর জোয়ার ৫০০ গ্রাম,খাদ্যশস্য,"জোয়ারের আটা, ৫০০ গ্রাম, তীর ব্র্যান্ড",68
prod_00135,ড্যানিশ ময়দা ৫০০ গ্রাম,খাদ্যশস্য,"সাদা ময়দা, ৫০০ গ্রাম, ড্যানিশ ব্র্যান্ড",52
prod_00136,ড্যানিশ ময়দা ১ কেজি,খাদ্যশস্য,"সাদা ময়দা, ১ কেজি, ড্যানিশ ব্র্যান্ড",90
prod_00137,ড্যানিশ ময়দা ২৫০ গ্রাম,খাদ্যশস্য,"সাদা ময়দা, ২৫০ গ্রাম, ড্যানিশ ব্র্যান্ড",24
prod_00138,বসুন্ধরা ময়দা ২৫০ গ্রাম,খাদ্যশস্য,"সাদা ময়দা, ২৫০ গ্রাম, বসুন্ধরা ব্র্যান্ড",27
prod_00139,বসুন্ধরা ময়দা ৫ কেজি,খাদ্যশস্য,"সাদা ময়দা, ৫ কেজি, বসুন্ধরা ব্র্যান্ড",389
prod_00140,বসুন্ধরা ময়দা ২ কেজি,খাদ্যশস্য,"সাদা ময়দা, ২ কেজি, বসুন্ধরা ব্র্যান্ড",148
prod_00141,আরকু ময়দা ২৫০ গ্রাম,খাদ্যশস্য,"সাদা ময়দা, ২৫০ গ্রাম, আরকু ব্র্যান্ড",25
prod_00142,আরকু ময়দা ১ কেজি,খাদ্যশস্য,"সাদা ময়দা, ১ কেজি, আরকু ব্র্যান্ড",88
prod_00143,আরকু ময়দা ২ কেজি,খাদ্যশস্য,"সাদা ময়দা, ২ কেজি, আরকু ব্র্যান্ড",145
prod_00144,প্রাণ ময়দা ১ কেজি,খাদ্যশস্য,"সাদা ময়দা, ১ কেজি, প্রাণ ব্র্যান্ড",84
prod_00145,প্রাণ ময়দা ২৫০ গ্রাম,খাদ্যশস্য,"সাদা ময়দা, ২৫০ গ্রাম, প্রাণ ব্র্যান্ড",23
prod_00146,প্রাণ ময়দা ৫০০ গ্রাম,খাদ্যশস্য,"সাদা ময়দা, ৫০০ গ্রাম, প্রাণ ব্র্যান্ড",46
prod_00147,স্কয়ার ময়দা ৫ কেজি,খাদ্যশস্য,"সাদা ময়দা, ৫ কেজি, স্কয়ার ব্র্যান্ড",393
prod_00148,স্কয়ার ময়দা ২ কেজি,খাদ্যশস্য,"সাদা ময়দা, ২ কেজি, স্কয়ার ব্র্যান্ড",173
prod_00149,স্কয়ার ময়দা ১ কেজি,খাদ্যশস্য,"সাদা ময়দা, ১ কেজি, স্কয়ার ব্র্যান্ড",85
prod_00150,ইস্পাহানি সুজি ১ কেজি,খাদ্যশস্য,"সুজি, রান্নার জন্য, ১ কেজি, ইস্পাহানি ব্র্যান্ড",106
prod_00151,ইস্পাহানি সুজি ২ কেজি,খাদ্যশস্য,"সুজি, রান্নার জন্য, ২ কেজি, ইস্পাহানি ব্র্যান্ড",186
prod_00152,ইস্পাহানি সুজি ৫ কেজি,খাদ্যশস্য,"সুজি, রান্নার জন্য, ৫ কেজি, ইস্পাহানি ব্র্যান্ড",393
prod_00153,অর্গানিক ফার্ম সুজি ২৫০ গ্রাম,খাদ্যশস্য,"সুজি, রান্নার জন্য, ২৫০ গ্রাম, অর্গানিক ফার্ম ব্র্যান্ড",29
prod_00154,অর্গানিক ফার্ম সুজি ২ কেজি,খাদ্যশস্য,"সুজি, রান্নার জন্য, ২ কেজি, অর্গানিক ফার্ম ব্র্যান্ড",166
prod_00155,অর্গানিক ফার্ম সুজি ৫ কেজি,খাদ্যশস্য,"সুজি, রান্নার জন্য, ৫ কেজি, অর্গানিক ফার্ম ব্র্যান্ড",438
prod_00156,ড্যানিশ সুজি ২ কেজি,খাদ্যশস্য,"সুজি, রান্নার জন্য, ২ কেজি, ড্যানিশ ব্র্যান্ড",187
prod_00157,ড্যানিশ সুজি ১ কেজি,খাদ্যশস্য,"সুজি, রান্নার জন্য, ১ কেজি, ড্যানিশ ব্র্যান্ড",106
prod_00158,ড্যানিশ সুজি ৫০০ গ্রাম,খাদ্যশস্য,"সুজি, রান্নার জন্য, ৫০০ গ্রাম, ড্যানিশ ব্র্যান্ড",51
prod_00159,প্রাণ সুজি ৫০০ গ্রাম,খাদ্যশস্য,"সুজি, রান্নার জন্য, ৫০০ গ্রাম, প্রাণ ব্র্যান্ড",52
prod_00160,প্রাণ সুজি ২ কেজি,খাদ্যশস্য,"সুজি, রান্নার জন্য, ২ কেজি, প্রাণ ব্র্যান্ড",160
prod_00161,প্রাণ সুজি ৫ কেজি,খাদ্যশস্য,"সুজি, রান্নার জন্য, ৫ কেজি, প্রাণ ব্র্যান্ড",435
prod_00162,মিল্কভিটা সুজি ১ কেজি,খাদ্যশস্য,"সুজি, রান্নার জন্য, ১ কেজি, মিল্কভিটা ব্র্যান্ড",108
prod_00163,মিল্কভিটা সুজি ২ কেজি,খাদ্যশস্য,"সুজি, রান্নার জন্য, ২ কেজি, মিল্কভিটা ব্র্যান্ড",177
prod_00164,মিল্কভিটা সুজি ৫ কেজি,খাদ্যশস্য,"সুজি, রান্নার জন্য, ৫ কেজি, মিল্কভিটা ব্র্যান্ড",448
prod_00165,ফ্রেশ চিড়া ২৫০ গ্রাম,খাদ্যশস্য,"চ্যাপ্টা চিড়া, ২৫০ গ্রাম, ফ্রেশ ব্র্যান্ড",31
prod_00166,ফ্রেশ চিড়া ২ কেজি,খাদ্যশস্য,"চ্যাপ্টা চিড়া, ২ কেজি, ফ্রেশ ব্র্যান্ড",184
prod_00167,ফ্রেশ চিড়া ৫০০ গ্রাম,খাদ্যশস্য,"চ্যাপ্টা চিড়া, ৫০০ গ্রাম, ফ্রেশ ব্র্যান্ড",61
prod_00168,বসুন্ধরা চিড়া ৫ কেজি,খাদ্যশস্য,"চ্যাপ্টা চিড়া, ৫ কেজি, বসুন্ধরা ব্র্যান্ড",485
prod_00169,বসুন্ধরা চিড়া ২৫০ গ্রাম,খাদ্যশস্য,"চ্যাপ্টা চিড়া, ২৫০ গ্রাম, বসুন্ধরা ব্র্যান্ড",28
prod_00170,বসুন্ধরা চিড়া ৫০০ গ্রাম,খাদ্যশস্য,"চ্যাপ্টা চিড়া, ৫০০ গ্রাম, বসুন্ধরা ব্র্যান্ড",54
prod_00171,ইস্পাহানি চিড়া ২ কেজি,খাদ্যশস্য,"চ্যাপ্টা চিড়া, ২ কেজি, ইস্পাহানি ব্র্যান্ড",208
prod_00172,ইস্পাহানি চিড়া ২৫০ গ্রাম,খাদ্যশস্য,"চ্যাপ্টা চিড়া, ২৫০ গ্রাম, ইস্পাহানি ব্র্যান্ড",30
prod_00173,ইস্পাহানি চিড়া ১ কেজি,খাদ্যশস্য,"চ্যাপ্টা চিড়া, ১ কেজি, ইস্পাহানি ব্র্যান্ড",112
prod_00174,মিল্কভিটা চিড়া ৫০০ গ্রাম,খাদ্যশস্য,"চ্যাপ্টা চিড়া, ৫০০ গ্রাম, মিল্কভিটা ব্র্যান্ড",54
prod_00175,মিল্কভিটা চিড়া ১ কেজি,খাদ্যশস্য,"চ্যাপ্টা চিড়া, ১ কেজি, মিল্কভিটা ব্র্যান্ড",111
prod_00176,মিল্কভিটা চিড়া ৫ কেজি,খাদ্যশস্য,"চ্যাপ্টা চিড়া, ৫ কেজি, মিল্কভিটা ব্র্যান্ড",434
prod_00177,আরকু চিড়া ১ কেজি,খাদ্যশস্য,"চ্যাপ্টা চিড়া, ১ কেজি, আরকু ব্র্যান্ড",116
prod_00178,আরকু চিড়া ২৫০ গ্রাম,খাদ্যশস্য,"চ্যাপ্টা চিড়া, ২৫০ গ্রাম, আরকু ব্র্যান্ড",30
prod_00179,আরকু চিড়া ৫ কেজি,খাদ্যশস্য,"চ্যাপ্টা চিড়া, ৫ কেজি, আরকু ব্র্যান্ড",465
prod_00180,স্কয়ার মুড়ি ২ কেজি,খাদ্যশস্য,"ফোলানো মুড়ি, ২ কেজি, স্কয়ার ব্র্যান্ড",134
prod_00181,স্কয়ার মুড়ি ৫ কেজি,খাদ্যশস্য,"ফোলানো মুড়ি, ৫ কেজি, স্কয়ার ব্র্যান্ড",280
prod_00182,স্কয়ার মুড়ি ১ কেজি,খাদ্যশস্য,"ফোলানো মুড়ি, ১ কেজি, স্কয়ার ব্র্যান্ড",72
prod_00183,পূর্ণ মুড়ি ২ কেজি,খাদ্যশস্য,"ফোলানো মুড়ি, ২ কেজি, পূর্ণ ব্র্যান্ড",122
prod_00184,পূর্ণ মুড়ি ২৫০ গ্রাম,খাদ্যশস্য,"ফোলানো মুড়ি, ২৫০ গ্রাম, পূর্ণ ব্র্যান্ড",19
prod_00185,পূর্ণ মুড়ি ৫০০ গ্রাম,খাদ্যশস্য,"ফোলানো মুড়ি, ৫০০ গ্রাম, পূর্ণ ব্র্যান্ড",40
prod_00186,ACI মুড়ি ১ কেজি,খাদ্যশস্য,"ফোলানো মুড়ি, ১ কেজি, ACI ব্র্যান্ড",71
prod_00187,ACI মুড়ি ২ কেজি,খাদ্যশস্য,"ফোলানো মুড়ি, ২ কেজি, ACI ব্র্যান্ড",120
prod_00188,ACI মুড়ি ৫০০ গ্রাম,খাদ্যশস্য,"ফোলানো মুড়ি, ৫০০ গ্রাম, ACI ব্র্যান্ড",39
prod_00189,তীর মুড়ি ৫০০ গ্রাম,খাদ্যশস্য,"ফোলানো মুড়ি, ৫০০ গ্রাম, তীর ব্র্যান্ড",40
prod_00190,তীর মুড়ি ২৫০ গ্রাম,খাদ্যশস্য,"ফোলানো মুড়ি, ২৫০ গ্রাম, তীর ব্র্যান্ড",20
prod_00191,তীর মুড়ি ৫ কেজি,খাদ্যশস্য,"ফোলানো মুড়ি, ৫ কেজি, তীর ব্র্যান্ড",290
prod_00192,ম্যারিকো মুড়ি ৫০০ গ্রাম,খাদ্যশস্য,"ফোলানো মুড়ি, ৫০০ গ্রাম, ম্যারিকো ব্র্যান্ড",42
prod_00193,ম্যারিকো মুড়ি ১ কেজি,খাদ্যশস্য,"ফোলানো মুড়ি, ১ কেজি, ম্যারিকো ব্র্যান্ড",66
prod_00194,ম্যারিকো মুড়ি ২৫০ গ্রাম,খাদ্যশস্য,"ফোলানো মুড়ি, ২৫০ গ্রাম, ম্যারিকো ব্র্যান্ড",18
prod_00195,রূপচাঁদা খই ২ কেজি,খাদ্যশস্য,"ভাজা খই, ২ কেজি, রূপচাঁদা ব্র্যান্ড",136
prod_00196,রূপচাঁদা খই ৫ কেজি,খাদ্যশস্য,"ভাজা খই, ৫ কেজি, রূপচাঁদা ব্র্যান্ড",348
prod_00197,রূপচাঁদা খই ৫০০ গ্রাম,খাদ্যশস্য,"ভাজা খই, ৫০০ গ্রাম, রূপচাঁদা ব্র্যান্ড",40
prod_00198,রাধুনী খই ২৫০ গ্রাম,খাদ্যশস্য,"ভাজা খই, ২৫০ গ্রাম, রাধুনী ব্র্যান্ড",21
prod_00199,রাধুনী খই ২ কেজি,খাদ্যশস্য,"ভাজা খই, ২ কেজি, রাধুনী ব্র্যান্ড",157
prod_00200,রাধুনী খই ৫ কেজি,খাদ্যশস্য,"ভাজা খই, ৫ কেজি, রাধুনী ব্র্যান্ড",338
prod_00201,ইগলু খই ২৫০ গ্রাম,খাদ্যশস্য,"ভাজা খই, ২৫০ গ্রাম, ইগলু ব্র্যান্ড",22
prod_00202,ইগলু খই ৫০০ গ্রাম,খাদ্যশস্য,"ভাজা খই, ৫০০ গ্রাম, ইগলু ব্র্যান্ড",47
prod_00203,ইগলু খই ৫ কেজি,খাদ্যশস্য,"ভাজা খই, ৫ কেজি, ইগলু ব্র্যান্ড",348
prod_00204,ড্যানিশ খই ৫ কেজি,খাদ্যশস্য,"ভাজা খই, ৫ কেজি, ড্যানিশ ব্র্যান্ড",345
prod_00205,ড্যানিশ খই ১ কেজি,খাদ্যশস্য,"ভাজা খই, ১ কেজি, ড্যানিশ ব্র্যান্ড",84
prod_00206,ড্যানিশ খই ৫০০ গ্রাম,খাদ্যশস্য,"ভাজা খই, ৫০০ গ্রাম, ড্যানিশ ব্র্যান্ড",45
prod_00207,ম্যারিকো খই ৫ কেজি,খাদ্যশস্য,"ভাজা খই, ৫ কেজি, ম্যারিকো ব্র্যান্ড",353
prod_00208,ম্যারিকো খই ২ কেজি,খাদ্যশস্য,"ভাজা খই, ২ কেজি, ম্যারিকো ব্র্যান্ড",143
prod_00209,ম্যারিকো খই ২৫০ গ্রাম,খাদ্যশস্য,"ভাজা খই, ২৫০ গ্রাম, ম্যারিকো ব্র্যান্ড",21
prod_00210,সুরভি মসুর ডাল ১ কেজি,দালিল শস্য,"লাল মসুর ডাল, ১ কেজি, সুরভি ব্র্যান্ড",243
prod_00211,সুরভি মসুর ডাল ২ কেজি,দালিল শস্য,"লাল মসুর ডাল, ২ কেজি, সুরভি ব্র্যান্ড",393
prod_00212,সুরভি মসুর ডাল ২৫০ গ্রাম,দালিল শস্য,"লাল মসুর ডাল, ২৫০ গ্রাম, সুরভি ব্র্যান্ড",62
prod_00213,বসুন্ধরা মসুর ডাল ৫ কেজি,দালিল শস্য,"লাল মসুর ডাল, ৫ কেজি, বসুন্ধরা ব্র্যান্ড",906
prod_00214,বসুন্ধরা মসুর ডাল ২৫০ গ্রাম,দালিল শস্য,"লাল মসুর ডাল, ২৫০ গ্রাম, বসুন্ধরা ব্র্যান্ড",63
prod_00215,বসুন্ধরা মসুর ডাল ২ কেজি,দালিল শস্য,"লাল মসুর ডাল, ২ কেজি, বসুন্ধরা ব্র্যান্ড",387
prod_00216,আফতাব মসুর ডাল ৫০০ গ্রাম,দালিল শস্য,"লাল মসুর ডাল, ৫০০ গ্রাম, আফতাব ব্র্যান্ড",127
prod_00217,আফতাব মসুর ডাল ২৫০ গ্রাম,দালিল শস্য,"লাল মসুর ডাল, ২৫০ গ্রাম, আফতাব ব্র্যান্ড",65
prod_00218,আফতাব মসুর ডাল ৫ কেজি,দালিল শস্য,"লাল মসুর ডাল, ৫ কেজি, আফতাব ব্র্যান্ড",958
prod_00219,রূপচাঁদা মসুর ডাল ৫০০ গ্রাম,দালিল শস্য,"লাল মসুর ডাল, ৫০০ গ্রাম, রূপচাঁদা ব্র্যান্ড",140
prod_00220,রূপচাঁদা মসুর ডাল ২ কেজি,দালিল শস্য,"লাল মসুর ডাল, ২ কেজি, রূপচাঁদা ব্র্যান্ড",422
prod_00221,রূপচাঁদা মসুর ডাল ৫ কেজি,দালিল শস্য,"লাল মসুর ডাল, ৫ কেজি, রূপচাঁদা ব্র্যান্ড",1013
prod_00222,অর্গানিক ফার্ম মসুর ডাল ৫ কেজি,দালিল শস্য,"লাল মসুর ডাল, ৫ কেজি, অর্গানিক ফার্ম ব্র্যান্ড",878
prod_00223,অর্গানিক ফার্ম মসুর ডাল ২ কেজি,দালিল শস্য,"লাল মসুর ডাল, ২ কেজি, অর্গানিক ফার্ম ব্র্যান্ড",403
prod_00224,অর্গানিক ফার্ম মসুর ডাল ৫০০ গ্রাম,দালিল শস্য,"লাল মসুর ডাল, ৫০০ গ্রাম, অর্গানিক ফার্ম ব্র্যান্ড",136
prod_00225,ড্যানিশ মুগ ডাল ৫০০ গ্রাম,দালিল শস্য,"সবুজ মুগ ডাল, ৫০০ গ্রাম, ড্যানিশ ব্র্যান্ড",124
prod_00226,ড্যানিশ মুগ ডাল ১ কেজি,দালিল শস্য,"সবুজ মুগ ডাল, ১ কেজি, ড্যানিশ ব্র্যান্ড",219
prod_00227,ড্যানিশ মুগ ডাল ৫ কেজি,দালিল শস্য,"সবুজ মুগ ডাল, ৫ কেজি, ড্যানিশ ব্র্যান্ড",969
prod_00228,কাজী ফার্মস মুগ ডাল ২ কেজি,দালিল শস্য,"সবুজ মুগ ডাল, ২ কেজি, কাজী ফার্মস ব্র্যান্ড",433
prod_00229,কাজী ফার্মস মুগ ডাল ৫০০ গ্রাম,দালিল শস্য,"সবুজ মুগ ডাল, ৫০০ গ্রাম, কাজী ফার্মস ব্র্যান্ড",137
prod_00230,কাজী ফার্মস মুগ ডাল ৫ কেজি,দালিল শস্য,"সবুজ মুগ ডাল, ৫ কেজি, কাজী ফার্মস ব্র্যান্ড",943
prod_00231,মিল্কভিটা মুগ ডাল ২ কেজি,দালিল শস্য,"সবুজ মুগ ডাল, ২ কেজি, মিল্কভিটা ব্র্যান্ড",411
prod_00232,মিল্কভিটা মুগ ডাল ২৫০ গ্রাম,দালিল শস্য,"সবুজ মুগ ডাল, ২৫০ গ্রাম, মিল্কভিটা ব্র্যান্ড",57
prod_00233,মিল্কভিটা মুগ ডাল ৫ কেজি,দালিল শস্য,"সবুজ মুগ ডাল, ৫ কেজি, মিল্কভিটা ব্র্যান্ড",930
prod_00234,সুরভি মুগ ডাল ২৫০ গ্রাম,দালিল শস্য,"সবুজ মুগ ডাল, ২৫০ গ্রাম, সুরভি ব্র্যান্ড",60
prod_00235,সুরভি মুগ ডাল ১ কেজি,দালিল শস্য,"সবুজ মুগ ডাল, ১ কেজি, সুরভি ব্র্যান্ড",222
prod_00236,সুরভি মুগ ডাল ৫০০ গ্রাম,দালিল শস্য,"সবুজ মুগ ডাল, ৫০০ গ্রাম, সুরভি ব্র্যান্ড",120
prod_00237,রূপচাঁদা মুগ ডাল ২ কেজি,দালিল শস্য,"সবুজ মুগ ডাল, ২ কেজি, রূপচাঁদা ব্র্যান্ড",380
prod_00238,রূপচাঁদা মুগ ডাল ১ কেজি,দালিল শস্য,"সবুজ মুগ ডাল, ১ কেজি, রূপচাঁদা ব্র্যান্ড",206
prod_00239,রূপচাঁদা মুগ ডাল ৫০০ গ্রাম,দালিল শস্য,"সবুজ মুগ ডাল, ৫০০ গ্রাম, রূপচাঁদা ব্র্যান্ড",112
prod_00240,কাজী ফার্মস ছোলা ২৫০ গ্রাম,দালিল শস্য,"ছোট ছোলা, ২৫০ গ্রাম, কাজী ফার্মস ব্র্যান্ড",51
prod_00241,কাজী ফার্মস ছোলা ৫ কেজি,দালিল শস্য,"ছোট ছোলা, ৫ কেজি, কাজী ফার্মস ব্র্যান্ড",745
prod_00242,কাজী ফার্মস ছোলা ২ কেজি,দালিল শস্য,"ছোট ছোলা, ২ কেজি, কাজী ফার্মস ব্র্যান্ড",327
prod_00243,আরকু ছোলা ৫০০ গ্রাম,দালিল শস্য,"ছোট ছোলা, ৫০০ গ্রাম, আরকু ব্র্যান্ড",101
prod_00244,আরকু ছোলা ২ কেজি,দালিল শস্য,"ছোট ছোলা, ২ কেজি, আরকু ব্র্যান্ড",383
prod_00245,আরকু ছোলা ১ কেজি,দালিল শস্য,"ছোট ছোলা, ১ কেজি, আরকু ব্র্যান্ড",196
prod_00246,মেঘনা ছোলা ১ কেজি,দালিল শস্য,"ছোট ছোলা, ১ কেজি, মেঘনা ব্র্যান্ড",202
prod_00247,মেঘনা ছোলা ৫ কেজি,দালিল শস্য,"ছোট ছোলা, ৫ কেজি, মেঘনা ব্র্যান্ড",901
prod_00248,মেঘনা ছোলা ২৫০ গ্রাম,দালিল শস্য,"ছোট ছোলা, ২৫০ গ্রাম, মেঘনা ব্র্যান্ড",57
prod_00249,সুরভি ছোলা ৫০০ গ্রাম,দালিল শস্য,"ছোট ছোলা, ৫০০ গ্রাম, সুরভি ব্র্যান্ড",111
prod_00250,সুরভি ছোলা ১ কেজি,দালিল শস্য,"ছোট ছোলা, ১ কেজি, সুরভি ব্র্যান্ড",214
prod_00251,সুরভি ছোলা ২৫০ গ্রাম,দালিল শস্য,"ছোট ছোলা, ২৫০ গ্রাম, সুরভি ব্র্যান্ড",55
prod_00252,রাধুনী ছোলা ২ কেজি,দালিল শস্য,"ছোট ছোলা, ২ কেজি, রাধুনী ব্র্যান্ড",330
prod_00253,রাধুনী ছোলা ৫ কেজি,দালিল শস্য,"ছোট ছোলা, ৫ কেজি, রাধুনী ব্র্যান্ড",840
prod_00254,রাধুনী ছোলা ১ কেজি,দালিল শস্য,"ছোট ছোলা, ১ কেজি, রাধুনী ব্র্যান্ড",211
prod_00255,সুরভি অড়হর ডাল ১ কেজি,দালিল শস্য,"অড়হর ডাল, ১ কেজি, সুরভি ব্র্যান্ড",245
prod_00256,সুরভি অড়হর ডাল ২ কেজি,দালিল শস্য,"অড়হর ডাল, ২ কেজি, সুরভি ব্র্যান্ড",448
prod_00257,সুরভি অড়হর ডাল ৫ কেজি,দালিল শস্য,"অড়হর ডাল, ৫ কেজি, সুরভি ব্র্যান্ড",1016
prod_00258,ফ্রেশ অড়হর ডাল ২ কেজি,দালিল শস্য,"অড়হর ডাল, ২ কেজি, ফ্রেশ ব্র্যান্ড",442
prod_00259,ফ্রেশ অড়হর ডাল ৫ কেজি,দালিল শস্য,"অড়হর ডাল, ৫ কেজি, ফ্রেশ ব্র্যান্ড",1021
prod_00260,ফ্রেশ অড়হর ডাল ২৫০ গ্রাম,দালিল শস্য,"অড়হর ডাল, ২৫০ গ্রাম, ফ্রেশ ব্র্যান্ড",75
prod_00261,ACI অড়হর ডাল ২ কেজি,দালিল শস্য,"অড়হর ডাল, ২ কেজি, ACI ব্র্যান্ড",418
prod_00262,ACI অড়হর ডাল ৫০০ গ্রাম,দালিল শস্য,"অড়হর ডাল, ৫০০ গ্রাম, ACI ব্র্যান্ড",140
prod_00263,ACI অড়হর ডাল ৫ কেজি,দালিল শস্য,"অড়হর ডাল, ৫ কেজি, ACI ব্র্যান্ড",1081
prod_00264,মিল্কভিটা অড়হর ডাল ৫ কেজি,দালিল শস্য,"অড়হর ডাল, ৫ কেজি, মিল্কভিটা ব্র্যান্ড",1036
prod_00265,মিল্কভিটা অড়হর ডাল ২ কেজি,দালিল শস্য,"অড়হর ডাল, ২ কেজি, মিল্কভিটা ব্র্যান্ড",468
prod_00266,মিল্কভিটা অড়হর ডাল ৫০০ গ্রাম,দালিল শস্য,"অড়হর ডাল, ৫০০ গ্রাম, মিল্কভিটা ব্র্যান্ড",133
prod_00267,আরকু অড়হর ডাল ৫০০ গ্রাম,দালিল শস্য,"অড়হর ডাল, ৫০০ গ্রাম, আরকু ব্র্যান্ড",150
prod_00268,আরকু অড়হর ডাল ২৫০ গ্রাম,দালিল শস্য,"অড়হর ডাল, ২৫০ গ্রাম, আরকু ব্র্যান্ড",66
prod_00269,আরকু অড়হর ডাল ৫ কেজি,দালিল শস্য,"অড়হর ডাল, ৫ কেজি, আরকু ব্র্যান্ড",1042
prod_00270,অর্গানিক ফার্ম খেসারি ডাল ১ কেজি,দালিল শস্য,"খেসারি ডাল, ১ কেজি, অর্গানিক ফার্ম ব্র্যান্ড",169
prod_00271,অর্গানিক ফার্ম খেসারি ডাল ৫০০ গ্রাম,দালিল শস্য,"খেসারি ডাল, ৫০০ গ্রাম, অর্গানিক ফার্ম ব্র্যান্ড",105
prod_00272,অর্গানিক ফার্ম খেসারি ডাল ২ কেজি,দালিল শস্য,"খেসারি ডাল, ২ কেজি, অর্গানিক ফার্ম ব্র্যান্ড",309
prod_00273,পূর্ণ খেসারি ডাল ৫ কেজি,দালিল শস্য,"খেসারি ডাল, ৫ কেজি, পূর্ণ ব্র্যান্ড",676
prod_00274,পূর্ণ খেসারি ডাল ১ কেজি,দালিল শস্য,"খেসারি ডাল, ১ কেজি, পূর্ণ ব্র্যান্ড",196
prod_00275,পূর্ণ খেসারি ডাল ২ কেজি,দালিল শস্য,"খেসারি ডাল, ২ কেজি, পূর্ণ ব্র্যান্ড",293
prod_00276,স্কয়ার খেসারি ডাল ২ কেজি,দালিল শস্য,"খেসারি ডাল, ২ কেজি, স্কয়ার ব্র্যান্ড",336
prod_00277,স্কয়ার খেসারি ডাল ৫ কেজি,দালিল শস্য,"খেসারি ডাল, ৫ কেজি, স্কয়ার ব্র্যান্ড",778
prod_00278,স্কয়ার খেসারি ডাল ১ কেজি,দালিল শস্য,"খেসারি ডাল, ১ কেজি, স্কয়ার ব্র্যান্ড",185
prod_00279,প্রাণ খেসারি ডাল ২ কেজি,দালিল শস্য,"খেসারি ডাল, ২ কেজি, প্রাণ ব্র্যান্ড",293
prod_00280,প্রাণ খেসারি ডাল ৫ কেজি,দালিল শস্য,"খেসারি ডাল, ৫ কেজি, প্রাণ ব্র্যান্ড",708
prod_00281,প্রাণ খেসারি ডাল ২৫০ গ্রাম,দালিল শস্য,"খেসারি ডাল, ২৫০ গ্রাম, প্রাণ ব্র্যান্ড",51
prod_00282,রূপচাঁদা খেসারি ডাল ১ কেজি,দালিল শস্য,"খেসারি ডাল, ১ কেজি, রূপচাঁদা ব্র্যান্ড",181
prod_00283,রূপচাঁদা খেসারি ডাল ৫ কেজি,দালিল শস্য,"খেসারি ডাল, ৫ কেজি, রূপচাঁদা ব্র্যান্ড",726
prod_00284,রূপচাঁদা খেসারি ডাল ৫০০ গ্রাম,দালিল শস্য,"খেসারি ডাল, ৫০০ গ্রাম, রূপচাঁদা ব্র্যান্ড",109
prod_00285,কাজী ফার্মস মাষকলাই ডাল ১ কেজি,দালিল শস্য,"কালো মাষকলাই ডাল, ১ কেজি, কাজী ফার্মস ব্র্যান্ড",224
prod_00286,কাজী ফার্মস মাষকলাই ডাল ৫ কেজি,দালিল শস্য,"কালো মাষকলাই ডাল, ৫ কেজি, কাজী ফার্মস ব্র্যান্ড",950
prod_00287,কাজী ফার্মস মাষকলাই ডাল ২৫০ গ্রাম,দালিল শস্য,"কালো মাষকলাই ডাল, ২৫০ গ্রাম, কাজী ফার্মস ব্র্যান্ড",62
prod_00288,স্কয়ার মাষকলাই ডাল ৫ কেজি,দালিল শস্য,"কালো মাষকলাই ডাল, ৫ কেজি, স্কয়ার ব্র্যান্ড",955
prod_00289,স্কয়ার মাষকলাই ডাল ৫০০ গ্রাম,দালিল শস্য,"কালো মাষকলাই ডাল, ৫০০ গ্রাম, স্কয়ার ব্র্যান্ড",134
prod_00290,স্কয়ার মাষকলাই ডাল ২৫০ গ্রাম,দালিল শস্য,"কালো মাষকলাই ডাল, ২৫০ গ্রাম, স্কয়ার ব্র্যান্ড",70
prod_00291,মেঘনা মাষকলাই ডাল ৫ কেজি,দালিল শস্য,"কালো মাষকলাই ডাল, ৫ কেজি, মেঘনা ব্র্যান্ড",1079
prod_00292,মেঘনা মাষকলাই ডাল ১ কেজি,দালিল শস্য,"কালো মাষকলাই ডাল, ১ কেজি, মেঘনা ব্র্যান্ড",233
prod_00293,মেঘনা মাষকলাই ডাল ২৫০ গ্রাম,দালিল শস্য,"কালো মাষকলাই ডাল, ২৫০ গ্রাম, মেঘনা ব্র্যান্ড",65
prod_00294,ইগলু মাষকলাই ডাল ১ কেজি,দালিল শস্য,"কালো মাষকলাই ডাল, ১ কেজি, ইগলু ব্র্যান্ড",244
prod_00295,ইগলু মাষকলাই ডাল ২৫০ গ্রাম,দালিল শস্য,"কালো মাষকলাই ডাল, ২৫০ গ্রাম, ইগলু ব্র্যান্ড",64
prod_00296,ইগলু মাষকলাই ডাল ৫ কেজি,দালিল শস্য,"কালো মাষকলাই ডাল, ৫ কেজি, ইগলু ব্র্যান্ড",1108
prod_00297,বসুন্ধরা মাষকলাই ডাল ৫ কেজি,দালিল শস্য,"কালো মাষকলাই ডাল, ৫ কেজি, বসুন্ধরা ব্র্যান্ড",1102
prod_00298,বসুন্ধরা মাষকলাই ডাল ১ কেজি,দালিল শস্য,"কালো মাষকলাই ডাল, ১ কেজি, বসুন্ধরা ব্র্যান্ড",249
prod_00299,বসুন্ধরা মাষকলাই ডাল ২ কেজি,দালিল শস্য,"কালো মাষকলাই ডাল, ২ কেজি, বসুন্ধরা ব্র্যান্ড",453
prod_00300,ফ্রেশ বুটের ডাল ২ কেজি,দালিল শস্য,"বুটের ডাল, ২ কেজি, ফ্রেশ ব্র্যান্ড",402
prod_00301,ফ্রেশ বুটের ডাল ১ কেজি,দালিল শস্য,"বুটের ডাল, ১ কেজি, ফ্রেশ ব্র্যান্ড",196
prod_00302,ফ্রেশ বুটের ডাল ২৫০ গ্রাম,দালিল শস্য,"বুটের ডাল, ২৫০ গ্রাম, ফ্রেশ ব্র্যান্ড",61
prod_00303,প্রাণ বুটের ডাল ২৫০ গ্রাম,দালিল শস্য,"বুটের ডাল, ২৫০ গ্রাম, প্রাণ ব্র্যান্ড",57
prod_00304,প্রাণ বুটের ডাল ৫ কেজি,দালিল শস্য,"বুটের ডাল, ৫ কেজি, প্রাণ ব্র্যান্ড",875
prod_00305,প্রাণ বুটের ডাল ৫০০ গ্রাম,দালিল শস্য,"বুটের ডাল, ৫০০ গ্রাম, প্রাণ ব্র্যান্ড",119
prod_00306,ACI বুটের ডাল ৫০০ গ্রাম,দালিল শস্য,"বুটের ডাল, ৫০০ গ্রাম, ACI ব্র্যান্ড",125
prod_00307,ACI বুটের ডাল ৫ কেজি,দালিল শস্য,"বুটের ডাল, ৫ কেজি, ACI ব্র্যান্ড",790
prod_00308,ACI বুটের ডাল ১ কেজি,দালিল শস্য,"বুটের ডাল, ১ কেজি, ACI ব্র্যান্ড",196
prod_00309,রূপচাঁদা বুটের ডাল ৫ কেজি,দালিল শস্য,"বুটের ডাল, ৫ কেজি, রূপচাঁদা ব্র্যান্ড",879
prod_00310,রূপচাঁদা বুটের ডাল ২ কেজি,দালিল শস্য,"বুটের ডাল, ২ কেজি, রূপচাঁদা ব্র্যান্ড",376
prod_00311,রূপচাঁদা বুটের ডাল ১ কেজি,দালিল শস্য,"বুটের ডাল, ১ কেজি, রূপচাঁদা ব্র্যান্ড",218
prod_00312,আফতাব বুটের ডাল ২ কেজি,দালিল শস্য,"বুটের ডাল, ২ কেজি, আফতাব ব্র্যান্ড",353
prod_00313,আফতাব বুটের ডাল ৫ কেজি,দালিল শস্য,"বুটের ডাল, ৫ কেজি, আফতাব ব্র্যান্ড",877
prod_00314,আফতাব বুটের ডাল ৫০০ গ্রাম,দালিল শস্য,"বুটের ডাল, ৫০০ গ্রাম, আফতাব ব্র্যান্ড",113
prod_00315,মিল্কভিটা রাজমা ১ কেজি,দালিল শস্য,"লাল রাজমা, ১ কেজি, মিল্কভিটা ব্র্যান্ড",273
prod_00316,মিল্কভিটা রাজমা ২৫০ গ্রাম,দালিল শস্য,"লাল রাজমা, ২৫০ গ্রাম, মিল্কভিটা ব্র্যান্ড",80
prod_00317,মিল্কভিটা রাজমা ২ কেজি,দালিল শস্য,"লাল রাজমা, ২ কেজি, মিল্কভিটা ব্র্যান্ড",476
prod_00318,আরকু রাজমা ২ কেজি,দালিল শস্য,"লাল রাজমা, ২ কেজি, আরকু ব্র্যান্ড",521
prod_00319,আরকু রাজমা ৫ কেজি,দালিল শস্য,"লাল রাজমা, ৫ কেজি, আরকু ব্র্যান্ড",1149
prod_00320,আরকু রাজমা ১ কেজি,দালিল শস্য,"লাল রাজমা, ১ কেজি, আরকু ব্র্যান্ড",272
prod_00321,ফ্রেশ রাজমা ১ কেজি,দালিল শস্য,"লাল রাজমা, ১ কেজি, ফ্রেশ ব্র্যান্ড",298
prod_00322,ফ্রেশ রাজমা ২ কেজি,দালিল শস্য,"লাল রাজমা, ২ কেজি, ফ্রেশ ব্র্যান্ড",555
prod_00323,ফ্রেশ রাজমা ২৫০ গ্রাম,দালিল শস্য,"লাল রাজমা, ২৫০ গ্রাম, ফ্রেশ ব্র্যান্ড",84
prod_00324,ম্যারিকো রাজমা ৫ কেজি,দালিল শস্য,"লাল রাজমা, ৫ কেজি, ম্যারিকো ব্র্যান্ড",1107
prod_00325,ম্যারিকো রাজমা ৫০০ গ্রাম,দালিল শস্য,"লাল রাজমা, ৫০০ গ্রাম, ম্যারিকো ব্র্যান্ড",151
prod_00326,ম্যারিকো রাজমা ২ কেজি,দালিল শস্য,"লাল রাজমা, ২ কেজি, ম্যারিকো ব্র্যান্ড",476
prod_00327,আফতাব রাজমা ১ কেজি,দালিল শস্য,"লাল রাজমা, ১ কেজি, আফতাব ব্র্যান্ড",262
prod_00328,আফতাব রাজমা ৫০০ গ্রাম,দালিল শস্য,"লাল রাজমা, ৫০০ গ্রাম, আফতাব ব্র্যান্ড",169
prod_00329,আফতাব রাজমা ২৫০ গ্রাম,দালিল শস্য,"লাল রাজমা, ২৫০ গ্রাম, আফতাব ব্র্যান্ড",81
prod_00330,মিল্কভিটা কাবুলি ছোলা ১ কেজি,দালিল শস্য,"বড় কাবুলি ছোলা, ১ কেজি, মিল্কভিটা ব্র্যান্ড",270
prod_00331,মিল্কভিটা কাবুলি ছোলা ২ কেজি,দালিল শস্য,"বড় কাবুলি ছোলা, ২ কেজি, মিল্কভিটা ব্র্যান্ড",479
prod_00332,মিল্কভিটা কাবুলি ছোলা ৫০০ গ্রাম,দালিল শস্য,"বড় কাবুলি ছোলা, ৫০০ গ্রাম, মিল্কভিটা ব্র্যান্ড",137
prod_00333,ACI কাবুলি ছোলা ২৫০ গ্রাম,দালিল শস্য,"বড় কাবুলি ছোলা, ২৫০ গ্রাম, ACI ব্র্যান্ড",72
prod_00334,ACI কাবুলি ছোলা ২ কেজি,দালিল শস্য,"বড় কাবুলি ছোলা, ২ কেজি, ACI ব্র্যান্ড",456
prod_00335,ACI কাবুলি ছোলা ১ কেজি,দালিল শস্য,"বড় কাবুলি ছোলা, ১ কেজি, ACI ব্র্যান্ড",247
prod_00336,ইগলু কাবুলি ছোলা ৫ কেজি,দালিল শস্য,"বড় কাবুলি ছোলা, ৫ কেজি, ইগলু ব্র্যান্ড",1197
prod_00337,ইগলু কাবুলি ছোলা ২৫০ গ্রাম,দালিল শস্য,"বড় কাবুলি ছোলা, ২৫০ গ্রাম, ইগলু ব্র্যান্ড",76
prod_00338,ইগলু কাবুলি ছোলা ১ কেজি,দালিল শস্য,"বড় কাবুলি ছোলা, ১ কেজি, ইগলু ব্র্যান্ড",284
prod_00339,ফ্রেশ কাবুলি ছোলা ৫০০ গ্রাম,দালিল শস্য,"বড় কাবুলি ছোলা, ৫০০ গ্রাম, ফ্রেশ ব্র্যান্ড",154
prod_00340,ফ্রেশ কাবুলি ছোলা ২ কেজি,দালিল শস্য,"বড় কাবুলি ছোলা, ২ কেজি, ফ্রেশ ব্র্যান্ড",519
prod_00341,ফ্রেশ কাবুলি ছোলা ১ কেজি,দালিল শস্য,"বড় কাবুলি ছোলা, ১ কেজি, ফ্রেশ ব্র্যান্ড",252
prod_00342,কাজী ফার্মস কাবুলি ছোলা ৫ কেজি,দালিল শস্য,"বড় কাবুলি ছোলা, ৫ কেজি, কাজী ফার্মস ব্র্যান্ড",1195
prod_00343,কাজী ফার্মস কাবুলি ছোলা ২ কেজি,দালিল শস্য,"বড় কাবুলি ছোলা, ২ কেজি, কাজী ফার্মস ব্র্যান্ড",525
prod_00344,কাজী ফার্মস কাবুলি ছোলা ১ কেজি,দালিল শস্য,"বড় কাবুলি ছোলা, ১ কেজি, কাজী ফার্মস ব্র্যান্ড",268
prod_00345,ড্যানিশ ফেলন ১ কেজি,দালিল শস্য,"সবুজ ফেলন, ১ কেজি, ড্যানিশ ব্র্যান্ড",215
prod_00346,ড্যানিশ ফেলন ২ কেজি,দালিল শস্য,"সবুজ ফেলন, ২ কেজি, ড্যানিশ ব্র্যান্ড",396
prod_00347,ড্যানিশ ফেলন ৫ কেজি,দালিল শস্য,"সবুজ ফেলন, ৫ কেজি, ড্যানিশ ব্র্যান্ড",882
prod_00348,স্কয়ার ফেলন ৫ কেজি,দালিল শস্য,"সবুজ ফেলন, ৫ কেজি, স্কয়ার ব্র্যান্ড",825
prod_00349,স্কয়ার ফেলন ২৫০ গ্রাম,দালিল শস্য,"সবুজ ফেলন, ২৫০ গ্রাম, স্কয়ার ব্র্যান্ড",57
prod_00350,স্কয়ার ফেলন ৫০০ গ্রাম,দালিল শস্য,"সবুজ ফেলন, ৫০০ গ্রাম, স্কয়ার ব্র্যান্ড",110
prod_00351,মিল্কভিটা ফেলন ২ কেজি,দালিল শস্য,"সবুজ ফেলন, ২ কেজি, মিল্কভিটা ব্র্যান্ড",412
prod_00352,মিল্কভিটা ফেলন ২৫০ গ্রাম,দালিল শস্য,"সবুজ ফেলন, ২৫০ গ্রাম, মিল্কভিটা ব্র্যান্ড",59
prod_00353,মিল্কভিটা ফেলন ১ কেজি,দালিল শস্য,"সবুজ ফেলন, ১ কেজি, মিল্কভিটা ব্র্যান্ড",196
prod_00354,ফ্রেশ ফেলন ৫ কেজি,দালিল শস্য,"সবুজ ফেলন, ৫ কেজি, ফ্রেশ ব্র্যান্ড",946
prod_00355,ফ্রেশ ফেলন ১ কেজি,দালিল শস্য,"সবুজ ফেলন, ১ কেজি, ফ্রেশ ব্র্যান্ড",221
prod_00356,ফ্রেশ ফেলন ২ কেজি,দালিল শস্য,"সবুজ ফেলন, ২ কেজি, ফ্রেশ ব্র্যান্ড",403
prod_00357,ইস্পাহানি ফেলন ৫০০ গ্রাম,দালিল শস্য,"সবুজ ফেলন, ৫০০ গ্রাম, ইস্পাহানি ব্র্যান্ড",111
prod_00358,ইস্পাহানি ফেলন ১ কেজি,দালিল শস্য,"সবুজ ফেলন, ১ কেজি, ইস্পাহানি ব্র্যান্ড",206
prod_00359,ইস্পাহানি ফেলন ২ কেজি,দালিল শস্য,"সবুজ ফেলন, ২ কেজি, ইস্পাহানি ব্র্যান্ড",413
prod_00360,রূপচাঁদা সয়াবিন তেল ১ লিটার,রান্নার তেল,"বিশুদ্ধ সয়াবিন তেল, ১ লিটার, রূপচাঁদা ব্র্যান্ড",494
prod_00361,রূপচাঁদা সয়াবিন তেল ২৫০ মিলি,রান্নার তেল,"বিশুদ্ধ সয়াবিন তেল, ২৫০ মিলি, রূপচাঁদা ব্র্যান্ড",132
prod_00362,রূপচাঁদা সয়াবিন তেল ৫ লিটার,রান্নার তেল,"বিশুদ্ধ সয়াবিন তেল, ৫ লিটার, রূপচাঁদা ব্র্যান্ড",2093
prod_00363,ফ্রেশ সয়াবিন তেল ২৫০ মিলি,রান্নার তেল,"বিশুদ্ধ সয়াবিন তেল, ২৫০ মিলি, ফ্রেশ ব্র্যান্ড",144
prod_00364,ফ্রেশ সয়াবিন তেল ২ লিটার,রান্নার তেল,"বিশুদ্ধ সয়াবিন তেল, ২ লিটার, ফ্রেশ ব্র্যান্ড",833
prod_00365,ফ্রেশ সয়াবিন তেল ৫ লিটার,রান্নার তেল,"বিশুদ্ধ সয়াবিন তেল, ৫ লিটার, ফ্রেশ ব্র্যান্ড",2129
prod_00366,প্রাণ সয়াবিন তেল ১ লিটার,রান্নার তেল,"বিশুদ্ধ সয়াবিন তেল, ১ লিটার, প্রাণ ব্র্যান্ড",537
prod_00367,প্রাণ সয়াবিন তেল ৫ লিটার,রান্নার তেল,"বিশুদ্ধ সয়াবিন তেল, ৫ লিটার, প্রাণ ব্র্যান্ড",2148
prod_00368,প্রাণ সয়াবিন তেল ৫০০ মিলি,রান্নার তেল,"বিশুদ্ধ সয়াবিন তেল, ৫০০ মিলি, প্রাণ ব্র্যান্ড",265
prod_00369,সুরভি সয়াবিন তেল ৫ লিটার,রান্নার তেল,"বিশুদ্ধ সয়াবিন তেল, ৫ লিটার, সুরভি ব্র্যান্ড",1838
prod_00370,সুরভি সয়াবিন তেল ৫০০ মিলি,রান্নার তেল,"বিশুদ্ধ সয়াবিন তেল, ৫০০ মিলি, সুরভি ব্র্যান্ড",285
prod_00371,সুরভি সয়াবিন তেল ২ লিটার,রান্নার তেল,"বিশুদ্ধ সয়াবিন তেল, ২ লিটার, সুরভি ব্র্যান্ড",940
prod_00372,ইস্পাহানি সয়াবিন তেল ৫০০ মিলি,রান্নার তেল,"বিশুদ্ধ সয়াবিন তেল, ৫০০ মিলি, ইস্পাহানি ব্র্যান্ড",295
prod_00373,ইস্পাহানি সয়াবিন তেল ২৫০ মিলি,রান্নার তেল,"বিশুদ্ধ সয়াবিন তেল, ২৫০ মিলি, ইস্পাহানি ব্র্যান্ড",149
prod_00374,ইস্পাহানি সয়াবিন তেল ৫ লিটার,রান্নার তেল,"বিশুদ্ধ সয়াবিন তেল, ৫ লিটার, ইস্পাহানি ব্র্যান্ড",1897
prod_00375,আফতাব সরিষার তেল ৫ লিটার,রান্নার তেল,"ঐতিহ্যবাহী সরিষার তেল, ৫ লিটার, আফতাব ব্র্যান্ড",1038
prod_00376,আফতাব সরিষার তেল ২ লিটার,রান্নার তেল,"ঐতিহ্যবাহী সরিষার তেল, ২ লিটার, আফতাব ব্র্যান্ড",478
prod_00377,আফতাব সরিষার তেল ২৫০ মিলি,রান্নার তেল,"ঐতিহ্যবাহী সরিষার তেল, ২৫০ মিলি, আফতাব ব্র্যান্ড",72
prod_00378,বসুন্ধরা সরিষার তেল ৫ লিটার,রান্নার তেল,"ঐতিহ্যবাহী সরিষার তেল, ৫ লিটার, বসুন্ধরা ব্র্যান্ড",1140
prod_00379,বসুন্ধরা সরিষার তেল ২ লিটার,রান্নার তেল,"ঐতিহ্যবাহী সরিষার তেল, ২ লিটার, বসুন্ধরা ব্র্যান্ড",515
prod_00380,বসুন্ধরা সরিষার তেল ৫০০ মিলি,রান্নার তেল,"ঐতিহ্যবাহী সরিষার তেল, ৫০০ মিলি, বসুন্ধরা ব্র্যান্ড",164
prod_00381,প্রাণ সরিষার তেল ৫০০ মিলি,রান্নার তেল,"ঐতিহ্যবাহী সরিষার তেল, ৫০০ মিলি, প্রাণ ব্র্যান্ড",160
prod_00382,প্রাণ সরিষার তেল ২ লিটার,রান্নার তেল,"ঐতিহ্যবাহী সরিষার তেল, ২ লিটার, প্রাণ ব্র্যান্ড",471
prod_00383,প্রাণ সরিষার তেল ২৫০ মিলি,রান্নার তেল,"ঐতিহ্যবাহী সরিষার তেল, ২৫০ মিলি, প্রাণ ব্র্যান্ড",72
prod_00384,ACI সরিষার তেল ২ লিটার,রান্নার তেল,"ঐতিহ্যবাহী সরিষার তেল, ২ লিটার, ACI ব্র্যান্ড",526
prod_00385,ACI সরিষার তেল ৫ লিটার,রান্নার তেল,"ঐতিহ্যবাহী সরিষার তেল, ৫ লিটার, ACI ব্র্যান্ড",1111
prod_00386,ACI সরিষার তেল ৫০০ মিলি,রান্নার তেল,"ঐতিহ্যবাহী সরিষার তেল, ৫০০ মিলি, ACI ব্র্যান্ড",154
prod_00387,অর্গানিক ফার্ম সরিষার তেল ৫০০ মিলি,রান্নার তেল,"ঐতিহ্যবাহী সরিষার তেল, ৫০০ মিলি, অর্গানিক ফার্ম ব্র্যান্ড",138
prod_00388,অর্গানিক ফার্ম সরিষার তেল ২ লিটার,রান্নার তেল,"ঐতিহ্যবাহী সরিষার তেল, ২ লিটার, অর্গানিক ফার্ম ব্র্যান্ড",524
prod_00389,অর্গানিক ফার্ম সরিষার তেল ২৫০ মিলি,রান্নার তেল,"ঐতিহ্যবাহী সরিষার তেল, ২৫০ মিলি, অর্গানিক ফার্ম ব্র্যান্ড",72
prod_00390,ফ্রেশ অলিভ অয়েল ২৫০ মিলি,রান্নার তেল,"এক্সট্রা ভার্জিন অলিভ অয়েল, ২৫০ মিলি, ফ্রেশ ব্র্যান্ড",241
prod_00391,ফ্রেশ অলিভ অয়েল ৫০০ মিলি,রান্নার তেল,"এক্সট্রা ভার্জিন অলিভ অয়েল, ৫০০ মিলি, ফ্রেশ ব্র্যান্ড",492
prod_00392,ফ্রেশ অলিভ অয়েল ২ লিটার,রান্নার তেল,"এক্সট্রা ভার্জিন অলিভ অয়েল, ২ লিটার, ফ্রেশ ব্র্যান্ড",1317
prod_00393,ইগলু অলিভ অয়েল ১ লিটার,রান্নার তেল,"এক্সট্রা ভার্জিন অলিভ অয়েল, ১ লিটার, ইগলু ব্র্যান্ড",841
prod_00394,ইগলু অলিভ অয়েল ৫ লিটার,রান্নার তেল,"এক্সট্রা ভার্জিন অলিভ অয়েল, ৫ লিটার, ইগলু ব্র্যান্ড",3244
prod_00395,ইগলু অলিভ অয়েল ২ লিটার,রান্নার তেল,"এক্সট্রা ভার্জিন অলিভ অয়েল, ২ লিটার, ইগলু ব্র্যান্ড",1541
prod_00396,অর্গানিক ফার্ম অলিভ অয়েল ৫ লিটার,রান্নার তেল,"এক্সট্রা ভার্জিন অলিভ অয়েল, ৫ লিটার, অর্গানিক ফার্ম ব্র্যান্ড",3229
prod_00397,অর্গানিক ফার্ম অলিভ অয়েল ২ লিটার,রান্নার তেল,"এক্সট্রা ভার্জিন অলিভ অয়েল, ২ লিটার, অর্গানিক ফার্ম ব্র্যান্ড",1551
prod_00398,অর্গানিক ফার্ম অলিভ অয়েল ৫০০ মিলি,রান্নার তেল,"এক্সট্রা ভার্জিন অলিভ অয়েল, ৫০০ মিলি, অর্গানিক ফার্ম ব্র্যান্ড",448
prod_00399,আফতাব অলিভ অয়েল ৫ লিটার,রান্নার তেল,"এক্সট্রা ভার্জিন অলিভ অয়েল, ৫ লিটার, আফতাব ব্র্যান্ড",2878
prod_00400,আফতাব অলিভ অয়েল ২৫০ মিলি,রান্নার তেল,"এক্সট্রা ভার্জিন অলিভ অয়েল, ২৫০ মিলি, আফতাব ব্র্যান্ড",230
prod_00401,আফতাব অলিভ অয়েল ১ লিটার,রান্নার তেল,"এক্সট্রা ভার্জিন অলিভ অয়েল, ১ লিটার, আফতাব ব্র্যান্ড",878
prod_00402,মিল্কভিটা অলিভ অয়েল ৫০০ মিলি,রান্নার তেল,"এক্সট্রা ভার্জিন অলিভ অয়েল, ৫০০ মিলি, মিল্কভিটা ব্র্যান্ড",493
prod_00403,মিল্কভিটা অলিভ অয়েল ২৫০ মিলি,রান্নার তেল,"এক্সট্রা ভার্জিন অলিভ অয়েল, ২৫০ মিলি, মিল্কভিটা ব্র্যান্ড",236
prod_00404,মিল্কভিটা অলিভ অয়েল ৫ লিটার,রান্নার তেল,"এক্সট্রা ভার্জিন অলিভ অয়েল, ৫ লিটার, মিল্কভিটা ব্র্যান্ড",3278
prod_00405,ফ্রেশ নারকেল তেল ২৫০ মিলি,রান্নার তেল,"খাঁটি নারকেল তেল, ২৫০ মিলি, ফ্রেশ ব্র্যান্ড",95
prod_00406,ফ্রেশ নারকেল তেল ১ লিটার,রান্নার তেল,"খাঁটি নারকেল তেল, ১ লিটার, ফ্রেশ ব্র্যান্ড",350
prod_00407,ফ্রেশ নারকেল তেল ৫ লিটার,রান্নার তেল,"খাঁটি নারকেল তেল, ৫ লিটার, ফ্রেশ ব্র্যান্ড",1300
prod_00408,ইগলু নারকেল তেল ৫ লিটার,রান্নার তেল,"খাঁটি নারকেল তেল, ৫ লিটার, ইগলু ব্র্যান্ড",1450
prod_00409,ইগলু নারকেল তেল ২ লিটার,রান্নার তেল,"খাঁটি নারকেল তেল, ২ লিটার, ইগলু ব্র্যান্ড",599
prod_00410,ইগলু নারকেল তেল ১ লিটার,রান্নার তেল,"খাঁটি নারকেল তেল, ১ লিটার, ইগলু ব্র্যান্ড",336
prod_00411,ইস্পাহানি নারকেল তেল ৫ লিটার,রান্নার তেল,"খাঁটি নারকেল তেল, ৫ লিটার, ইস্পাহানি ব্র্যান্ড",1451
prod_00412,ইস্পাহানি নারকেল তেল ২ লিটার,রান্নার তেল,"খাঁটি নারকেল তেল, ২ লিটার, ইস্পাহানি ব্র্যান্ড",639
prod_00413,ইস্পাহানি নারকেল তেল ১ লিটার,রান্নার তেল,"খাঁটি নারকেল তেল, ১ লিটার, ইস্পাহানি ব্র্যান্ড",365
prod_00414,ACI নারকেল তেল ৫০০ মিলি,রান্নার তেল,"খাঁটি নারকেল তেল, ৫০০ মিলি, ACI ব্র্যান্ড",190
prod_00415,ACI নারকেল তেল ২ লিটার,রান্নার তেল,"খাঁটি নারকেল তেল, ২ লিটার, ACI ব্র্যান্ড",608
prod_00416,ACI নারকেল তেল ১ লিটার,রান্নার তেল,"খাঁটি নারকেল তেল, ১ লিটার, ACI ব্র্যান্ড",324
prod_00417,প্রাণ নারকেল তেল ২ লিটার,রান্নার তেল,"খাঁটি নারকেল তেল, ২ লিটার, প্রাণ ব্র্যান্ড",645
prod_00418,প্রাণ নারকেল তেল ১ লিটার,রান্নার তেল,"খাঁটি নারকেল তেল, ১ লিটার, প্রাণ ব্র্যান্ড",329
prod_00419,প্রাণ নারকেল তেল ৫ লিটার,রান্নার তেল,"খাঁটি নারকেল তেল, ৫ লিটার, প্রাণ ব্র্যান্ড",1524
prod_00420,মিল্কভিটা রাইস ব্রান তেল ১ লিটার,রান্নার তেল,"রাইস ব্রান তেল, ১ লিটার, মিল্কভিটা ব্র্যান্ড",501
prod_00421,মিল্কভিটা রাইস ব্রান তেল ৫০০ মিলি,রান্নার তেল,"রাইস ব্রান তেল, ৫০০ মিলি, মিল্কভিটা ব্র্যান্ড",239
prod_00422,মিল্কভিটা রাইস ব্রান তেল ২ লিটার,রান্নার তেল,"রাইস ব্রান তেল, ২ লিটার, মিল্কভিটা ব্র্যান্ড",812
prod_00423,ACI রাইস ব্রান তেল ১ লিটার,রান্নার তেল,"রাইস ব্রান তেল, ১ লিটার, ACI ব্র্যান্ড",448
prod_00424,ACI রাইস ব্রান তেল ৫ লিটার,রান্নার তেল,"রাইস ব্রান তেল, ৫ লিটার, ACI ব্র্যান্ড",1993
prod_00425,ACI রাইস ব্রান তেল ২ লিটার,রান্নার তেল,"রাইস ব্রান তেল, ২ লিটার, ACI ব্র্যান্ড",858
prod_00426,ড্যানিশ রাইস ব্রান তেল ১ লিটার,রান্নার তেল,"রাইস ব্রান তেল, ১ লিটার, ড্যানিশ ব্র্যান্ড",502
prod_00427,ড্যানিশ রাইস ব্রান তেল ২৫০ মিলি,রান্নার তেল,"রাইস ব্রান তেল, ২৫০ মিলি, ড্যানিশ ব্র্যান্ড",137
prod_00428,ড্যানিশ রাইস ব্রান তেল ৫ লিটার,রান্নার তেল,"রাইস ব্রান তেল, ৫ লিটার, ড্যানিশ ব্র্যান্ড",1992
prod_00429,বসুন্ধরা রাইস ব্রান তেল ৫ লিটার,রান্নার তেল,"রাইস ব্রান তেল, ৫ লিটার, বসুন্ধরা ব্র্যান্ড",1920
prod_00430,বসুন্ধরা রাইস ব্রান তেল ২ লিটার,রান্নার তেল,"রাইস ব্রান তেল, ২ লিটার, বসুন্ধরা ব্র্যান্ড",787
prod_00431,বসুন্ধরা রাইস ব্রান তেল ৫০০ মিলি,রান্নার তেল,"রাইস ব্রান তেল, ৫০০ মিলি, বসুন্ধরা ব্র্যান্ড",275
prod_00432,ইগলু রাইস ব্রান তেল ৫০০ মিলি,রান্নার তেল,"রাইস ব্রান তেল, ৫০০ মিলি, ইগলু ব্র্যান্ড",247
prod_00433,ইগলু রাইস ব্রান তেল ৫ লিটার,রান্নার তেল,"রাইস ব্রান তেল, ৫ লিটার, ইগলু ব্র্যান্ড",1913
prod_00434,ইগলু রাইস ব্রান তেল ১ লিটার,রান্নার তেল,"রাইস ব্রান তেল, ১ লিটার, ইগলু ব্র্যান্ড",493
prod_00435,তীর সানফ্লাওয়ার তেল ২৫০ মিলি,রান্নার তেল,"সানফ্লাওয়ার তেল, ২৫০ মিলি, তীর ব্র্যান্ড",138
prod_00436,তীর সানফ্লাওয়ার তেল ১ লিটার,রান্নার তেল,"সানফ্লাওয়ার তেল, ১ লিটার, তীর ব্র্যান্ড",584
prod_00437,তীর সানফ্লাওয়ার তেল ২ লিটার,রান্নার তেল,"সানফ্লাওয়ার তেল, ২ লিটার, তীর ব্র্যান্ড",926
prod_00438,ফ্রেশ সানফ্লাওয়ার তেল ২ লিটার,রান্নার তেল,"সানফ্লাওয়ার তেল, ২ লিটার, ফ্রেশ ব্র্যান্ড",889
prod_00439,ফ্রেশ সানফ্লাওয়ার তেল ৫০০ মিলি,রান্নার তেল,"সানফ্লাওয়ার তেল, ৫০০ মিলি, ফ্রেশ ব্র্যান্ড",302
prod_00440,ফ্রেশ সানফ্লাওয়ার তেল ২৫০ মিলি,রান্নার তেল,"সানফ্লাওয়ার তেল, ২৫০ মিলি, ফ্রেশ ব্র্যান্ড",164
prod_00441,আরকু সানফ্লাওয়ার তেল ৫ লিটার,রান্নার তেল,"সানফ্লাওয়ার তেল, ৫ লিটার, আরকু ব্র্যান্ড",1997
prod_00442,আরকু সানফ্লাওয়ার তেল ১ লিটার,রান্নার তেল,"সানফ্লাওয়ার তেল, ১ লিটার, আরকু ব্র্যান্ড",575
prod_00443,আরকু সানফ্লাওয়ার তেল ২৫০ মিলি,রান্নার তেল,"সানফ্লাওয়ার তেল, ২৫০ মিলি, আরকু ব্র্যান্ড",149
prod_00444,ACI সানফ্লাওয়ার তেল ১ লিটার,রান্নার তেল,"সানফ্লাওয়ার তেল, ১ লিটার, ACI ব্র্যান্ড",536
prod_00445,ACI সানফ্লাওয়ার তেল ৫ লিটার,রান্নার তেল,"সানফ্লাওয়ার তেল, ৫ লিটার, ACI ব্র্যান্ড",1921
prod_00446,ACI সানফ্লাওয়ার তেল ২৫০ মিলি,রান্নার তেল,"সানফ্লাওয়ার তেল, ২৫০ মিলি, ACI ব্র্যান্ড",157
prod_00447,ইগলু সানফ্লাওয়ার তেল ৫০০ মিলি,রান্নার তেল,"সানফ্লাওয়ার তেল, ৫০০ মিলি, ইগলু ব্র্যান্ড",291
prod_00448,ইগলু সানফ্লাওয়ার তেল ২ লিটার,রান্নার তেল,"সানফ্লাওয়ার তেল, ২ লিটার, ইগলু ব্র্যান্ড",1015
prod_00449,ইগলু সানফ্লাওয়ার তেল ১ লিটার,রান্নার তেল,"সানফ্লাওয়ার তেল, ১ লিটার, ইগলু ব্র্যান্ড",487
prod_00450,কাজী ফার্মস পাম তেল ৫ লিটার,রান্নার তেল,"পরিশোধিত পাম তেল, ৫ লিটার, কাজী ফার্মস ব্র্যান্ড",1370
prod_00451,কাজী ফার্মস পাম তেল ২ লিটার,রান্নার তেল,"পরিশোধিত পাম তেল, ২ লিটার, কাজী ফার্মস ব্র্যান্ড",530
prod_00452,কাজী ফার্মস পাম তেল ১ লিটার,রান্নার তেল,"পরিশোধিত পাম তেল, ১ লিটার, কাজী ফার্মস ব্র্যান্ড",306
prod_00453,ফ্রেশ পাম তেল ২৫০ মিলি,রান্নার তেল,"পরিশোধিত পাম তেল, ২৫০ মিলি, ফ্রেশ ব্র্যান্ড",84
prod_00454,ফ্রেশ পাম তেল ১ লিটার,রান্নার তেল,"পরিশোধিত পাম তেল, ১ লিটার, ফ্রেশ ব্র্যান্ড",295
prod_00455,ফ্রেশ পাম তেল ২ লিটার,রান্নার তেল,"পরিশোধিত পাম তেল, ২ লিটার, ফ্রেশ ব্র্যান্ড",613
prod_00456,ইগলু পাম তেল ১ লিটার,রান্নার তেল,"পরিশোধিত পাম তেল, ১ লিটার, ইগলু ব্র্যান্ড",300
prod_00457,ইগলু পাম তেল ২ লিটার,রান্নার তেল,"পরিশোধিত পাম তেল, ২ লিটার, ইগলু ব্র্যান্ড",627
prod_00458,ইগলু পাম তেল ২৫০ মিলি,রান্নার তেল,"পরিশোধিত পাম তেল, ২৫০ মিলি, ইগলু ব্র্যান্ড",86
prod_00459,মেঘনা পাম তেল ২ লিটার,রান্নার তেল,"পরিশোধিত পাম তেল, ২ লিটার, মেঘনা ব্র্যান্ড",545
prod_00460,মেঘনা পাম তেল ২৫০ মিলি,রান্নার তেল,"পরিশোধিত পাম তেল, ২৫০ মিলি, মেঘনা ব্র্যান্ড",90
prod_00461,মেঘনা পাম তেল ৫ লিটার,রান্নার তেল,"পরিশোধিত পাম তেল, ৫ লিটার, মেঘনা ব্র্যান্ড",1231
prod_00462,বসুন্ধরা পাম তেল ১ লিটার,রান্নার তেল,"পরিশোধিত পাম তেল, ১ লিটার, বসুন্ধরা ব্র্যান্ড",339
prod_00463,বসুন্ধরা পাম তেল ২ লিটার,রান্নার তেল,"পরিশোধিত পাম তেল, ২ লিটার, বসুন্ধরা ব্র্যান্ড",536
prod_00464,বসুন্ধরা পাম তেল ৫ লিটার,রান্নার তেল,"পরিশোধিত পাম তেল, ৫ লিটার, বসুন্ধরা ব্র্যান্ড",1238
prod_00465,ফ্রেশ তিলের তেল ১ লিটার,রান্নার তেল,"খাঁটি তিলের তেল, ১ লিটার, ফ্রেশ ব্র্যান্ড",623
prod_00466,ফ্রেশ তিলের তেল ৫০০ মিলি,রান্নার তেল,"খাঁটি তিলের তেল, ৫০০ মিলি, ফ্রেশ ব্র্যান্ড",331
prod_00467,ফ্রেশ তিলের তেল ২ লিটার,রান্নার তেল,"খাঁটি তিলের তেল, ২ লিটার, ফ্রেশ ব্র্যান্ড",1089
prod_00468,রূপচাঁদা তিলের তেল ১ লিটার,রান্নার তেল,"খাঁটি তিলের তেল, ১ লিটার, রূপচাঁদা ব্র্যান্ড",617
prod_00469,রূপচাঁদা তিলের তেল ৫ লিটার,রান্নার তেল,"খাঁটি তিলের তেল, ৫ লিটার, রূপচাঁদা ব্র্যান্ড",2298
prod_00470,রূপচাঁদা তিলের তেল ২৫০ মিলি,রান্নার তেল,"খাঁটি তিলের তেল, ২৫০ মিলি, রূপচাঁদা ব্র্যান্ড",161
prod_00471,ড্যানিশ তিলের তেল ২ লিটার,রান্নার তেল,"খাঁটি তিলের তেল, ২ লিটার, ড্যানিশ ব্র্যান্ড",1055
prod_00472,ড্যানিশ তিলের তেল ২৫০ মিলি,রান্নার তেল,"খাঁটি তিলের তেল, ২৫০ মিলি, ড্যানিশ ব্র্যান্ড",179
prod_00473,ড্যানিশ তিলের তেল ১ লিটার,রান্নার তেল,"খাঁটি তিলের তেল, ১ লিটার, ড্যানিশ ব্র্যান্ড",689
prod_00474,বসুন্ধরা তিলের তেল ২৫০ মিলি,রান্নার তেল,"খাঁটি তিলের তেল, ২৫০ মিলি, বসুন্ধরা ব্র্যান্ড",192
prod_00475,বসুন্ধরা তিলের তেল ১ লিটার,রান্নার তেল,"খাঁটি তিলের তেল, ১ লিটার, বসুন্ধরা ব্র্যান্ড",666
prod_00476,বসুন্ধরা তিলের তেল ৫ লিটার,রান্নার তেল,"খাঁটি তিলের তেল, ৫ লিটার, বসুন্ধরা ব্র্যান্ড",2305
prod_00477,আরকু তিলের তেল ৫ লিটার,রান্নার তেল,"খাঁটি তিলের তেল, ৫ লিটার, আরকু ব্র্যান্ড",2310
prod_00478,আরকু তিলের তেল ৫০০ মিলি,রান্নার তেল,"খাঁটি তিলের তেল, ৫০০ মিলি, আরকু ব্র্যান্ড",375
prod_00479,আরকু তিলের তেল ১ লিটার,রান্নার তেল,"খাঁটি তিলের তেল, ১ লিটার, আরকু ব্র্যান্ড",608
prod_00480,তীর আলু ৫ কেজি,শাকসবজি,"স্থানীয় আলু, ৫ কেজি, তীর ব্র্যান্ড",242
prod_00481,তীর আলু ১ কেজি,শাকসবজি,"স্থানীয় আলু, ১ কেজি, তীর ব্র্যান্ড",67
prod_00482,তীর আলু ২৫০ গ্রাম,শাকসবজি,"স্থানীয় আলু, ২৫০ গ্রাম, তীর ব্র্যান্ড",16
prod_00483,প্রাণ আলু ১ কেজি,শাকসবজি,"স্থানীয় আলু, ১ কেজি, প্রাণ ব্র্যান্ড",60
prod_00484,প্রাণ আলু ৫০০ গ্রাম,শাকসবজি,"স্থানীয় আলু, ৫০০ গ্রাম, প্রাণ ব্র্যান্ড",32
prod_00485,প্রাণ আলু ৫ কেজি,শাকসবজি,"স্থানীয় আলু, ৫ কেজি, প্রাণ ব্র্যান্ড",239
prod_00486,বসুন্ধরা আলু ২ কেজি,শাকসবজি,"স্থানীয় আলু, ২ কেজি, বসুন্ধরা ব্র্যান্ড",102
prod_00487,বসুন্ধরা আলু ২৫০ গ্রাম,শাকসবজি,"স্থানীয় আলু, ২৫০ গ্রাম, বসুন্ধরা ব্র্যান্ড",17
prod_00488,বসুন্ধরা আলু ১ কেজি,শাকসবজি,"স্থানীয় আলু, ১ কেজি, বসুন্ধরা ব্র্যান্ড",61
prod_00489,অর্গানিক ফার্ম আলু ৫ কেজি,শাকসবজি,"স্থানীয় আলু, ৫ কেজি, অর্গানিক ফার্ম ব্র্যান্ড",262
prod_00490,অর্গানিক ফার্ম আলু ২৫০ গ্রাম,শাকসবজি,"স্থানীয় আলু, ২৫০ গ্রাম, অর্গানিক ফার্ম ব্র্যান্ড",19
prod_00491,অর্গানিক ফার্ম আলু ৫০০ গ্রাম,শাকসবজি,"স্থানীয় আলু, ৫০০ গ্রাম, অর্গানিক ফার্ম ব্র্যান্ড",31
prod_00492,আফতাব আলু ৫ কেজি,শাকসবজি,"স্থানীয় আলু, ৫ কেজি, আফতাব ব্র্যান্ড",270
prod_00493,আফতাব আলু ১ কেজি,শাকসবজি,"স্থানীয় আলু, ১ কেজি, আফতাব ব্র্যান্ড",57
prod_00494,আফতাব আলু ৫০০ গ্রাম,শাকসবজি,"স্থানীয় আলু, ৫০০ গ্রাম, আফতাব ব্র্যান্ড",38
prod_00495,পূর্ণ পেঁয়াজ ২৫০ গ্রাম,শাকসবজি,"তাজা পেঁয়াজ, ২৫০ গ্রাম, পূর্ণ ব্র্যান্ড",25
prod_00496,পূর্ণ পেঁয়াজ ৫ কেজি,শাকসবজি,"তাজা পেঁয়াজ, ৫ কেজি, পূর্ণ ব্র্যান্ড",342
prod_00497,পূর্ণ পেঁয়াজ ৫০০ গ্রাম,শাকসবজি,"তাজা পেঁয়াজ, ৫০০ গ্রাম, পূর্ণ ব্র্যান্ড",47
prod_00498,ড্যানিশ পেঁয়াজ ৫ কেজি,শাকসবজি,"তাজা পেঁয়াজ, ৫ কেজি, ড্যানিশ ব্র্যান্ড",412
prod_00499,ড্যানিশ পেঁয়াজ ১ কেজি,শাকসবজি,"তাজা পেঁয়াজ, ১ কেজি, ড্যানিশ ব্র্যান্ড",90
prod_00500,ড্যানিশ পেঁয়াজ ৫০০ গ্রাম,শাকসবজি,"তাজা পেঁয়াজ, ৫০০ গ্রাম, ড্যানিশ ব্র্যান্ড",49
prod_00501,ফ্রেশ পেঁয়াজ ৫ কেজি,শাকসবজি,"তাজা পেঁয়াজ, ৫ কেজি, ফ্রেশ ব্র্যান্ড",396
prod_00502,ফ্রেশ পেঁয়াজ ২ কেজি,শাকসবজি,"তাজা পেঁয়াজ, ২ কেজি, ফ্রেশ ব্র্যান্ড",147
prod_00503,ফ্রেশ পেঁয়াজ ২৫০ গ্রাম,শাকসবজি,"তাজা পেঁয়াজ, ২৫০ গ্রাম, ফ্রেশ ব্র্যান্ড",25
prod_00504,রূপচাঁদা পেঁয়াজ ৫ কেজি,শাকসবজি,"তাজা পেঁয়াজ, ৫ কেজি, রূপচাঁদা ব্র্যান্ড",371
prod_00505,রূপচাঁদা পেঁয়াজ ৫০০ গ্রাম,শাকসবজি,"তাজা পেঁয়াজ, ৫০০ গ্রাম, রূপচাঁদা ব্র্যান্ড",47
prod_00506,রূপচাঁদা পেঁয়াজ ২ কেজি,শাকসবজি,"তাজা পেঁয়াজ, ২ কেজি, রূপচাঁদা ব্র্যান্ড",154
prod_00507,ইগলু পেঁয়াজ ২ কেজি,শাকসবজি,"তাজা পেঁয়াজ, ২ কেজি, ইগলু ব্র্যান্ড",167
prod_00508,ইগলু পেঁয়াজ ৫ কেজি,শাকসবজি,"তাজা পেঁয়াজ, ৫ কেজি, ইগলু ব্র্যান্ড",360
prod_00509,ইগলু পেঁয়াজ ৫০০ গ্রাম,শাকসবজি,"তাজা পেঁয়াজ, ৫০০ গ্রাম, ইগলু ব্র্যান্ড",48
prod_00510,বসুন্ধরা রসুন ২৫০ গ্রাম,শাকসবজি,"সাদা রসুন, ২৫০ গ্রাম, বসুন্ধরা ব্র্যান্ড",39
prod_00511,বসুন্ধরা রসুন ৫ কেজি,শাকসবজি,"সাদা রসুন, ৫ কেজি, বসুন্ধরা ব্র্যান্ড",629
prod_00512,বসুন্ধরা রসুন ২ কেজি,শাকসবজি,"সাদা রসুন, ২ কেজি, বসুন্ধরা ব্র্যান্ড",249
prod_00513,মেঘনা রসুন ৫০০ গ্রাম,শাকসবজি,"সাদা রসুন, ৫০০ গ্রাম, মেঘনা ব্র্যান্ড",87
prod_00514,মেঘনা রসুন ২৫০ গ্রাম,শাকসবজি,"সাদা রসুন, ২৫০ গ্রাম, মেঘনা ব্র্যান্ড",40
prod_00515,মেঘনা রসুন ১ কেজি,শাকসবজি,"সাদা রসুন, ১ কেজি, মেঘনা ব্র্যান্ড",148
prod_00516,তীর রসুন ২ কেজি,শাকসবজি,"সাদা রসুন, ২ কেজি, তীর ব্র্যান্ড",278
prod_00517,তীর রসুন ১ কেজি,শাকসবজি,"সাদা রসুন, ১ কেজি, তীর ব্র্যান্ড",141
prod_00518,তীর রসুন ৫ কেজি,শাকসবজি,"সাদা রসুন, ৫ কেজি, তীর ব্র্যান্ড",649
prod_00519,রূপচাঁদা রসুন ২৫০ গ্রাম,শাকসবজি,"সাদা রসুন, ২৫০ গ্রাম, রূপচাঁদা ব্র্যান্ড",38
prod_00520,রূপচাঁদা রসুন ১ কেজি,শাকসবজি,"সাদা রসুন, ১ কেজি, রূপচাঁদা ব্র্যান্ড",132
prod_00521,রূপচাঁদা রসুন ২ কেজি,শাকসবজি,"সাদা রসুন, ২ কেজি, রূপচাঁদা ব্র্যান্ড",256
prod_00522,রাধুনী রসুন ৫০০ গ্রাম,শাকসবজি,"সাদা রসুন, ৫০০ গ্রাম, রাধুনী ব্র্যান্ড",85
prod_00523,রাধুনী রসুন ২ কেজি,শাকসবজি,"সাদা রসুন, ২ কেজি, রাধুনী ব্র্যান্ড",248
prod_00524,রাধুনী রসুন ২৫০ গ্রাম,শাকসবজি,"সাদা রসুন, ২৫০ গ্রাম, রাধুনী ব্র্যান্ড",40
prod_00525,ফ্রেশ টমেটো ৫ কেজি,শাকসবজি,"পাকা টমেটো, ৫ কেজি, ফ্রেশ ব্র্যান্ড",386
prod_00526,ফ্রেশ টমেটো ১ কেজি,শাকসবজি,"পাকা টমেটো, ১ কেজি, ফ্রেশ ব্র্যান্ড",103
prod_00527,ফ্রেশ টমেটো ২৫০ গ্রাম,শাকসবজি,"পাকা টমেটো, ২৫০ গ্রাম, ফ্রেশ ব্র্যান্ড",26
prod_00528,বসুন্ধরা টমেটো ১ কেজি,শাকসবজি,"পাকা টমেটো, ১ কেজি, বসুন্ধরা ব্র্যান্ড",92
prod_00529,বসুন্ধরা টমেটো ৫ কেজি,শাকসবজি,"পাকা টমেটো, ৫ কেজি, বসুন্ধরা ব্র্যান্ড",383
prod_00530,বসুন্ধরা টমেটো ২৫০ গ্রাম,শাকসবজি,"পাকা টমেটো, ২৫০ গ্রাম, বসুন্ধরা ব্র্যান্ড",28
prod_00531,সুরভি টমেটো ২৫০ গ্রাম,শাকসবজি,"পাকা টমেটো, ২৫০ গ্রাম, সুরভি ব্র্যান্ড",28
prod_00532,সুরভি টমেটো ৫০০ গ্রাম,শাকসবজি,"পাকা টমেটো, ৫০০ গ্রাম, সুরভি ব্র্যান্ড",49
prod_00533,সুরভি টমেটো ১ কেজি,শাকসবজি,"পাকা টমেটো, ১ কেজি, সুরভি ব্র্যান্ড",103
prod_00534,ড্যানিশ টমেটো ৫০০ গ্রাম,শাকসবজি,"পাকা টমেটো, ৫০০ গ্রাম, ড্যানিশ ব্র্যান্ড",54
prod_00535,ড্যানিশ টমেটো ২ কেজি,শাকসবজি,"পাকা টমেটো, ২ কেজি, ড্যানিশ ব্র্যান্ড",163
prod_00536,ড্যানিশ টমেটো ৫ কেজি,শাকসবজি,"পাকা টমেটো, ৫ কেজি, ড্যানিশ ব্র্যান্ড",396
prod_00537,প্রাণ টমেটো ১ কেজি,শাকসবজি,"পাকা টমেটো, ১ কেজি, প্রাণ ব্র্যান্ড",92
prod_00538,প্রাণ টমেটো ২৫০ গ্রাম,শাকসবজি,"পাকা টমেটো, ২৫০ গ্রাম, প্রাণ ব্র্যান্ড",28
prod_00539,প্রাণ টমেটো ২ কেজি,শাকসবজি,"পাকা টমেটো, ২ কেজি, প্রাণ ব্র্যান্ড",160
prod_00540,রাধুনী শসা ৫ কেজি,শাকসবজি,"তাজা শসা, ৫ কেজি, রাধুনী ব্র্যান্ড",286
prod_00541,রাধুনী শসা ২ কেজি,শাকসবজি,"তাজা শসা, ২ কেজি, রাধুনী ব্র্যান্ড",134
prod_00542,রাধুনী শসা ৫০০ গ্রাম,শাকসবজি,"তাজা শসা, ৫০০ গ্রাম, রাধুনী ব্র্যান্ড",36
prod_00543,বসুন্ধরা শসা ২ কেজি,শাকসবজি,"তাজা শসা, ২ কেজি, বসুন্ধরা ব্র্যান্ড",132
prod_00544,বসুন্ধরা শসা ২৫০ গ্রাম,শাকসবজি,"তাজা শসা, ২৫০ গ্রাম, বসুন্ধরা ব্র্যান্ড",20
prod_00545,বসুন্ধরা শসা ৫০০ গ্রাম,শাকসবজি,"তাজা শসা, ৫০০ গ্রাম, বসুন্ধরা ব্র্যান্ড",40
prod_00546,ইগলু শসা ১ কেজি,শাকসবজি,"তাজা শসা, ১ কেজি, ইগলু ব্র্যান্ড",70
prod_00547,ইগলু শসা ২৫০ গ্রাম,শাকসবজি,"তাজা শসা, ২৫০ গ্রাম, ইগলু ব্র্যান্ড",20
prod_00548,ইগলু শসা ২ কেজি,শাকসবজি,"তাজা শসা, ২ কেজি, ইগলু ব্র্যান্ড",115
prod_00549,ড্যানিশ শসা ১ কেজি,শাকসবজি,"তাজা শসা, ১ কেজি, ড্যানিশ ব্র্যান্ড",75
prod_00550,ড্যানিশ শসা ৫০০ গ্রাম,শাকসবজি,"তাজা শসা, ৫০০ গ্রাম, ড্যানিশ ব্র্যান্ড",38
prod_00551,ড্যানিশ শসা ২৫০ গ্রাম,শাকসবজি,"তাজা শসা, ২৫০ গ্রাম, ড্যানিশ ব্র্যান্ড",18
prod_00552,রূপচাঁদা শসা ২ কেজি,শাকসবজি,"তাজা শসা, ২ কেজি, রূপচাঁদা ব্র্যান্ড",118
prod_00553,রূপচাঁদা শসা ৫ কেজি,শাকসবজি,"তাজা শসা, ৫ কেজি, রূপচাঁদা ব্র্যান্ড",301
prod_00554,রূপচাঁদা শসা ২৫০ গ্রাম,শাকসবজি,"তাজা শসা, ২৫০ গ্রাম, রূপচাঁদা ব্র্যান্ড",18
prod_00555,কাজী ফার্মস গাজর ২ কেজি,শাকসবজি,"হলুদ গাজর, ২ কেজি, কাজী ফার্মস ব্র্যান্ড",121
prod_00556,কাজী ফার্মস গাজর ২৫০ গ্রাম,শাকসবজি,"হলুদ গাজর, ২৫০ গ্রাম, কাজী ফার্মস ব্র্যান্ড",18
prod_00557,কাজী ফার্মস গাজর ৫০০ গ্রাম,শাকসবজি,"হলুদ গাজর, ৫০০ গ্রাম, কাজী ফার্মস ব্র্যান্ড",35
prod_00558,মেঘনা গাজর ৫ কেজি,শাকসবজি,"হলুদ গাজর, ৫ কেজি, মেঘনা ব্র্যান্ড",269
prod_00559,মেঘনা গাজর ২ কেজি,শাকসবজি,"হলুদ গাজর, ২ কেজি, মেঘনা ব্র্যান্ড",107
prod_00560,মেঘনা গাজর ১ কেজি,শাকসবজি,"হলুদ গাজর, ১ কেজি, মেঘনা ব্র্যান্ড",61
prod_00561,রাধুনী গাজর ১ কেজি,শাকসবজি,"হলুদ গাজর, ১ কেজি, রাধুনী ব্র্যান্ড",62
prod_00562,রাধুনী গাজর ৫০০ গ্রাম,শাকসবজি,"হলুদ গাজর, ৫০০ গ্রাম, রাধুনী ব্র্যান্ড",36
prod_00563,রাধুনী গাজর ৫ কেজি,শাকসবজি,"হলুদ গাজর, ৫ কেজি, রাধুনী ব্র্যান্ড",255
prod_00564,পূর্ণ গাজর ২ কেজি,শাকসবজি,"হলুদ গাজর, ২ কেজি, পূর্ণ ব্র্যান্ড",110
prod_00565,পূর্ণ গাজর ২৫০ গ্রাম,শাকসবজি,"হলুদ গাজর, ২৫০ গ্রাম, পূর্ণ ব্র্যান্ড",17
prod_00566,পূর্ণ গাজর ৫ কেজি,শাকসবজি,"হলুদ গাজর, ৫ কেজি, পূর্ণ ব্র্যান্ড",240
prod_00567,আরকু গাজর ১ কেজি,শাকসবজি,"হলুদ গাজর, ১ কেজি, আরকু ব্র্যান্ড",60
prod_00568,আরকু গাজর ৫ কেজি,শাকসবজি,"হলুদ গাজর, ৫ কেজি, আরকু ব্র্যান্ড",245
prod_00569,আরকু গাজর ২৫০ গ্রাম,শাকসবজি,"হলুদ গাজর, ২৫০ গ্রাম, আরকু ব্র্যান্ড",17
prod_00570,ফ্রেশ বাঁধাকপি ১ কেজি,শাকসবজি,"তাজা বাঁধাকপি, ১ কেজি, ফ্রেশ ব্র্যান্ড",49
prod_00571,ফ্রেশ বাঁধাকপি ৫০০ গ্রাম,শাকসবজি,"তাজা বাঁধাকপি, ৫০০ গ্রাম, ফ্রেশ ব্র্যান্ড",28
prod_00572,ফ্রেশ বাঁধাকপি ২৫০ গ্রাম,শাকসবজি,"তাজা বাঁধাকপি, ২৫০ গ্রাম, ফ্রেশ ব্র্যান্ড",14
prod_00573,আফতাব বাঁধাকপি ৫০০ গ্রাম,শাকসবজি,"তাজা বাঁধাকপি, ৫০০ গ্রাম, আফতাব ব্র্যান্ড",32
prod_00574,আফতাব বাঁধাকপি ২৫০ গ্রাম,শাকসবজি,"তাজা বাঁধাকপি, ২৫০ গ্রাম, আফতাব ব্র্যান্ড",15
prod_00575,আফতাব বাঁধাকপি ২ কেজি,শাকসবজি,"তাজা বাঁধাকপি, ২ কেজি, আফতাব ব্র্যান্ড",95
prod_00576,মিল্কভিটা বাঁধাকপি ৫ কেজি,শাকসবজি,"তাজা বাঁধাকপি, ৫ কেজি, মিল্কভিটা ব্র্যান্ড",244
prod_00577,মিল্কভিটা বাঁধাকপি ২ কেজি,শাকসবজি,"তাজা বাঁধাকপি, ২ কেজি, মিল্কভিটা ব্র্যান্ড",97
prod_00578,মিল্কভিটা বাঁধাকপি ১ কেজি,শাকসবজি,"তাজা বাঁধাকপি, ১ কেজি, মিল্কভিটা ব্র্যান্ড",55
prod_00579,ম্যারিকো বাঁধাকপি ৫ কেজি,শাকসবজি,"তাজা বাঁধাকপি, ৫ কেজি, ম্যারিকো ব্র্যান্ড",216
prod_00580,ম্যারিকো বাঁধাকপি ১ কেজি,শাকসবজি,"তাজা বাঁধাকপি, ১ কেজি, ম্যারিকো ব্র্যান্ড",53
prod_00581,ম্যারিকো বাঁধাকপি ২ কেজি,শাকসবজি,"তাজা বাঁধাকপি, ২ কেজি, ম্যারিকো ব্র্যান্ড",95
prod_00582,মেঘনা বাঁধাকপি ১ কেজি,শাকসবজি,"তাজা বাঁধাকপি, ১ কেজি, মেঘনা ব্র্যান্ড",49
prod_00583,মেঘনা বাঁধাকপি ৫ কেজি,শাকসবজি,"তাজা বাঁধাকপি, ৫ কেজি, মেঘনা ব্র্যান্ড",225
prod_00584,মেঘনা বাঁধাকপি ২ কেজি,শাকসবজি,"তাজা বাঁধাকপি, ২ কেজি, মেঘনা ব্র্যান্ড",92
prod_00585,ইগলু পালং শাক ২৫০ গ্রাম,শাকসবজি,"তাজা পালং শাক, ২৫০ গ্রাম, ইগলু ব্র্যান্ড",22
prod_00586,ইগলু পালং শাক ৫ কেজি,শাকসবজি,"তাজা পালং শাক, ৫ কেজি, ইগলু ব্র্যান্ড",329
prod_00587,ইগলু পালং শাক ১ কেজি,শাকসবজি,"তাজা পালং শাক, ১ কেজি, ইগলু ব্র্যান্ড",82
prod_00588,আরকু পালং শাক ২৫০ গ্রাম,শাকসবজি,"তাজা পালং শাক, ২৫০ গ্রাম, আরকু ব্র্যান্ড",23
prod_00589,আরকু পালং শাক ২ কেজি,শাকসবজি,"তাজা পালং শাক, ২ কেজি, আরকু ব্র্যান্ড",138
prod_00590,আরকু পালং শাক ১ কেজি,শাকসবজি,"তাজা পালং শাক, ১ কেজি, আরকু ব্র্যান্ড",80
prod_00591,মিল্কভিটা পালং শাক ৫০০ গ্রাম,শাকসবজি,"তাজা পালং শাক, ৫০০ গ্রাম, মিল্কভিটা ব্র্যান্ড",41
prod_00592,মিল্কভিটা পালং শাক ২৫০ গ্রাম,শাকসবজি,"তাজা পালং শাক, ২৫০ গ্রাম, মিল্কভিটা ব্র্যান্ড",24
prod_00593,মিল্কভিটা পালং শাক ৫ কেজি,শাকসবজি,"তাজা পালং শাক, ৫ কেজি, মিল্কভিটা ব্র্যান্ড",326
prod_00594,মেঘনা পালং শাক ২৫০ গ্রাম,শাকসবজি,"তাজা পালং শাক, ২৫০ গ্রাম, মেঘনা ব্র্যান্ড",21
prod_00595,মেঘনা পালং শাক ৫০০ গ্রাম,শাকসবজি,"তাজা পালং শাক, ৫০০ গ্রাম, মেঘনা ব্র্যান্ড",44
prod_00596,মেঘনা পালং শাক ৫ কেজি,শাকসবজি,"তাজা পালং শাক, ৫ কেজি, মেঘনা ব্র্যান্ড",333
prod_00597,ACI পালং শাক ৫ কেজি,শাকসবজি,"তাজা পালং শাক, ৫ কেজি, ACI ব্র্যান্ড",328
prod_00598,ACI পালং শাক ৫০০ গ্রাম,শাকসবজি,"তাজা পালং শাক, ৫০০ গ্রাম, ACI ব্র্যান্ড",43
prod_00599,ACI পালং শাক ২ কেজি,শাকসবজি,"তাজা পালং শাক, ২ কেজি, ACI ব্র্যান্ড",141
prod_00600,স্কয়ার লাউ ২৫০ গ্রাম,শাকসবজি,"মিষ্টি লাউ, ২৫০ গ্রাম, স্কয়ার ব্র্যান্ড",23
prod_00601,স্কয়ার লাউ ২ কেজি,শাকসবজি,"মিষ্টি লাউ, ২ কেজি, স্কয়ার ব্র্যান্ড",171
prod_00602,স্কয়ার লাউ ৫০০ গ্রাম,শাকসবজি,"মিষ্টি লাউ, ৫০০ গ্রাম, স্কয়ার ব্র্যান্ড",54
prod_00603,আরকু লাউ ৫ কেজি,শাকসবজি,"মিষ্টি লাউ, ৫ কেজি, আরকু ব্র্যান্ড",343
prod_00604,আরকু লাউ ৫০০ গ্রাম,শাকসবজি,"মিষ্টি লাউ, ৫০০ গ্রাম, আরকু ব্র্যান্ড",51
prod_00605,আরকু লাউ ২ কেজি,শাকসবজি,"মিষ্টি লাউ, ২ কেজি, আরকু ব্র্যান্ড",173
prod_00606,অর্গানিক ফার্ম লাউ ১ কেজি,শাকসবজি,"মিষ্টি লাউ, ১ কেজি, অর্গানিক ফার্ম ব্র্যান্ড",91
prod_00607,অর্গানিক ফার্ম লাউ ২ কেজি,শাকসবজি,"মিষ্টি লাউ, ২ কেজি, অর্গানিক ফার্ম ব্র্যান্ড",174
prod_00608,অর্গানিক ফার্ম লাউ ২৫০ গ্রাম,শাকসবজি,"মিষ্টি লাউ, ২৫০ গ্রাম, অর্গানিক ফার্ম ব্র্যান্ড",24
prod_00609,রাধুনী লাউ ২ কেজি,শাকসবজি,"মিষ্টি লাউ, ২ কেজি, রাধুনী ব্র্যান্ড",165
prod_00610,রাধুনী লাউ ১ কেজি,শাকসবজি,"মিষ্টি লাউ, ১ কেজি, রাধুনী ব্র্যান্ড",95
prod_00611,রাধুনী লাউ ২৫০ গ্রাম,শাকসবজি,"মিষ্টি লাউ, ২৫০ গ্রাম, রাধুনী ব্র্যান্ড",26
prod_00612,কাজী ফার্মস লাউ ৫ কেজি,শাকসবজি,"মিষ্টি লাউ, ৫ কেজি, কাজী ফার্মস ব্র্যান্ড",387
prod_00613,কাজী ফার্মস লাউ ২৫০ গ্রাম,শাকসবজি,"মিষ্টি লাউ, ২৫০ গ্রাম, কাজী ফার্মস ব্র্যান্ড",25
prod_00614,কাজী ফার্মস লাউ ১ কেজি,শাকসবজি,"মিষ্টি লাউ, ১ কেজি, কাজী ফার্মস ব্র্যান্ড",81
prod_00615,ACI মিষ্টি আলু ৫০০ গ্রাম,শাকসবজি,"কমলা মিষ্টি আলু, ৫০০ গ্রাম, ACI ব্র্যান্ড",55
prod_00616,ACI মিষ্টি আলু ৫ কেজি,শাকসবজি,"কমলা মিষ্টি আলু, ৫ কেজি, ACI ব্র্যান্ড",431
prod_00617,ACI মিষ্টি আলু ২৫০ গ্রাম,শাকসবজি,"কমলা মিষ্টি আলু, ২৫০ গ্রাম, ACI ব্র্যান্ড",31
prod_00618,ইস্পাহানি মিষ্টি আলু ৫ কেজি,শাকসবজি,"কমলা মিষ্টি আলু, ৫ কেজি, ইস্পাহানি ব্র্যান্ড",435
prod_00619,ইস্পাহানি মিষ্টি আলু ২৫০ গ্রাম,শাকসবজি,"কমলা মিষ্টি আলু, ২৫০ গ্রাম, ইস্পাহানি ব্র্যান্ড",31
prod_00620,ইস্পাহানি মিষ্টি আলু ১ কেজি,শাকসবজি,"কমলা মিষ্টি আলু, ১ কেজি, ইস্পাহানি ব্র্যান্ড",100
prod_00621,ম্যারিকো মিষ্টি আলু ২ কেজি,শাকসবজি,"কমলা মিষ্টি আলু, ২ কেজি, ম্যারিকো ব্র্যান্ড",179
prod_00622,ম্যারিকো মিষ্টি আলু ৫০০ গ্রাম,শাকসবজি,"কমলা মিষ্টি আলু, ৫০০ গ্রাম, ম্যারিকো ব্র্যান্ড",62
prod_00623,ম্যারিকো মিষ্টি আলু ২৫০ গ্রাম,শাকসবজি,"কমলা মিষ্টি আলু, ২৫০ গ্রাম, ম্যারিকো ব্র্যান্ড",30
prod_00624,স্কয়ার মিষ্টি আলু ৫০০ গ্রাম,শাকসবজি,"কমলা মিষ্টি আলু, ৫০০ গ্রাম, স্কয়ার ব্র্যান্ড",58
prod_00625,স্কয়ার মিষ্টি আলু ২ কেজি,শাকসবজি,"কমলা মিষ্টি আলু, ২ কেজি, স্কয়ার ব্র্যান্ড",198
prod_00626,স্কয়ার মিষ্টি আলু ২৫০ গ্রাম,শাকসবজি,"কমলা মিষ্টি আলু, ২৫০ গ্রাম, স্কয়ার ব্র্যান্ড",28
prod_00627,রূপচাঁদা মিষ্টি আলু ২ কেজি,শাকসবজি,"কমলা মিষ্টি আলু, ২ কেজি, রূপচাঁদা ব্র্যান্ড",202
prod_00628,রূপচাঁদা মিষ্টি আলু ১ কেজি,শাকসবজি,"কমলা মিষ্টি আলু, ১ কেজি, রূপচাঁদা ব্র্যান্ড",102
prod_00629,রূপচাঁদা মিষ্টি আলু ৫ কেজি,শাকসবজি,"কমলা মিষ্টি আলু, ৫ কেজি, রূপচাঁদা ব্র্যান্ড",426
prod_00630,রূপচাঁদা মাশরুম ১ কেজি,শাকসবজি,"তাজা মাশরুম, ১ কেজি, রূপচাঁদা ব্র্যান্ড",217
prod_00631,রূপচাঁদা মাশরুম ২ কেজি,শাকসবজি,"তাজা মাশরুম, ২ কেজি, রূপচাঁদা ব্র্যান্ড",419
prod_00632,রূপচাঁদা মাশরুম ৫ কেজি,শাকসবজি,"তাজা মাশরুম, ৫ কেজি, রূপচাঁদা ব্র্যান্ড",957
prod_00633,ম্যারিকো মাশরুম ৫ কেজি,শাকসবজি,"তাজা মাশরুম, ৫ কেজি, ম্যারিকো ব্র্যান্ড",819
prod_00634,ম্যারিকো মাশরুম ৫০০ গ্রাম,শাকসবজি,"তাজা মাশরুম, ৫০০ গ্রাম, ম্যারিকো ব্র্যান্ড",119
prod_00635,ম্যারিকো মাশরুম ২ কেজি,শাকসবজি,"তাজা মাশরুম, ২ কেজি, ম্যারিকো ব্র্যান্ড",374
prod_00636,মেঘনা মাশরুম ২৫০ গ্রাম,শাকসবজি,"তাজা মাশরুম, ২৫০ গ্রাম, মেঘনা ব্র্যান্ড",55
prod_00637,মেঘনা মাশরুম ৫ কেজি,শাকসবজি,"তাজা মাশরুম, ৫ কেজি, মেঘনা ব্র্যান্ড",838
prod_00638,মেঘনা মাশরুম ৫০০ গ্রাম,শাকসবজি,"তাজা মাশরুম, ৫০০ গ্রাম, মেঘনা ব্র্যান্ড",118
prod_00639,ইগলু মাশরুম ৫ কেজি,শাকসবজি,"তাজা মাশরুম, ৫ কেজি, ইগলু ব্র্যান্ড",826
prod_00640,ইগলু মাশরুম ৫০০ গ্রাম,শাকসবজি,"তাজা মাশরুম, ৫০০ গ্রাম, ইগলু ব্র্যান্ড",129
prod_00641,ইগলু মাশরুম ২ কেজি,শাকসবজি,"তাজা মাশরুম, ২ কেজি, ইগলু ব্র্যান্ড",408
prod_00642,আফতাব মাশরুম ১ কেজি,শাকসবজি,"তাজা মাশরুম, ১ কেজি, আফতাব ব্র্যান্ড",196
prod_00643,আফতাব মাশরুম ২৫০ গ্রাম,শাকসবজি,"তাজা মাশরুম, ২৫০ গ্রাম, আফতাব ব্র্যান্ড",60
prod_00644,আফতাব মাশরুম ৫০০ গ্রাম,শাকসবজি,"তাজা মাশরুম, ৫০০ গ্রাম, আফতাব ব্র্যান্ড",113
prod_00645,রাধুনী ব্রোকলি ২৫০ গ্রাম,শাকসবজি,"সবুজ ব্রোকলি, ২৫০ গ্রাম, রাধুনী ব্র্যান্ড",41
prod_00646,রাধুনী ব্রোকলি ১ কেজি,শাকসবজি,"সবুজ ব্রোকলি, ১ কেজি, রাধুনী ব্র্যান্ড",155
prod_00647,রাধুনী ব্রোকলি ৫ কেজি,শাকসবজি,"সবুজ ব্রোকলি, ৫ কেজি, রাধুনী ব্র্যান্ড",719
prod_00648,মেঘনা ব্রোকলি ৫০০ গ্রাম,শাকসবজি,"সবুজ ব্রোকলি, ৫০০ গ্রাম, মেঘনা ব্র্যান্ড",92
prod_00649,মেঘনা ব্রোকলি ২ কেজি,শাকসবজি,"সবুজ ব্রোকলি, ২ কেজি, মেঘনা ব্র্যান্ড",311
prod_00650,মেঘনা ব্রোকলি ৫ কেজি,শাকসবজি,"সবুজ ব্রোকলি, ৫ কেজি, মেঘনা ব্র্যান্ড",610
prod_00651,সুরভি ব্রোকলি ৫০০ গ্রাম,শাকসবজি,"সবুজ ব্রোকলি, ৫০০ গ্রাম, সুরভি ব্র্যান্ড",97
prod_00652,সুরভি ব্রোকলি ৫ কেজি,শাকসবজি,"সবুজ ব্রোকলি, ৫ কেজি, সুরভি ব্র্যান্ড",689
prod_00653,সুরভি ব্রোকলি ১ কেজি,শাকসবজি,"সবুজ ব্রোকলি, ১ কেজি, সুরভি ব্র্যান্ড",159
prod_00654,প্রাণ ব্রোকলি ১ কেজি,শাকসবজি,"সবুজ ব্রোকলি, ১ কেজি, প্রাণ ব্র্যান্ড",149
prod_00655,প্রাণ ব্রোকলি ৫০০ গ্রাম,শাকসবজি,"সবুজ ব্রোকলি, ৫০০ গ্রাম, প্রাণ ব্র্যান্ড",85
prod_00656,প্রাণ ব্রোকলি ২ কেজি,শাকসবজি,"সবুজ ব্রোকলি, ২ কেজি, প্রাণ ব্র্যান্ড",296
prod_00657,স্কয়ার ব্রোকলি ৫ কেজি,শাকসবজি,"সবুজ ব্রোকলি, ৫ কেজি, স্কয়ার ব্র্যান্ড",622
prod_00658,স্কয়ার ব্রোকলি ২ কেজি,শাকসবজি,"সবুজ ব্রোকলি, ২ কেজি, স্কয়ার ব্র্যান্ড",311
prod_00659,স্কয়ার ব্রোকলি ২৫০ গ্রাম,শাকসবজি,"সবুজ ব্রোকলি, ২৫০ গ্রাম, স্কয়ার ব্র্যান্ড",45
prod_00660,প্রাণ ফুলকপি ২ কেজি,শাকসবজি,"সাদা ফুলকপি, ২ কেজি, প্রাণ ব্র্যান্ড",155
prod_00661,প্রাণ ফুলকপি ২৫০ গ্রাম,শাকসবজি,"সাদা ফুলকপি, ২৫০ গ্রাম, প্রাণ ব্র্যান্ড",25
prod_00662,প্রাণ ফুলকপি ১ কেজি,শাকসবজি,"সাদা ফুলকপি, ১ কেজি, প্রাণ ব্র্যান্ড",84
prod_00663,আফতাব ফুলকপি ২৫০ গ্রাম,শাকসবজি,"সাদা ফুলকপি, ২৫০ গ্রাম, আফতাব ব্র্যান্ড",27
prod_00664,আফতাব ফুলকপি ১ কেজি,শাকসবজি,"সাদা ফুলকপি, ১ কেজি, আফতাব ব্র্যান্ড",90
prod_00665,আফতাব ফুলকপি ৫ কেজি,শাকসবজি,"সাদা ফুলকপি, ৫ কেজি, আফতাব ব্র্যান্ড",396
prod_00666,সুরভি ফুলকপি ৫ কেজি,শাকসবজি,"সাদা ফুলকপি, ৫ কেজি, সুরভি ব্র্যান্ড",402
prod_00667,সুরভি ফুলকপি ২৫০ গ্রাম,শাকসবজি,"সাদা ফুলকপি, ২৫০ গ্রাম, সুরভি ব্র্যান্ড",22
prod_00668,সুরভি ফুলকপি ৫০০ গ্রাম,শাকসবজি,"সাদা ফুলকপি, ৫০০ গ্রাম, সুরভি ব্র্যান্ড",48
prod_00669,তীর ফুলকপি ১ কেজি,শাকসবজি,"সাদা ফুলকপি, ১ কেজি, তীর ব্র্যান্ড",81
prod_00670,তীর ফুলকপি ৫ কেজি,শাকসবজি,"সাদা ফুলকপি, ৫ কেজি, তীর ব্র্যান্ড",396
prod_00671,তীর ফুলকপি ২ কেজি,শাকসবজি,"সাদা ফুলকপি, ২ কেজি, তীর ব্র্যান্ড",155
prod_00672,ACI ফুলকপি ২৫০ গ্রাম,শাকসবজি,"সাদা ফুলকপি, ২৫০ গ্রাম, ACI ব্র্যান্ড",22
prod_00673,ACI ফুলকপি ১ কেজি,শাকসবজি,"সাদা ফুলকপি, ১ কেজি, ACI ব্র্যান্ড",90
prod_00674,ACI ফুলকপি ৫ কেজি,শাকসবজি,"সাদা ফুলকপি, ৫ কেজি, ACI ব্র্যান্ড",398
prod_00675,ইস্পাহানি পটল ২৫০ গ্রাম,শাকসবজি,"তাজা পটল, ২৫০ গ্রাম, ইস্পাহানি ব্র্যান্ড",21
prod_00676,ইস্পাহানি পটল ২ কেজি,শাকসবজি,"তাজা পটল, ২ কেজি, ইস্পাহানি ব্র্যান্ড",130
prod_00677,ইস্পাহানি পটল ৫ কেজি,শাকসবজি,"তাজা পটল, ৫ কেজি, ইস্পাহানি ব্র্যান্ড",317
prod_00678,ইগলু পটল ২৫০ গ্রাম,শাকসবজি,"তাজা পটল, ২৫০ গ্রাম, ইগলু ব্র্যান্ড",22
prod_00679,ইগলু পটল ১ কেজি,শাকসবজি,"তাজা পটল, ১ কেজি, ইগলু ব্র্যান্ড",88
prod_00680,ইগলু পটল ৫০০ গ্রাম,শাকসবজি,"তাজা পটল, ৫০০ গ্রাম, ইগলু ব্র্যান্ড",45
prod_00681,রূপচাঁদা পটল ১ কেজি,শাকসবজি,"তাজা পটল, ১ কেজি, রূপচাঁদা ব্র্যান্ড",75
prod_00682,রূপচাঁদা পটল ২৫০ গ্রাম,শাকসবজি,"তাজা পটল, ২৫০ গ্রাম, রূপচাঁদা ব্র্যান্ড",21
prod_00683,রূপচাঁদা পটল ৫ কেজি,শাকসবজি,"তাজা পটল, ৫ কেজি, রূপচাঁদা ব্র্যান্ড",356
prod_00684,অর্গানিক ফার্ম পটল ১ কেজি,শাকসবজি,"তাজা পটল, ১ কেজি, অর্গানিক ফার্ম ব্র্যান্ড",85
prod_00685,অর্গানিক ফার্ম পটল ৫ কেজি,শাকসবজি,"তাজা পটল, ৫ কেজি, অর্গানিক ফার্ম ব্র্যান্ড",333
prod_00686,অর্গানিক ফার্ম পটল ২৫০ গ্রাম,শাকসবজি,"তাজা পটল, ২৫০ গ্রাম, অর্গানিক ফার্ম ব্র্যান্ড",22
prod_00687,তীর পটল ২ কেজি,শাকসবজি,"তাজা পটল, ২ কেজি, তীর ব্র্যান্ড",157
prod_00688,তীর পটল ৫ কেজি,শাকসবজি,"তাজা পটল, ৫ কেজি, তীর ব্র্যান্ড",337
prod_00689,তীর পটল ৫০০ গ্রাম,শাকসবজি,"তাজা পটল, ৫০০ গ্রাম, তীর ব্র্যান্ড",44
prod_00690,আফতাব ঝিঙ্গা ২ কেজি,শাকসবজি,"সবুজ ঝিঙ্গা, ২ কেজি, আফতাব ব্র্যান্ড",122
prod_00691,আফতাব ঝিঙ্গা ৫০০ গ্রাম,শাকসবজি,"সবুজ ঝিঙ্গা, ৫০০ গ্রাম, আফতাব ব্র্যান্ড",36
prod_00692,আফতাব ঝিঙ্গা ১ কেজি,শাকসবজি,"সবুজ ঝিঙ্গা, ১ কেজি, আফতাব ব্র্যান্ড",69
prod_00693,বসুন্ধরা ঝিঙ্গা ১ কেজি,শাকসবজি,"সবুজ ঝিঙ্গা, ১ কেজি, বসুন্ধরা ব্র্যান্ড",73
prod_00694,বসুন্ধরা ঝিঙ্গা ৫ কেজি,শাকসবজি,"সবুজ ঝিঙ্গা, ৫ কেজি, বসুন্ধরা ব্র্যান্ড",295
prod_00695,বসুন্ধরা ঝিঙ্গা ৫০০ গ্রাম,শাকসবজি,"সবুজ ঝিঙ্গা, ৫০০ গ্রাম, বসুন্ধরা ব্র্যান্ড",41
prod_00696,রাধুনী ঝিঙ্গা ১ কেজি,শাকসবজি,"সবুজ ঝিঙ্গা, ১ কেজি, রাধুনী ব্র্যান্ড",75
prod_00697,রাধুনী ঝিঙ্গা ২ কেজি,শাকসবজি,"সবুজ ঝিঙ্গা, ২ কেজি, রাধুনী ব্র্যান্ড",138
prod_00698,রাধুনী ঝিঙ্গা ২৫০ গ্রাম,শাকসবজি,"সবুজ ঝিঙ্গা, ২৫০ গ্রাম, রাধুনী ব্র্যান্ড",20
prod_00699,ড্যানিশ ঝিঙ্গা ২ কেজি,শাকসবজি,"সবুজ ঝিঙ্গা, ২ কেজি, ড্যানিশ ব্র্যান্ড",140
prod_00700,ড্যানিশ ঝিঙ্গা ১ কেজি,শাকসবজি,"সবুজ ঝিঙ্গা, ১ কেজি, ড্যানিশ ব্র্যান্ড",78
prod_00701,ড্যানিশ ঝিঙ্গা ৫ কেজি,শাকসবজি,"সবুজ ঝিঙ্গা, ৫ কেজি, ড্যানিশ ব্র্যান্ড",274
prod_00702,কাজী ফার্মস ঝিঙ্গা ২ কেজি,শাকসবজি,"সবুজ ঝিঙ্গা, ২ কেজি, কাজী ফার্মস ব্র্যান্ড",135
prod_00703,কাজী ফার্মস ঝিঙ্গা ১ কেজি,শাকসবজি,"সবুজ ঝিঙ্গা, ১ কেজি, কাজী ফার্মস ব্র্যান্ড",74
prod_00704,কাজী ফার্মস ঝিঙ্গা ৫ কেজি,শাকসবজি,"সবুজ ঝিঙ্গা, ৫ কেজি, কাজী ফার্মস ব্র্যান্ড",327
prod_00705,তীর করলা ৫০০ গ্রাম,শাকসবজি,"তাজা করলা, ৫০০ গ্রাম, তীর ব্র্যান্ড",53
prod_00706,তীর করলা ১ কেজি,শাকসবজি,"তাজা করলা, ১ কেজি, তীর ব্র্যান্ড",100
prod_00707,তীর করলা ৫ কেজি,শাকসবজি,"তাজা করলা, ৫ কেজি, তীর ব্র্যান্ড",421
prod_00708,ইগলু করলা ২ কেজি,শাকসবজি,"তাজা করলা, ২ কেজি, ইগলু ব্র্যান্ড",174
prod_00709,ইগলু করলা ১ কেজি,শাকসবজি,"তাজা করলা, ১ কেজি, ইগলু ব্র্যান্ড",90
prod_00710,ইগলু করলা ৫০০ গ্রাম,শাকসবজি,"তাজা করলা, ৫০০ গ্রাম, ইগলু ব্র্যান্ড",51
prod_00711,আরকু করলা ১ কেজি,শাকসবজি,"তাজা করলা, ১ কেজি, আরকু ব্র্যান্ড",101
prod_00712,আরকু করলা ২ কেজি,শাকসবজি,"তাজা করলা, ২ কেজি, আরকু ব্র্যান্ড",167
prod_00713,আরকু করলা ৫০০ গ্রাম,শাকসবজি,"তাজা করলা, ৫০০ গ্রাম, আরকু ব্র্যান্ড",50
prod_00714,অর্গানিক ফার্ম করলা ৫০০ গ্রাম,শাকসবজি,"তাজা করলা, ৫০০ গ্রাম, অর্গানিক ফার্ম ব্র্যান্ড",53
prod_00715,অর্গানিক ফার্ম করলা ২ কেজি,শাকসবজি,"তাজা করলা, ২ কেজি, অর্গানিক ফার্ম ব্র্যান্ড",178
prod_00716,অর্গানিক ফার্ম করলা ১ কেজি,শাকসবজি,"তাজা করলা, ১ কেজি, অর্গানিক ফার্ম ব্র্যান্ড",94
prod_00717,রাধুনী করলা ১ কেজি,শাকসবজি,"তাজা করলা, ১ কেজি, রাধুনী ব্র্যান্ড",108
prod_00718,রাধুনী করলা ২ কেজি,শাকসবজি,"তাজা করলা, ২ কেজি, রাধুনী ব্র্যান্ড",168
prod_00719,রাধুনী করলা ২৫০ গ্রাম,শাকসবজি,"তাজা করলা, ২৫০ গ্রাম, রাধুনী ব্র্যান্ড",29
prod_00720,রূপচাঁদা ঢেঁড়স ২ কেজি,শাকসবজি,"তাজা ঢেঁড়স, ২ কেজি, রূপচাঁদা ব্র্যান্ড",158
prod_00721,রূপচাঁদা ঢেঁড়স ৫০০ গ্রাম,শাকসবজি,"তাজা ঢেঁড়স, ৫০০ গ্রাম, রূপচাঁদা ব্র্যান্ড",45
prod_00722,রূপচাঁদা ঢেঁড়স ১ কেজি,শাকসবজি,"তাজা ঢেঁড়স, ১ কেজি, রূপচাঁদা ব্র্যান্ড",93
prod_00723,ম্যারিকো ঢেঁড়স ১ কেজি,শাকসবজি,"তাজা ঢেঁড়স, ১ কেজি, ম্যারিকো ব্র্যান্ড",82
prod_00724,ম্যারিকো ঢেঁড়স ৫ কেজি,শাকসবজি,"তাজা ঢেঁড়স, ৫ কেজি, ম্যারিকো ব্র্যান্ড",378
prod_00725,ম্যারিকো ঢেঁড়স ২ কেজি,শাকসবজি,"তাজা ঢেঁড়স, ২ কেজি, ম্যারিকো ব্র্যান্ড",172
prod_00726,ফ্রেশ ঢেঁড়স ৫০০ গ্রাম,শাকসবজি,"তাজা ঢেঁড়স, ৫০০ গ্রাম, ফ্রেশ ব্র্যান্ড",50
prod_00727,ফ্রেশ ঢেঁড়স ৫ কেজি,শাকসবজি,"তাজা ঢেঁড়স, ৫ কেজি, ফ্রেশ ব্র্যান্ড",346
prod_00728,ফ্রেশ ঢেঁড়স ২ কেজি,শাকসবজি,"তাজা ঢেঁড়স, ২ কেজি, ফ্রেশ ব্র্যান্ড",150
prod_00729,তীর ঢেঁড়স ৫০০ গ্রাম,শাকসবজি,"তাজা ঢেঁড়স, ৫০০ গ্রাম, তীর ব্র্যান্ড",45
prod_00730,তীর ঢেঁড়স ৫ কেজি,শাকসবজি,"তাজা ঢেঁড়স, ৫ কেজি, তীর ব্র্যান্ড",379
prod_00731,তীর ঢেঁড়স ২ কেজি,শাকসবজি,"তাজা ঢেঁড়স, ২ কেজি, তীর ব্র্যান্ড",155
prod_00732,রাধুনী ঢেঁড়স ৫ কেজি,শাকসবজি,"তাজা ঢেঁড়স, ৫ কেজি, রাধুনী ব্র্যান্ড",403
prod_00733,রাধুনী ঢেঁড়স ৫০০ গ্রাম,শাকসবজি,"তাজা ঢেঁড়স, ৫০০ গ্রাম, রাধুনী ব্র্যান্ড",45
prod_00734,রাধুনী ঢেঁড়স ১ কেজি,শাকসবজি,"তাজা ঢেঁড়স, ১ কেজি, রাধুনী ব্র্যান্ড",88
prod_00735,রূপচাঁদা বেগুন ৫০০ গ্রাম,শাকসবজি,"বেগুনি বেগুন, ৫০০ গ্রাম, রূপচাঁদা ব্র্যান্ড",36
prod_00736,রূপচাঁদা বেগুন ১ কেজি,শাকসবজি,"বেগুনি বেগুন, ১ কেজি, রূপচাঁদা ব্র্যান্ড",71
prod_00737,রূপচাঁদা বেগুন ২ কেজি,শাকসবজি,"বেগুনি বেগুন, ২ কেজি, রূপচাঁদা ব্র্যান্ড",128
prod_00738,আফতাব বেগুন ৫০০ গ্রাম,শাকসবজি,"বেগুনি বেগুন, ৫০০ গ্রাম, আফতাব ব্র্যান্ড",39
prod_00739,আফতাব বেগুন ৫ কেজি,শাকসবজি,"বেগুনি বেগুন, ৫ কেজি, আফতাব ব্র্যান্ড",324
prod_00740,আফতাব বেগুন ২৫০ গ্রাম,শাকসবজি,"বেগুনি বেগুন, ২৫০ গ্রাম, আফতাব ব্র্যান্ড",18
prod_00741,ড্যানিশ বেগুন ২৫০ গ্রাম,শাকসবজি,"বেগুনি বেগুন, ২৫০ গ্রাম, ড্যানিশ ব্র্যান্ড",18
prod_00742,ড্যানিশ বেগুন ৫০০ গ্রাম,শাকসবজি,"বেগুনি বেগুন, ৫০০ গ্রাম, ড্যানিশ ব্র্যান্ড",38
prod_00743,ড্যানিশ বেগুন ২ কেজি,শাকসবজি,"বেগুনি বেগুন, ২ কেজি, ড্যানিশ ব্র্যান্ড",133
prod_00744,কাজী ফার্মস বেগুন ১ কেজি,শাকসবজি,"বেগুনি বেগুন, ১ কেজি, কাজী ফার্মস ব্র্যান্ড",68
prod_00745,কাজী ফার্মস বেগুন ৫ কেজি,শাকসবজি,"বেগুনি বেগুন, ৫ কেজি, কাজী ফার্মস ব্র্যান্ড",308
prod_00746,কাজী ফার্মস বেগুন ২৫০ গ্রাম,শাকসবজি,"বেগুনি বেগুন, ২৫০ গ্রাম, কাজী ফার্মস ব্র্যান্ড",20
prod_00747,রাধুনী বেগুন ৫০০ গ্রাম,শাকসবজি,"বেগুনি বেগুন, ৫০০ গ্রাম, রাধুনী ব্র্যান্ড",40
prod_00748,রাধুনী বেগুন ১ কেজি,শাকসবজি,"বেগুনি বেগুন, ১ কেজি, রাধুনী ব্র্যান্ড",72
prod_00749,রাধুনী বেগুন ২ কেজি,শাকসবজি,"বেগুনি বেগুন, ২ কেজি, রাধুনী ব্র্যান্ড",119
prod_00750,মিল্কভিটা মূলা ২৫০ গ্রাম,শাকসবজি,"সাদা মূলা, ২৫০ গ্রাম, মিল্কভিটা ব্র্যান্ড",16
prod_00751,মিল্কভিটা মূলা ৫ কেজি,শাকসবজি,"সাদা মূলা, ৫ কেজি, মিল্কভিটা ব্র্যান্ড",237
prod_00752,মিল্কভিটা মূলা ২ কেজি,শাকসবজি,"সাদা মূলা, ২ কেজি, মিল্কভিটা ব্র্যান্ড",91
prod_00753,তীর মূলা ৫০০ গ্রাম,শাকসবজি,"সাদা মূলা, ৫০০ গ্রাম, তীর ব্র্যান্ড",30
prod_00754,তীর মূলা ২ কেজি,শাকসবজি,"সাদা মূলা, ২ কেজি, তীর ব্র্যান্ড",95
prod_00755,তীর মূলা ১ কেজি,শাকসবজি,"সাদা মূলা, ১ কেজি, তীর ব্র্যান্ড",55
prod_00756,ইস্পাহানি মূলা ১ কেজি,শাকসবজি,"সাদা মূলা, ১ কেজি, ইস্পাহানি ব্র্যান্ড",51
prod_00757,ইস্পাহানি মূলা ৫ কেজি,শাকসবজি,"সাদা মূলা, ৫ কেজি, ইস্পাহানি ব্র্যান্ড",238
prod_00758,ইস্পাহানি মূলা ৫০০ গ্রাম,শাকসবজি,"সাদা মূলা, ৫০০ গ্রাম, ইস্পাহানি ব্র্যান্ড",29
prod_00759,স্কয়ার মূলা ২ কেজি,শাকসবজি,"সাদা মূলা, ২ কেজি, স্কয়ার ব্র্যান্ড",87
prod_00760,স্কয়ার মূলা ২৫০ গ্রাম,শাকসবজি,"সাদা মূলা, ২৫০ গ্রাম, স্কয়ার ব্র্যান্ড",14
prod_00761,স্কয়ার মূলা ১ কেজি,শাকসবজি,"সাদা মূলা, ১ কেজি, স্কয়ার ব্র্যান্ড",53
prod_00762,আরকু মূলা ৫০০ গ্রাম,শাকসবজি,"সাদা মূলা, ৫০০ গ্রাম, আরকু ব্র্যান্ড",27
prod_00763,আরকু মূলা ১ কেজি,শাকসবজি,"সাদা মূলা, ১ কেজি, আরকু ব্র্যান্ড",57
prod_00764,আরকু মূলা ২ কেজি,শাকসবজি,"সাদা মূলা, ২ কেজি, আরকু ব্র্যান্ড",92
prod_00765,মেঘনা শিম ১ কেজি,শাকসবজি,"তাজা শিম, ১ কেজি, মেঘনা ব্র্যান্ড",91
prod_00766,মেঘনা শিম ৫০০ গ্রাম,শাকসবজি,"তাজা শিম, ৫০০ গ্রাম, মেঘনা ব্র্যান্ড",54
prod_00767,মেঘনা শিম ২ কেজি,শাকসবজি,"তাজা শিম, ২ কেজি, মেঘনা ব্র্যান্ড",163
prod_00768,পূর্ণ শিম ২৫০ গ্রাম,শাকসবজি,"তাজা শিম, ২৫০ গ্রাম, পূর্ণ ব্র্যান্ড",29
prod_00769,পূর্ণ শিম ১ কেজি,শাকসবজি,"তাজা শিম, ১ কেজি, পূর্ণ ব্র্যান্ড",97
prod_00770,পূর্ণ শিম ৫০০ গ্রাম,শাকসবজি,"তাজা শিম, ৫০০ গ্রাম, পূর্ণ ব্র্যান্ড",60
prod_00771,তীর শিম ৫০০ গ্রাম,শাকসবজি,"তাজা শিম, ৫০০ গ্রাম, তীর ব্র্যান্ড",57
prod_00772,তীর শিম ১ কেজি,শাকসবজি,"তাজা শিম, ১ কেজি, তীর ব্র্যান্ড",92
prod_00773,তীর শিম ২ কেজি,শাকসবজি,"তাজা শিম, ২ কেজি, তীর ব্র্যান্ড",164
prod_00774,অর্গানিক ফার্ম শিম ৫ কেজি,শাকসবজি,"তাজা শিম, ৫ কেজি, অর্গানিক ফার্ম ব্র্যান্ড",443
prod_00775,অর্গানিক ফার্ম শিম ২ কেজি,শাকসবজি,"তাজা শিম, ২ কেজি, অর্গানিক ফার্ম ব্র্যান্ড",175
prod_00776,অর্গানিক ফার্ম শিম ৫০০ গ্রাম,শাকসবজি,"তাজা শিম, ৫০০ গ্রাম, অর্গানিক ফার্ম ব্র্যান্ড",50
prod_00777,ফ্রেশ শিম ২ কেজি,শাকসবজি,"তাজা শিম, ২ কেজি, ফ্রেশ ব্র্যান্ড",165
prod_00778,ফ্রেশ শিম ৫ কেজি,শাকসবজি,"তাজা শিম, ৫ কেজি, ফ্রেশ ব্র্যান্ড",400
prod_00779,ফ্রেশ শিম ২৫০ গ্রাম,শাকসবজি,"তাজা শিম, ২৫০ গ্রাম, ফ্রেশ ব্র্যান্ড",25
prod_00780,রূপচাঁদা ডাটা শাক ২ কেজি,শাকসবজি,"তাজা ডাটা শাক, ২ কেজি, রূপচাঁদা ব্র্যান্ড",83
prod_00781,রূপচাঁদা ডাটা শাক ৫০০ গ্রাম,শাকসবজি,"তাজা ডাটা শাক, ৫০০ গ্রাম, রূপচাঁদা ব্র্যান্ড",26
prod_00782,রূপচাঁদা ডাটা শাক ৫ কেজি,শাকসবজি,"তাজা ডাটা শাক, ৫ কেজি, রূপচাঁদা ব্র্যান্ড",182
prod_00783,অর্গানিক ফার্ম ডাটা শাক ২ কেজি,শাকসবজি,"তাজা ডাটা শাক, ২ কেজি, অর্গানিক ফার্ম ব্র্যান্ড",80
prod_00784,অর্গানিক ফার্ম ডাটা শাক ২৫০ গ্রাম,শাকসবজি,"তাজা ডাটা শাক, ২৫০ গ্রাম, অর্গানিক ফার্ম ব্র্যান্ড",12
prod_00785,অর্গানিক ফার্ম ডাটা শাক ১ কেজি,শাকসবজি,"তাজা ডাটা শাক, ১ কেজি, অর্গানিক ফার্ম ব্র্যান্ড",43
prod_00786,ACI ডাটা শাক ২ কেজি,শাকসবজি,"তাজা ডাটা শাক, ২ কেজি, ACI ব্র্যান্ড",76
prod_00787,ACI ডাটা শাক ৫ কেজি,শাকসবজি,"তাজা ডাটা শাক, ৫ কেজি, ACI ব্র্যান্ড",205
prod_00788,ACI ডাটা শাক ১ কেজি,শাকসবজি,"তাজা ডাটা শাক, ১ কেজি, ACI ব্র্যান্ড",46
prod_00789,প্রাণ ডাটা শাক ২৫০ গ্রাম,শাকসবজি,"তাজা ডাটা শাক, ২৫০ গ্রাম, প্রাণ ব্র্যান্ড",12
prod_00790,প্রাণ ডাটা শাক ৫০০ গ্রাম,শাকসবজি,"তাজা ডাটা শাক, ৫০০ গ্রাম, প্রাণ ব্র্যান্ড",26
prod_00791,প্রাণ ডাটা শাক ৫ কেজি,শাকসবজি,"তাজা ডাটা শাক, ৫ কেজি, প্রাণ ব্র্যান্ড",181
prod_00792,ফ্রেশ ডাটা শাক ১ কেজি,শাকসবজি,"তাজা ডাটা শাক, ১ কেজি, ফ্রেশ ব্র্যান্ড",45
prod_00793,ফ্রেশ ডাটা শাক ৫০০ গ্রাম,শাকসবজি,"তাজা ডাটা শাক, ৫০০ গ্রাম, ফ্রেশ ব্র্যান্ড",24
prod_00794,ফ্রেশ ডাটা শাক ২৫০ গ্রাম,শাকসবজি,"তাজা ডাটা শাক, ২৫০ গ্রাম, ফ্রেশ ব্র্যান্ড",11
prod_00795,আরকু লাল শাক ৫০০ গ্রাম,শাকসবজি,"তাজা লাল শাক, ৫০০ গ্রাম, আরকু ব্র্যান্ড",21
prod_00796,আরকু লাল শাক ৫ কেজি,শাকসবজি,"তাজা লাল শাক, ৫ কেজি, আরকু ব্র্যান্ড",144
prod_00797,আরকু লাল শাক ২ কেজি,শাকসবজি,"তাজা লাল শাক, ২ কেজি, আরকু ব্র্যান্ড",62
prod_00798,তীর লাল শাক ৫ কেজি,শাকসবজি,"তাজা লাল শাক, ৫ কেজি, তীর ব্র্যান্ড",145
prod_00799,তীর লাল শাক ১ কেজি,শাকসবজি,"তাজা লাল শাক, ১ কেজি, তীর ব্র্যান্ড",38
prod_00800,তীর লাল শাক ২ কেজি,শাকসবজি,"তাজা লাল শাক, ২ কেজি, তীর ব্র্যান্ড",64
prod_00801,স্কয়ার লাল শাক ৫ কেজি,শাকসবজি,"তাজা লাল শাক, ৫ কেজি, স্কয়ার ব্র্যান্ড",159
prod_00802,স্কয়ার লাল শাক ১ কেজি,শাকসবজি,"তাজা লাল শাক, ১ কেজি, স্কয়ার ব্র্যান্ড",35
prod_00803,স্কয়ার লাল শাক ৫০০ গ্রাম,শাকসবজি,"তাজা লাল শাক, ৫০০ গ্রাম, স্কয়ার ব্র্যান্ড",20
prod_00804,রূপচাঁদা লাল শাক ২ কেজি,শাকসবজি,"তাজা লাল শাক, ২ কেজি, রূপচাঁদা ব্র্যান্ড",68
prod_00805,রূপচাঁদা লাল শাক ১ কেজি,শাকসবজি,"তাজা লাল শাক, ১ কেজি, রূপচাঁদা ব্র্যান্ড",36
prod_00806,রূপচাঁদা লাল শাক ৫ কেজি,শাকসবজি,"তাজা লাল শাক, ৫ কেজি, রূপচাঁদা ব্র্যান্ড",152
prod_00807,ইগলু লাল শাক ১ কেজি,শাকসবজি,"তাজা লাল শাক, ১ কেজি, ইগলু ব্র্যান্ড",32
prod_00808,ইগলু লাল শাক ৫০০ গ্রাম,শাকসবজি,"তাজা লাল শাক, ৫০০ গ্রাম, ইগলু ব্র্যান্ড",19
prod_00809,ইগলু লাল শাক ৫ কেজি,শাকসবজি,"তাজা লাল শাক, ৫ কেজি, ইগলু ব্র্যান্ড",150
prod_00810,অর্গানিক ফার্ম কচু শাক ৫ কেজি,শাকসবজি,"তাজা কচু শাক, ৫ কেজি, অর্গানিক ফার্ম ব্র্যান্ড",169
prod_00811,অর্গানিক ফার্ম কচু শাক ২৫০ গ্রাম,শাকসবজি,"তাজা কচু শাক, ২৫০ গ্রাম, অর্গানিক ফার্ম ব্র্যান্ড",12
prod_00812,অর্গানিক ফার্ম কচু শাক ২ কেজি,শাকসবজি,"তাজা কচু শাক, ২ কেজি, অর্গানিক ফার্ম ব্র্যান্ড",74
prod_00813,পূর্ণ কচু শাক ৫০০ গ্রাম,শাকসবজি,"তাজা কচু শাক, ৫০০ গ্রাম, পূর্ণ ব্র্যান্ড",26
prod_00814,পূর্ণ কচু শাক ২ কেজি,শাকসবজি,"তাজা কচু শাক, ২ কেজি, পূর্ণ ব্র্যান্ড",86
prod_00815,পূর্ণ কচু শাক ১ কেজি,শাকসবজি,"তাজা কচু শাক, ১ কেজি, পূর্ণ ব্র্যান্ড",48
prod_00816,তীর কচু শাক ২৫০ গ্রাম,শাকসবজি,"তাজা কচু শাক, ২৫০ গ্রাম, তীর ব্র্যান্ড",11
prod_00817,তীর কচু শাক ৫০০ গ্রাম,শাকসবজি,"তাজা কচু শাক, ৫০০ গ্রাম, তীর ব্র্যান্ড",24
prod_00818,তীর কচু শাক ১ কেজি,শাকসবজি,"তাজা কচু শাক, ১ কেজি, তীর ব্র্যান্ড",46
prod_00819,সুরভি কচু শাক ৫ কেজি,শাকসবজি,"তাজা কচু শাক, ৫ কেজি, সুরভি ব্র্যান্ড",204
prod_00820,সুরভি কচু শাক ২ কেজি,শাকসবজি,"তাজা কচু শাক, ২ কেজি, সুরভি ব্র্যান্ড",79
prod_00821,সুরভি কচু শাক ৫০০ গ্রাম,শাকসবজি,"তাজা কচু শাক, ৫০০ গ্রাম, সুরভি ব্র্যান্ড",25
prod_00822,আরকু কচু শাক ৫ কেজি,শাকসবজি,"তাজা কচু শাক, ৫ কেজি, আরকু ব্র্যান্ড",197
prod_00823,আরকু কচু শাক ১ কেজি,শাকসবজি,"তাজা কচু শাক, ১ কেজি, আরকু ব্র্যান্ড",46
prod_00824,আরকু কচু শাক ২ কেজি,শাকসবজি,"তাজা কচু শাক, ২ কেজি, আরকু ব্র্যান্ড",82
prod_00825,বসুন্ধরা পুঁই শাক ৫ কেজি,শাকসবজি,"তাজা পুঁই শাক, ৫ কেজি, বসুন্ধরা ব্র্যান্ড",244
prod_00826,বসুন্ধরা পুঁই শাক ১ কেজি,শাকসবজি,"তাজা পুঁই শাক, ১ কেজি, বসুন্ধরা ব্র্যান্ড",59
prod_00827,বসুন্ধরা পুঁই শাক ২৫০ গ্রাম,শাকসবজি,"তাজা পুঁই শাক, ২৫০ গ্রাম, বসুন্ধরা ব্র্যান্ড",15
prod_00828,রূপচাঁদা পুঁই শাক ৫০০ গ্রাম,শাকসবজি,"তাজা পুঁই শাক, ৫০০ গ্রাম, রূপচাঁদা ব্র্যান্ড",29
prod_00829,রূপচাঁদা পুঁই শাক ২ কেজি,শাকসবজি,"তাজা পুঁই শাক, ২ কেজি, রূপচাঁদা ব্র্যান্ড",97
prod_00830,রূপচাঁদা পুঁই শাক ৫ কেজি,শাকসবজি,"তাজা পুঁই শাক, ৫ কেজি, রূপচাঁদা ব্র্যান্ড",244
prod_00831,ম্যারিকো পুঁই শাক ১ কেজি,শাকসবজি,"তাজা পুঁই শাক, ১ কেজি, ম্যারিকো ব্র্যান্ড",54
prod_00832,ম্যারিকো পুঁই শাক ৫ কেজি,শাকসবজি,"তাজা পুঁই শাক, ৫ কেজি, ম্যারিকো ব্র্যান্ড",226
prod_00833,ম্যারিকো পুঁই শাক ২৫০ গ্রাম,শাকসবজি,"তাজা পুঁই শাক, ২৫০ গ্রাম, ম্যারিকো ব্র্যান্ড",16
prod_00834,সুরভি পুঁই শাক ২ কেজি,শাকসবজি,"তাজা পুঁই শাক, ২ কেজি, সুরভি ব্র্যান্ড",91
prod_00835,সুরভি পুঁই শাক ১ কেজি,শাকসবজি,"তাজা পুঁই শাক, ১ কেজি, সুরভি ব্র্যান্ড",51
prod_00836,সুরভি পুঁই শাক ২৫০ গ্রাম,শাকসবজি,"তাজা পুঁই শাক, ২৫০ গ্রাম, সুরভি ব্র্যান্ড",15
prod_00837,অর্গানিক ফার্ম পুঁই শাক ১ কেজি,শাকসবজি,"তাজা পুঁই শাক, ১ কেজি, অর্গানিক ফার্ম ব্র্যান্ড",51
prod_00838,অর্গানিক ফার্ম পুঁই শাক ২ কেজি,শাকসবজি,"তাজা পুঁই শাক, ২ কেজি, অর্গানিক ফার্ম ব্র্যান্ড",95
prod_00839,অর্গানিক ফার্ম পুঁই শাক ৫ কেজি,শাকসবজি,"তাজা পুঁই শাক, ৫ কেজি, অর্গানিক ফার্ম ব্র্যান্ড",211
prod_00840,কাজী ফার্মস মুরগি ২৫০ গ্রাম,প্রোটিন,"তাজা মুরগির মাংস, ২৫০ গ্রাম, কাজী ফার্মস ব্র্যান্ড",182
prod_00841,কাজী ফার্মস মুরগি ৫০০ গ্রাম,প্রোটিন,"তাজা মুরগির মাংস, ৫০০ গ্রাম, কাজী ফার্মস ব্র্যান্ড",432
prod_00842,কাজী ফার্মস মুরগি ৫ কেজি,প্রোটিন,"তাজা মুরগির মাংস, ৫ কেজি, কাজী ফার্মস ব্র্যান্ড",2835
prod_00843,বসুন্ধরা মুরগি ৫০০ গ্রাম,প্রোটিন,"তাজা মুরগির মাংস, ৫০০ গ্রাম, বসুন্ধরা ব্র্যান্ড",393
prod_00844,বসুন্ধরা মুরগি ২৫০ গ্রাম,প্রোটিন,"তাজা মুরগির মাংস, ২৫০ গ্রাম, বসুন্ধরা ব্র্যান্ড",208
prod_00845,বসুন্ধরা মুরগি ২ কেজি,প্রোটিন,"তাজা মুরগির মাংস, ২ কেজি, বসুন্ধরা ব্র্যান্ড",1177
prod_00846,অর্গানিক ফার্ম মুরগি ৫০০ গ্রাম,প্রোটিন,"তাজা মুরগির মাংস, ৫০০ গ্রাম, অর্গানিক ফার্ম ব্র্যান্ড",438
prod_00847,অর্গানিক ফার্ম মুরগি ২৫০ গ্রাম,প্রোটিন,"তাজা মুরগির মাংস, ২৫০ গ্রাম, অর্গানিক ফার্ম ব্র্যান্ড",186
prod_00848,অর্গানিক ফার্ম মুরগি ১ কেজি,প্রোটিন,"তাজা মুরগির মাংস, ১ কেজি, অর্গানিক ফার্ম ব্র্যান্ড",742
prod_00849,মিল্কভিটা মুরগি ২ কেজি,প্রোটিন,"তাজা মুরগির মাংস, ২ কেজি, মিল্কভিটা ব্র্যান্ড",1203
prod_00850,মিল্কভিটা মুরগি ৫ কেজি,প্রোটিন,"তাজা মুরগির মাংস, ৫ কেজি, মিল্কভিটা ব্র্যান্ড",3278
prod_00851,মিল্কভিটা মুরগি ১ কেজি,প্রোটিন,"তাজা মুরগির মাংস, ১ কেজি, মিল্কভিটা ব্র্যান্ড",694
prod_00852,তীর মুরগি ২৫০ গ্রাম,প্রোটিন,"তাজা মুরগির মাংস, ২৫০ গ্রাম, তীর ব্র্যান্ড",202
prod_00853,তীর মুরগি ৫ কেজি,প্রোটিন,"তাজা মুরগির মাংস, ৫ কেজি, তীর ব্র্যান্ড",3021
prod_00854,তীর মুরগি ১ কেজি,প্রোটিন,"তাজা মুরগির মাংস, ১ কেজি, তীর ব্র্যান্ড",752
prod_00855,আরকু রুই মাছ ২ কেজি,প্রোটিন,"তাজা রুই মাছ, ২ কেজি, আরকু ব্র্যান্ড",1217
prod_00856,আরকু রুই মাছ ৫ কেজি,প্রোটিন,"তাজা রুই মাছ, ৫ কেজি, আরকু ব্র্যান্ড",2867
prod_00857,আরকু রুই মাছ ২৫০ গ্রাম,প্রোটিন,"তাজা রুই মাছ, ২৫০ গ্রাম, আরকু ব্র্যান্ড",189
prod_00858,ইস্পাহানি রুই মাছ ২৫০ গ্রাম,প্রোটিন,"তাজা রুই মাছ, ২৫০ গ্রাম, ইস্পাহানি ব্র্যান্ড",177
prod_00859,ইস্পাহানি রুই মাছ ৫ কেজি,প্রোটিন,"তাজা রুই মাছ, ৫ কেজি, ইস্পাহানি ব্র্যান্ড",2418
prod_00860,ইস্পাহানি রুই মাছ ৫০০ গ্রাম,প্রোটিন,"তাজা রুই মাছ, ৫০০ গ্রাম, ইস্পাহানি ব্র্যান্ড",383
prod_00861,ড্যানিশ রুই মাছ ১ কেজি,প্রোটিন,"তাজা রুই মাছ, ১ কেজি, ড্যানিশ ব্র্যান্ড",635
prod_00862,ড্যানিশ রুই মাছ ২ কেজি,প্রোটিন,"তাজা রুই মাছ, ২ কেজি, ড্যানিশ ব্র্যান্ড",1118
prod_00863,ড্যানিশ রুই মাছ ৫ কেজি,প্রোটিন,"তাজা রুই মাছ, ৫ কেজি, ড্যানিশ ব্র্যান্ড",2855
prod_00864,মিল্কভিটা রুই মাছ ৫ কেজি,প্রোটিন,"তাজা রুই মাছ, ৫ কেজি, মিল্কভিটা ব্র্যান্ড",2463
prod_00865,মিল্কভিটা রুই মাছ ২ কেজি,প্রোটিন,"তাজা রুই মাছ, ২ কেজি, মিল্কভিটা ব্র্যান্ড",1033
prod_00866,মিল্কভিটা রুই মাছ ৫০০ গ্রাম,প্রোটিন,"তাজা রুই মাছ, ৫০০ গ্রাম, মিল্কভিটা ব্র্যান্ড",326
prod_00867,অর্গানিক ফার্ম রুই মাছ ২ কেজি,প্রোটিন,"তাজা রুই মাছ, ২ কেজি, অর্গানিক ফার্ম ব্র্যান্ড",1049
prod_00868,অর্গানিক ফার্ম রুই মাছ ১ কেজি,প্রোটিন,"তাজা রুই মাছ, ১ কেজি, অর্গানিক ফার্ম ব্র্যান্ড",659
prod_00869,অর্গানিক ফার্ম রুই মাছ ৫ কেজি,প্রোটিন,"তাজা রুই মাছ, ৫ কেজি, অর্গানিক ফার্ম ব্র্যান্ড",2777
prod_00870,মিল্কভিটা ইলিশ মাছ ৫ কেজি,প্রোটিন,"বিখ্যাত ইলিশ মাছ, ৫ কেজি, মিল্কভিটা ব্র্যান্ড",5145
prod_00871,মিল্কভিটা ইলিশ মাছ ১ কেজি,প্রোটিন,"বিখ্যাত ইলিশ মাছ, ১ কেজি, মিল্কভিটা ব্র্যান্ড",1158
prod_00872,মিল্কভিটা ইলিশ মাছ ২৫০ গ্রাম,প্রোটিন,"বিখ্যাত ইলিশ মাছ, ২৫০ গ্রাম, মিল্কভিটা ব্র্যান্ড",383
prod_00873,ম্যারিকো ইলিশ মাছ ২ কেজি,প্রোটিন,"বিখ্যাত ইলিশ মাছ, ২ কেজি, ম্যারিকো ব্র্যান্ড",2019
prod_00874,ম্যারিকো ইলিশ মাছ ১ কেজি,প্রোটিন,"বিখ্যাত ইলিশ মাছ, ১ কেজি, ম্যারিকো ব্র্যান্ড",1230
prod_00875,ম্যারিকো ইলিশ মাছ ২৫০ গ্রাম,প্রোটিন,"বিখ্যাত ইলিশ মাছ, ২৫০ গ্রাম, ম্যারিকো ব্র্যান্ড",346
prod_00876,ইস্পাহানি ইলিশ মাছ ১ কেজি,প্রোটিন,"বিখ্যাত ইলিশ মাছ, ১ কেজি, ইস্পাহানি ব্র্যান্ড",1280
prod_00877,ইস্পাহানি ইলিশ মাছ ৫ কেজি,প্রোটিন,"বিখ্যাত ইলিশ মাছ, ৫ কেজি, ইস্পাহানি ব্র্যান্ড",5326
prod_00878,ইস্পাহানি ইলিশ মাছ ৫০০ গ্রাম,প্রোটিন,"বিখ্যাত ইলিশ মাছ, ৫০০ গ্রাম, ইস্পাহানি ব্র্যান্ড",666
prod_00879,পূর্ণ ইলিশ মাছ ১ কেজি,প্রোটিন,"বিখ্যাত ইলিশ মাছ, ১ কেজি, পূর্ণ ব্র্যান্ড",1302
prod_00880,পূর্ণ ইলিশ মাছ ৫০০ গ্রাম,প্রোটিন,"বিখ্যাত ইলিশ মাছ, ৫০০ গ্রাম, পূর্ণ ব্র্যান্ড",695
prod_00881,পূর্ণ ইলিশ মাছ ২৫০ গ্রাম,প্রোটিন,"বিখ্যাত ইলিশ মাছ, ২৫০ গ্রাম, পূর্ণ ব্র্যান্ড",326
prod_00882,ড্যানিশ ইলিশ মাছ ৫ কেজি,প্রোটিন,"বিখ্যাত ইলিশ মাছ, ৫ কেজি, ড্যানিশ ব্র্যান্ড",4848
prod_00883,ড্যানিশ ইলিশ মাছ ১ কেজি,প্রোটিন,"বিখ্যাত ইলিশ মাছ, ১ কেজি, ড্যানিশ ব্র্যান্ড",1364
prod_00884,ড্যানিশ ইলিশ মাছ ২ কেজি,প্রোটিন,"বিখ্যাত ইলিশ মাছ, ২ কেজি, ড্যানিশ ব্র্যান্ড",2148
prod_00885,অর্গানিক ফার্ম চিংড়ি ৫০০ গ্রাম,প্রোটিন,"তাজা চিংড়ি, ৫০০ গ্রাম, অর্গানিক ফার্ম ব্র্যান্ড",658
prod_00886,অর্গানিক ফার্ম চিংড়ি ২ কেজি,প্রোটিন,"তাজা চিংড়ি, ২ কেজি, অর্গানিক ফার্ম ব্র্যান্ড",1871
prod_00887,অর্গানিক ফার্ম চিংড়ি ১ কেজি,প্রোটিন,"তাজা চিংড়ি, ১ কেজি, অর্গানিক ফার্ম ব্র্যান্ড",1123
prod_00888,সুরভি চিংড়ি ২ কেজি,প্রোটিন,"তাজা চিংড়ি, ২ কেজি, সুরভি ব্র্যান্ড",1989
prod_00889,সুরভি চিংড়ি ৫০০ গ্রাম,প্রোটিন,"তাজা চিংড়ি, ৫০০ গ্রাম, সুরভি ব্র্যান্ড",611
prod_00890,সুরভি চিংড়ি ২৫০ গ্রাম,প্রোটিন,"তাজা চিংড়ি, ২৫০ গ্রাম, সুরভি ব্র্যান্ড",317
prod_00891,মিল্কভিটা চিংড়ি ৫ কেজি,প্রোটিন,"তাজা চিংড়ি, ৫ কেজি, মিল্কভিটা ব্র্যান্ড",4683
prod_00892,মিল্কভিটা চিংড়ি ২ কেজি,প্রোটিন,"তাজা চিংড়ি, ২ কেজি, মিল্কভিটা ব্র্যান্ড",1757
prod_00893,মিল্কভিটা চিংড়ি ১ কেজি,প্রোটিন,"তাজা চিংড়ি, ১ কেজি, মিল্কভিটা ব্র্যান্ড",1093
prod_00894,তীর চিংড়ি ২৫০ গ্রাম,প্রোটিন,"তাজা চিংড়ি, ২৫০ গ্রাম, তীর ব্র্যান্ড",302
prod_00895,তীর চিংড়ি ৫০০ গ্রাম,প্রোটিন,"তাজা চিংড়ি, ৫০০ গ্রাম, তীর ব্র্যান্ড",559
prod_00896,তীর চিংড়ি ১ কেজি,প্রোটিন,"তাজা চিংড়ি, ১ কেজি, তীর ব্র্যান্ড",1156
prod_00897,রূপচাঁদা চিংড়ি ২ কেজি,প্রোটিন,"তাজা চিংড়ি, ২ কেজি, রূপচাঁদা ব্র্যান্ড",1806
prod_00898,রূপচাঁদা চিংড়ি ২৫০ গ্রাম,প্রোটিন,"তাজা চিংড়ি, ২৫০ গ্রাম, রূপচাঁদা ব্র্যান্ড",304
prod_00899,রূপচাঁদা চিংড়ি ১ কেজি,প্রোটিন,"তাজা চিংড়ি, ১ কেজি, রূপচাঁদা ব্র্যান্ড",991
prod_00900,আফতাব পাঙ্গাস মাছ ৫ কেজি,প্রোটিন,"তাজা পাঙ্গাস মাছ, ৫ কেজি, আফতাব ব্র্যান্ড",2430
prod_00901,আফতাব পাঙ্গাস মাছ ২ কেজি,প্রোটিন,"তাজা পাঙ্গাস মাছ, ২ কেজি, আফতাব ব্র্যান্ড",1036
prod_00902,আফতাব পাঙ্গাস মাছ ৫০০ গ্রাম,প্রোটিন,"তাজা পাঙ্গাস মাছ, ৫০০ গ্রাম, আফতাব ব্র্যান্ড",331
prod_00903,ইগলু পাঙ্গাস মাছ ১ কেজি,প্রোটিন,"তাজা পাঙ্গাস মাছ, ১ কেজি, ইগলু ব্র্যান্ড",547
prod_00904,ইগলু পাঙ্গাস মাছ ২৫০ গ্রাম,প্রোটিন,"তাজা পাঙ্গাস মাছ, ২৫০ গ্রাম, ইগলু ব্র্যান্ড",144
prod_00905,ইগলু পাঙ্গাস মাছ ৫০০ গ্রাম,প্রোটিন,"তাজা পাঙ্গাস মাছ, ৫০০ গ্রাম, ইগলু ব্র্যান্ড",301
prod_00906,আরকু পাঙ্গাস মাছ ২৫০ গ্রাম,প্রোটিন,"তাজা পাঙ্গাস মাছ, ২৫০ গ্রাম, আরকু ব্র্যান্ড",155
prod_00907,আরকু পাঙ্গাস মাছ ৫ কেজি,প্রোটিন,"তাজা পাঙ্গাস মাছ, ৫ কেজি, আরকু ব্র্যান্ড",2190
prod_00908,আরকু পাঙ্গাস মাছ ৫০০ গ্রাম,প্রোটিন,"তাজা পাঙ্গাস মাছ, ৫০০ গ্রাম, আরকু ব্র্যান্ড",351
prod_00909,মিল্কভিটা পাঙ্গাস মাছ ২৫০ গ্রাম,প্রোটিন,"তাজা পাঙ্গাস মাছ, ২৫০ গ্রাম, মিল্কভিটা ব্র্যান্ড",153
prod_00910,মিল্কভিটা পাঙ্গাস মাছ ২ কেজি,প্রোটিন,"তাজা পাঙ্গাস মাছ, ২ কেজি, মিল্কভিটা ব্র্যান্ড",958
prod_00911,মিল্কভিটা পাঙ্গাস মাছ ৫ কেজি,প্রোটিন,"তাজা পাঙ্গাস মাছ, ৫ কেজি, মিল্কভিটা ব্র্যান্ড",2225
prod_00912,তীর পাঙ্গাস মাছ ২ কেজি,প্রোটিন,"তাজা পাঙ্গাস মাছ, ২ কেজি, তীর ব্র্যান্ড",1013
prod_00913,তীর পাঙ্গাস মাছ ১ কেজি,প্রোটিন,"তাজা পাঙ্গাস মাছ, ১ কেজি, তীর ব্র্যান্ড",624
prod_00914,তীর পাঙ্গাস মাছ ৫০০ গ্রাম,প্রোটিন,"তাজা পাঙ্গাস মাছ, ৫০০ গ্রাম, তীর ব্র্যান্ড",312
prod_00915,রাধুনী ডিম ৫০০ গ্রাম,প্রোটিন,"তাজা মুরগির ডিম, ৫০০ গ্রাম, রাধুনী ব্র্যান্ড",111
prod_00916,রাধুনী ডিম ২ কেজি,প্রোটিন,"তাজা মুরগির ডিম, ২ কেজি, রাধুনী ব্র্যান্ড",420
prod_00917,রাধুনী ডিম ১ কেজি,প্রোটিন,"তাজা মুরগির ডিম, ১ কেজি, রাধুনী ব্র্যান্ড",230
prod_00918,কাজী ফার্মস ডিম ২৫০ গ্রাম,প্রোটিন,"তাজা মুরগির ডিম, ২৫০ গ্রাম, কাজী ফার্মস ব্র্যান্ড",62
prod_00919,কাজী ফার্মস ডিম ১ কেজি,প্রোটিন,"তাজা মুরগির ডিম, ১ কেজি, কাজী ফার্মস ব্র্যান্ড",217
prod_00920,কাজী ফার্মস ডিম ৫০০ গ্রাম,প্রোটিন,"তাজা মুরগির ডিম, ৫০০ গ্রাম, কাজী ফার্মস ব্র্যান্ড",120
prod_00921,তীর ডিম ৫০০ গ্রাম,প্রোটিন,"তাজা মুরগির ডিম, ৫০০ গ্রাম, তীর ব্র্যান্ড",116
prod_00922,তীর ডিম ৫ কেজি,প্রোটিন,"তাজা মুরগির ডিম, ৫ কেজি, তীর ব্র্যান্ড",859
prod_00923,তীর ডিম ২ কেজি,প্রোটিন,"তাজা মুরগির ডিম, ২ কেজি, তীর ব্র্যান্ড",417
prod_00924,মেঘনা ডিম ২৫০ গ্রাম,প্রোটিন,"তাজা মুরগির ডিম, ২৫০ গ্রাম, মেঘনা ব্র্যান্ড",59
prod_00925,মেঘনা ডিম ৫ কেজি,প্রোটিন,"তাজা মুরগির ডিম, ৫ কেজি, মেঘনা ব্র্যান্ড",947
prod_00926,মেঘনা ডিম ১ কেজি,প্রোটিন,"তাজা মুরগির ডিম, ১ কেজি, মেঘনা ব্র্যান্ড",232
prod_00927,ফ্রেশ ডিম ২৫০ গ্রাম,প্রোটিন,"তাজা মুরগির ডিম, ২৫০ গ্রাম, ফ্রেশ ব্র্যান্ড",54
prod_00928,ফ্রেশ ডিম ৫০০ গ্রাম,প্রোটিন,"তাজা মুরগির ডিম, ৫০০ গ্রাম, ফ্রেশ ব্র্যান্ড",122
prod_00929,ফ্রেশ ডিম ৫ কেজি,প্রোটিন,"তাজা মুরগির ডিম, ৫ কেজি, ফ্রেশ ব্র্যান্ড",890
prod_00930,আরকু গরুর মাংস ৫০০ গ্রাম,প্রোটিন,"তাজা গরুর মাংস, ৫০০ গ্রাম, আরকু ব্র্যান্ড",649
prod_00931,আরকু গরুর মাংস ৫ কেজি,প্রোটিন,"তাজা গরুর মাংস, ৫ কেজি, আরকু ব্র্যান্ড",5768
prod_00932,আরকু গরুর মাংস ২৫০ গ্রাম,প্রোটিন,"তাজা গরুর মাংস, ২৫০ গ্রাম, আরকু ব্র্যান্ড",331
prod_00933,সুরভি গরুর মাংস ৫ কেজি,প্রোটিন,"তাজা গরুর মাংস, ৫ কেজি, সুরভি ব্র্যান্ড",5352
prod_00934,সুরভি গরুর মাংস ১ কেজি,প্রোটিন,"তাজা গরুর মাংস, ১ কেজি, সুরভি ব্র্যান্ড",1303
prod_00935,সুরভি গরুর মাংস ২ কেজি,প্রোটিন,"তাজা গরুর মাংস, ২ কেজি, সুরভি ব্র্যান্ড",2159
prod_00936,অর্গানিক ফার্ম গরুর মাংস ১ কেজি,প্রোটিন,"তাজা গরুর মাংস, ১ কেজি, অর্গানিক ফার্ম ব্র্যান্ড",1265
prod_00937,অর্গানিক ফার্ম গরুর মাংস ৫০০ গ্রাম,প্রোটিন,"তাজা গরুর মাংস, ৫০০ গ্রাম, অর্গানিক ফার্ম ব্র্যান্ড",687
prod_00938,অর্গানিক ফার্ম গরুর মাংস ৫ কেজি,প্রোটিন,"তাজা গরুর মাংস, ৫ কেজি, অর্গানিক ফার্ম ব্র্যান্ড",5013
prod_00939,পূর্ণ গরুর মাংস ৫ কেজি,প্রোটিন,"তাজা গরুর মাংস, ৫ কেজি, পূর্ণ ব্র্যান্ড",5437
prod_00940,পূর্ণ গরুর মাংস ৫০০ গ্রাম,প্রোটিন,"তাজা গরুর মাংস, ৫০০ গ্রাম, পূর্ণ ব্র্যান্ড",707
prod_00941,পূর্ণ গরুর মাংস ১ কেজি,প্রোটিন,"তাজা গরুর মাংস, ১ কেজি, পূর্ণ ব্র্যান্ড",1145
prod_00942,ইগলু গরুর মাংস ১ কেজি,প্রোটিন,"তাজা গরুর মাংস, ১ কেজি, ইগলু ব্র্যান্ড",1214
prod_00943,ইগলু গরুর মাংস ২ কেজি,প্রোটিন,"তাজা গরুর মাংস, ২ কেজি, ইগলু ব্র্যান্ড",2202
prod_00944,ইগলু গরুর মাংস ৫ কেজি,প্রোটিন,"তাজা গরুর মাংস, ৫ কেজি, ইগলু ব্র্যান্ড",4881
prod_00945,পূর্ণ খাসির মাংস ৫০০ গ্রাম,প্রোটিন,"তাজা খাসির মাংস, ৫০০ গ্রাম, পূর্ণ ব্র্যান্ড",835
prod_00946,পূর্ণ খাসির মাংস ১ কেজি,প্রোটিন,"তাজা খাসির মাংস, ১ কেজি, পূর্ণ ব্র্যান্ড",1608
prod_00947,পূর্ণ খাসির মাংস ২ কেজি,প্রোটিন,"তাজা খাসির মাংস, ২ কেজি, পূর্ণ ব্র্যান্ড",2625
prod_00948,ইস্পাহানি খাসির মাংস ২ কেজি,প্রোটিন,"তাজা খাসির মাংস, ২ কেজি, ইস্পাহানি ব্র্যান্ড",2897
prod_00949,ইস্পাহানি খাসির মাংস ৫ কেজি,প্রোটিন,"তাজা খাসির মাংস, ৫ কেজি, ইস্পাহানি ব্র্যান্ড",6599
prod_00950,ইস্পাহানি খাসির মাংস ১ কেজি,প্রোটিন,"তাজা খাসির মাংস, ১ কেজি, ইস্পাহানি ব্র্যান্ড",1540
prod_00951,কাজী ফার্মস খাসির মাংস ১ কেজি,প্রোটিন,"তাজা খাসির মাংস, ১ কেজি, কাজী ফার্মস ব্র্যান্ড",1732
prod_00952,কাজী ফার্মস খাসির মাংস ২৫০ গ্রাম,প্রোটিন,"তাজা খাসির মাংস, ২৫০ গ্রাম, কাজী ফার্মস ব্র্যান্ড",413
prod_00953,কাজী ফার্মস খাসির মাংস ৫০০ গ্রাম,প্রোটিন,"তাজা খাসির মাংস, ৫০০ গ্রাম, কাজী ফার্মস ব্র্যান্ড",940
prod_00954,রূপচাঁদা খাসির মাংস ৫০০ গ্রাম,প্রোটিন,"তাজা খাসির মাংস, ৫০০ গ্রাম, রূপচাঁদা ব্র্যান্ড",877
prod_00955,রূপচাঁদা খাসির মাংস ২৫০ গ্রাম,প্রোটিন,"তাজা খাসির মাংস, ২৫০ গ্রাম, রূপচাঁদা ব্র্যান্ড",459
prod_00956,রূপচাঁদা খাসির মাংস ৫ কেজি,প্রোটিন,"তাজা খাসির মাংস, ৫ কেজি, রূপচাঁদা ব্র্যান্ড",6128
prod_00957,সুরভি খাসির মাংস ২৫০ গ্রাম,প্রোটিন,"তাজা খাসির মাংস, ২৫০ গ্রাম, সুরভি ব্র্যান্ড",470
prod_00958,সুরভি খাসির মাংস ৫০০ গ্রাম,প্রোটিন,"তাজা খাসির মাংস, ৫০০ গ্রাম, সুরভি ব্র্যান্ড",910
prod_00959,সুরভি খাসির মাংস ১ কেজি,প্রোটিন,"তাজা খাসির মাংস, ১ কেজি, সুরভি ব্র্যান্ড",1613
prod_00960,স্কয়ার কাতলা মাছ ২৫০ গ্রাম,প্রোটিন,"তাজা কাতলা মাছ, ২৫০ গ্রাম, স্কয়ার ব্র্যান্ড",155
prod_00961,স্কয়ার কাতলা মাছ ২ কেজি,প্রোটিন,"তাজা কাতলা মাছ, ২ কেজি, স্কয়ার ব্র্যান্ড",999
prod_00962,স্কয়ার কাতলা মাছ ৫ কেজি,প্রোটিন,"তাজা কাতলা মাছ, ৫ কেজি, স্কয়ার ব্র্যান্ড",2203
prod_00963,ACI কাতলা মাছ ৫০০ গ্রাম,প্রোটিন,"তাজা কাতলা মাছ, ৫০০ গ্রাম, ACI ব্র্যান্ড",292
prod_00964,ACI কাতলা মাছ ১ কেজি,প্রোটিন,"তাজা কাতলা মাছ, ১ কেজি, ACI ব্র্যান্ড",543
prod_00965,ACI কাতলা মাছ ৫ কেজি,প্রোটিন,"তাজা কাতলা মাছ, ৫ কেজি, ACI ব্র্যান্ড",2186
prod_00966,প্রাণ কাতলা মাছ ১ কেজি,প্রোটিন,"তাজা কাতলা মাছ, ১ কেজি, প্রাণ ব্র্যান্ড",581
prod_00967,প্রাণ কাতলা মাছ ৫ কেজি,প্রোটিন,"তাজা কাতলা মাছ, ৫ কেজি, প্রাণ ব্র্যান্ড",2234
prod_00968,প্রাণ কাতলা মাছ ২ কেজি,প্রোটিন,"তাজা কাতলা মাছ, ২ কেজি, প্রাণ ব্র্যান্ড",1018
prod_00969,ম্যারিকো কাতলা মাছ ২ কেজি,প্রোটিন,"তাজা কাতলা মাছ, ২ কেজি, ম্যারিকো ব্র্যান্ড",935
prod_00970,ম্যারিকো কাতলা মাছ ১ কেজি,প্রোটিন,"তাজা কাতলা মাছ, ১ কেজি, ম্যারিকো ব্র্যান্ড",530
prod_00971,ম্যারিকো কাতলা মাছ ২৫০ গ্রাম,প্রোটিন,"তাজা কাতলা মাছ, ২৫০ গ্রাম, ম্যারিকো ব্র্যান্ড",151
prod_00972,আফতাব কাতলা মাছ ৫০০ গ্রাম,প্রোটিন,"তাজা কাতলা মাছ, ৫০০ গ্রাম, আফতাব ব্র্যান্ড",285
prod_00973,আফতাব কাতলা মাছ ৫ কেজি,প্রোটিন,"তাজা কাতলা মাছ, ৫ কেজি, আফতাব ব্র্যান্ড",2445
prod_00974,আফতাব কাতলা মাছ ২৫০ গ্রাম,প্রোটিন,"তাজা কাতলা মাছ, ২৫০ গ্রাম, আফতাব ব্র্যান্ড",152
prod_00975,ড্যানিশ তেলাপিয়া ৫০০ গ্রাম,প্রোটিন,"তাজা তেলাপিয়া মাছ, ৫০০ গ্রাম, ড্যানিশ ব্র্যান্ড",266
prod_00976,ড্যানিশ তেলাপিয়া ২ কেজি,প্রোটিন,"তাজা তেলাপিয়া মাছ, ২ কেজি, ড্যানিশ ব্র্যান্ড",799
prod_00977,ড্যানিশ তেলাপিয়া ১ কেজি,প্রোটিন,"তাজা তেলাপিয়া মাছ, ১ কেজি, ড্যানিশ ব্র্যান্ড",463
prod_00978,ACI তেলাপিয়া ১ কেজি,প্রোটিন,"তাজা তেলাপিয়া মাছ, ১ কেজি, ACI ব্র্যান্ড",491
prod_00979,ACI তেলাপিয়া ৫ কেজি,প্রোটিন,"তাজা তেলাপিয়া মাছ, ৫ কেজি, ACI ব্র্যান্ড",1928
prod_00980,ACI তেলাপিয়া ৫০০ গ্রাম,প্রোটিন,"তাজা তেলাপিয়া মাছ, ৫০০ গ্রাম, ACI ব্র্যান্ড",249
prod_00981,তীর তেলাপিয়া ৫০০ গ্রাম,প্রোটিন,"তাজা তেলাপিয়া মাছ, ৫০০ গ্রাম, তীর ব্র্যান্ড",231
prod_00982,তীর তেলাপিয়া ১ কেজি,প্রোটিন,"তাজা তেলাপিয়া মাছ, ১ কেজি, তীর ব্র্যান্ড",454
prod_00983,তীর তেলাপিয়া ২৫০ গ্রাম,প্রোটিন,"তাজা তেলাপিয়া মাছ, ২৫০ গ্রাম, তীর ব্র্যান্ড",117
prod_00984,ম্যারিকো তেলাপিয়া ৫ কেজি,প্রোটিন,"তাজা তেলাপিয়া মাছ, ৫ কেজি, ম্যারিকো ব্র্যান্ড",1700
prod_00985,ম্যারিকো তেলাপিয়া ২৫০ গ্রাম,প্রোটিন,"তাজা তেলাপিয়া মাছ, ২৫০ গ্রাম, ম্যারিকো ব্র্যান্ড",133
prod_00986,ম্যারিকো তেলাপিয়া ১ কেজি,প্রোটিন,"তাজা তেলাপিয়া মাছ, ১ কেজি, ম্যারিকো ব্র্যান্ড",490
prod_00987,স্কয়ার তেলাপিয়া ২৫০ গ্রাম,প্রোটিন,"তাজা তেলাপিয়া মাছ, ২৫০ গ্রাম, স্কয়ার ব্র্যান্ড",115
prod_00988,স্কয়ার তেলাপিয়া ৫ কেজি,প্রোটিন,"তাজা তেলাপিয়া মাছ, ৫ কেজি, স্কয়ার ব্র্যান্ড",1924
prod_00989,স্কয়ার তেলাপিয়া ৫০০ গ্রাম,প্রোটিন,"তাজা তেলাপিয়া মাছ, ৫০০ গ্রাম, স্কয়ার ব্র্যান্ড",228
prod_00990,তীর সিং মাছ ১ কেজি,প্রোটিন,"স্থানীয় সিং মাছ, ১ কেজি, তীর ব্র্যান্ড",702
prod_00991,তীর সিং মাছ ২৫০ গ্রাম,প্রোটিন,"স্থানীয় সিং মাছ, ২৫০ গ্রাম, তীর ব্র্যান্ড",206
prod_00992,তীর সিং মাছ ৫ কেজি,প্রোটিন,"স্থানীয় সিং মাছ, ৫ কেজি, তীর ব্র্যান্ড",3085
prod_00993,প্রাণ সিং মাছ ২ কেজি,প্রোটিন,"স্থানীয় সিং মাছ, ২ কেজি, প্রাণ ব্র্যান্ড",1223
prod_00994,প্রাণ সিং মাছ ২৫০ গ্রাম,প্রোটিন,"স্থানীয় সিং মাছ, ২৫০ গ্রাম, প্রাণ ব্র্যান্ড",186
prod_00995,প্রাণ সিং মাছ ৫ কেজি,প্রোটিন,"স্থানীয় সিং মাছ, ৫ কেজি, প্রাণ ব্র্যান্ড",2574
prod_00996,ম্যারিকো সিং মাছ ১ কেজি,প্রোটিন,"স্থানীয় সিং মাছ, ১ কেজি, ম্যারিকো ব্র্যান্ড",684
prod_00997,ম্যারিকো সিং মাছ ৫ কেজি,প্রোটিন,"স্থানীয় সিং মাছ, ৫ কেজি, ম্যারিকো ব্র্যান্ড",2962
prod_00998,ম্যারিকো সিং মাছ ২৫০ গ্রাম,প্রোটিন,"স্থানীয় সিং মাছ, ২৫০ গ্রাম, ম্যারিকো ব্র্যান্ড",187
prod_00999,আফতাব সিং মাছ ৫০০ গ্রাম,প্রোটিন,"স্থানীয় সিং মাছ, ৫০০ গ্রাম, আফতাব ব্র্যান্ড",381
prod_01000,আফতাব সিং মাছ ২৫০ গ্রাম,প্রোটিন,"স্থানীয় সিং মাছ, ২৫০ গ্রাম, আফতাব ব্র্যান্ড",180
prod_01001,আফতাব সিং মাছ ২ কেজি,প্রোটিন,"স্থানীয় সিং মাছ, ২ কেজি, আফতাব ব্র্যান্ড",1245
prod_01002,ইগলু সিং মাছ ১ কেজি,প্রোটিন,"স্থানীয় সিং মাছ, ১ কেজি, ইগলু ব্র্যান্ড",724
prod_01003,ইগলু সিং মাছ ৫ কেজি,প্রোটিন,"স্থানীয় সিং মাছ, ৫ কেজি, ইগলু ব্র্যান্ড",2610
prod_01004,ইগলু সিং মাছ ৫০০ গ্রাম,প্রোটিন,"স্থানীয় সিং মাছ, ৫০০ গ্রাম, ইগলু ব্র্যান্ড",414
prod_01005,ইগলু শোল মাছ ২৫০ গ্রাম,প্রোটিন,"তাজা শোল মাছ, ২৫০ গ্রাম, ইগলু ব্র্যান্ড",245
prod_01006,ইগলু শোল মাছ ৫ কেজি,প্রোটিন,"তাজা শোল মাছ, ৫ কেজি, ইগলু ব্র্যান্ড",3657
prod_01007,ইগলু শোল মাছ ২ কেজি,প্রোটিন,"তাজা শোল মাছ, ২ কেজি, ইগলু ব্র্যান্ড",1592
prod_01008,মিল্কভিটা শোল মাছ ২৫০ গ্রাম,প্রোটিন,"তাজা শোল মাছ, ২৫০ গ্রাম, মিল্কভিটা ব্র্যান্ড",249
prod_01009,মিল্কভিটা শোল মাছ ৫০০ গ্রাম,প্রোটিন,"তাজা শোল মাছ, ৫০০ গ্রাম, মিল্কভিটা ব্র্যান্ড",493
prod_01010,মিল্কভিটা শোল মাছ ৫ কেজি,প্রোটিন,"তাজা শোল মাছ, ৫ কেজি, মিল্কভিটা ব্র্যান্ড",3963
prod_01011,সুরভি শোল মাছ ৫ কেজি,প্রোটিন,"তাজা শোল মাছ, ৫ কেজি, সুরভি ব্র্যান্ড",4064
prod_01012,সুরভি শোল মাছ ২৫০ গ্রাম,প্রোটিন,"তাজা শোল মাছ, ২৫০ গ্রাম, সুরভি ব্র্যান্ড",236
prod_01013,সুরভি শোল মাছ ১ কেজি,প্রোটিন,"তাজা শোল মাছ, ১ কেজি, সুরভি ব্র্যান্ড",972
prod_01014,কাজী ফার্মস শোল মাছ ৫ কেজি,প্রোটিন,"তাজা শোল মাছ, ৫ কেজি, কাজী ফার্মস ব্র্যান্ড",3409
prod_01015,কাজী ফার্মস শোল মাছ ২ কেজি,প্রোটিন,"তাজা শোল মাছ, ২ কেজি, কাজী ফার্মস ব্র্যান্ড",1463
prod_01016,কাজী ফার্মস শোল মাছ ৫০০ গ্রাম,প্রোটিন,"তাজা শোল মাছ, ৫০০ গ্রাম, কাজী ফার্মস ব্র্যান্ড",542
prod_01017,ACI শোল মাছ ৫ কেজি,প্রোটিন,"তাজা শোল মাছ, ৫ কেজি, ACI ব্র্যান্ড",4071
prod_01018,ACI শোল মাছ ২৫০ গ্রাম,প্রোটিন,"তাজা শোল মাছ, ২৫০ গ্রাম, ACI ব্র্যান্ড",240
prod_01019,ACI শোল মাছ ২ কেজি,প্রোটিন,"তাজা শোল মাছ, ২ কেজি, ACI ব্র্যান্ড",1747
prod_01020,মিল্কভিটা বোয়াল মাছ ৫০০ গ্রাম,প্রোটিন,"তাজা বোয়াল মাছ, ৫০০ গ্রাম, মিল্কভিটা ব্র্যান্ড",480
prod_01021,মিল্কভিটা বোয়াল মাছ ৫ কেজি,প্রোটিন,"তাজা বোয়াল মাছ, ৫ কেজি, মিল্কভিটা ব্র্যান্ড",3300
prod_01022,মিল্কভিটা বোয়াল মাছ ১ কেজি,প্রোটিন,"তাজা বোয়াল মাছ, ১ কেজি, মিল্কভিটা ব্র্যান্ড",874
prod_01023,তীর বোয়াল মাছ ১ কেজি,প্রোটিন,"তাজা বোয়াল মাছ, ১ কেজি, তীর ব্র্যান্ড",751
prod_01024,তীর বোয়াল মাছ ২ কেজি,প্রোটিন,"তাজা বোয়াল মাছ, ২ কেজি, তীর ব্র্যান্ড",1580
prod_01025,তীর বোয়াল মাছ ৫ কেজি,প্রোটিন,"তাজা বোয়াল মাছ, ৫ কেজি, তীর ব্র্যান্ড",3526
prod_01026,পূর্ণ বোয়াল মাছ ৫ কেজি,প্রোটিন,"তাজা বোয়াল মাছ, ৫ কেজি, পূর্ণ ব্র্যান্ড",3103
prod_01027,পূর্ণ বোয়াল মাছ ১ কেজি,প্রোটিন,"তাজা বোয়াল মাছ, ১ কেজি, পূর্ণ ব্র্যান্ড",766
prod_01028,পূর্ণ বোয়াল মাছ ২৫০ গ্রাম,প্রোটিন,"তাজা বোয়াল মাছ, ২৫০ গ্রাম, পূর্ণ ব্র্যান্ড",205
prod_01029,রাধুনী বোয়াল মাছ ৫ কেজি,প্রোটিন,"তাজা বোয়াল মাছ, ৫ কেজি, রাধুনী ব্র্যান্ড",3057
prod_01030,রাধুনী বোয়াল মাছ ২ কেজি,প্রোটিন,"তাজা বোয়াল মাছ, ২ কেজি, রাধুনী ব্র্যান্ড",1374
prod_01031,রাধুনী বোয়াল মাছ ৫০০ গ্রাম,প্রোটিন,"তাজা বোয়াল মাছ, ৫০০ গ্রাম, রাধুনী ব্র্যান্ড",494
prod_01032,ACI বোয়াল মাছ ২ কেজি,প্রোটিন,"তাজা বোয়াল মাছ, ২ কেজি, ACI ব্র্যান্ড",1455
prod_01033,ACI বোয়াল মাছ ৫০০ গ্রাম,প্রোটিন,"তাজা বোয়াল মাছ, ৫০০ গ্রাম, ACI ব্র্যান্ড",438
prod_01034,ACI বোয়াল মাছ ৫ কেজি,প্রোটিন,"তাজা বোয়াল মাছ, ৫ কেজি, ACI ব্র্যান্ড",3162
prod_01035,মিল্কভিটা মাগুর মাছ ২৫০ গ্রাম,প্রোটিন,"তাজা মাগুর মাছ, ২৫০ গ্রাম, মিল্কভিটা ব্র্যান্ড",186
prod_01036,মিল্কভিটা মাগুর মাছ ৫ কেজি,প্রোটিন,"তাজা মাগুর মাছ, ৫ কেজি, মিল্কভিটা ব্র্যান্ড",3127
prod_01037,মিল্কভিটা মাগুর মাছ ৫০০ গ্রাম,প্রোটিন,"তাজা মাগুর মাছ, ৫০০ গ্রাম, মিল্কভিটা ব্র্যান্ড",410
prod_01038,পূর্ণ মাগুর মাছ ২ কেজি,প্রোটিন,"তাজা মাগুর মাছ, ২ কেজি, পূর্ণ ব্র্যান্ড",1179
prod_01039,পূর্ণ মাগুর মাছ ১ কেজি,প্রোটিন,"তাজা মাগুর মাছ, ১ কেজি, পূর্ণ ব্র্যান্ড",648
prod_01040,পূর্ণ মাগুর মাছ ৫০০ গ্রাম,প্রোটিন,"তাজা মাগুর মাছ, ৫০০ গ্রাম, পূর্ণ ব্র্যান্ড",384
prod_01041,রাধুনী মাগুর মাছ ১ কেজি,প্রোটিন,"তাজা মাগুর মাছ, ১ কেজি, রাধুনী ব্র্যান্ড",667
prod_01042,রাধুনী মাগুর মাছ ৫ কেজি,প্রোটিন,"তাজা মাগুর মাছ, ৫ কেজি, রাধুনী ব্র্যান্ড",2812
prod_01043,রাধুনী মাগুর মাছ ২৫০ গ্রাম,প্রোটিন,"তাজা মাগুর মাছ, ২৫০ গ্রাম, রাধুনী ব্র্যান্ড",197
prod_01044,ACI মাগুর মাছ ৫ কেজি,প্রোটিন,"তাজা মাগুর মাছ, ৫ কেজি, ACI ব্র্যান্ড",2715
prod_01045,ACI মাগুর মাছ ২ কেজি,প্রোটিন,"তাজা মাগুর মাছ, ২ কেজি, ACI ব্র্যান্ড",1242
prod_01046,ACI মাগুর মাছ ২৫০ গ্রাম,প্রোটিন,"তাজা মাগুর মাছ, ২৫০ গ্রাম, ACI ব্র্যান্ড",183
prod_01047,সুরভি মাগুর মাছ ৫ কেজি,প্রোটিন,"তাজা মাগুর মাছ, ৫ কেজি, সুরভি ব্র্যান্ড",2707
prod_01048,সুরভি মাগুর মাছ ১ কেজি,প্রোটিন,"তাজা মাগুর মাছ, ১ কেজি, সুরভি ব্র্যান্ড",707
prod_01049,সুরভি মাগুর মাছ ৫০০ গ্রাম,প্রোটিন,"তাজা মাগুর মাছ, ৫০০ গ্রাম, সুরভি ব্র্যান্ড",422
prod_01050,কাজী ফার্মস কই মাছ ৫০০ গ্রাম,প্রোটিন,"তাজা কই মাছ, ৫০০ গ্রাম, কাজী ফার্মস ব্র্যান্ড",336
prod_01051,কাজী ফার্মস কই মাছ ৫ কেজি,প্রোটিন,"তাজা কই মাছ, ৫ কেজি, কাজী ফার্মস ব্র্যান্ড",2621
prod_01052,কাজী ফার্মস কই মাছ ২ কেজি,প্রোটিন,"তাজা কই মাছ, ২ কেজি, কাজী ফার্মস ব্র্যান্ড",1022
prod_01053,সুরভি কই মাছ ২ কেজি,প্রোটিন,"তাজা কই মাছ, ২ কেজি, সুরভি ব্র্যান্ড",1075
prod_01054,সুরভি কই মাছ ১ কেজি,প্রোটিন,"তাজা কই মাছ, ১ কেজি, সুরভি ব্র্যান্ড",665
prod_01055,সুরভি কই মাছ ৫০০ গ্রাম,প্রোটিন,"তাজা কই মাছ, ৫০০ গ্রাম, সুরভি ব্র্যান্ড",340
prod_01056,আফতাব কই মাছ ৫০০ গ্রাম,প্রোটিন,"তাজা কই মাছ, ৫০০ গ্রাম, আফতাব ব্র্যান্ড",358
prod_01057,আফতাব কই মাছ ২ কেজি,প্রোটিন,"তাজা কই মাছ, ২ কেজি, আফতাব ব্র্যান্ড",1110
prod_01058,আফতাব কই মাছ ১ কেজি,প্রোটিন,"তাজা কই মাছ, ১ কেজি, আফতাব ব্র্যান্ড",584
prod_01059,ইস্পাহানি কই মাছ ২৫০ গ্রাম,প্রোটিন,"তাজা কই মাছ, ২৫০ গ্রাম, ইস্পাহানি ব্র্যান্ড",186
prod_01060,ইস্পাহানি কই মাছ ২ কেজি,প্রোটিন,"তাজা কই মাছ, ২ কেজি, ইস্পাহানি ব্র্যান্ড",1093
prod_01061,ইস্পাহানি কই মাছ ৫০০ গ্রাম,প্রোটিন,"তাজা কই মাছ, ৫০০ গ্রাম, ইস্পাহানি ব্র্যান্ড",375
prod_01062,পূর্ণ কই মাছ ২ কেজি,প্রোটিন,"তাজা কই মাছ, ২ কেজি, পূর্ণ ব্র্যান্ড",1190
prod_01063,পূর্ণ কই মাছ ১ কেজি,প্রোটিন,"তাজা কই মাছ, ১ কেজি, পূর্ণ ব্র্যান্ড",675
prod_01064,পূর্ণ কই মাছ ৫০০ গ্রাম,প্রোটিন,"তাজা কই মাছ, ৫০০ গ্রাম, পূর্ণ ব্র্যান্ড",383
prod_01065,তীর গরম মসলা ১ কেজি,মশলা,"গরম মাসালা মিশ্রণ, ১ কেজি, তীর ব্র্যান্ড",157
prod_01066,তীর গরম মসলা ৫০০ গ্রাম,মশলা,"গরম মাসালা মিশ্রণ, ৫০০ গ্রাম, তীর ব্র্যান্ড",76
prod_01067,তীর গরম মসলা ২ কেজি,মশলা,"গরম মাসালা মিশ্রণ, ২ কেজি, তীর ব্র্যান্ড",265
prod_01068,ACI গরম মসলা ২ কেজি,মশলা,"গরম মাসালা মিশ্রণ, ২ কেজি, ACI ব্র্যান্ড",249
prod_01069,ACI গরম মসলা ৫০০ গ্রাম,মশলা,"গরম মাসালা মিশ্রণ, ৫০০ গ্রাম, ACI ব্র্যান্ড",85
prod_01070,ACI গরম মসলা ৫ কেজি,মশলা,"গরম মাসালা মিশ্রণ, ৫ কেজি, ACI ব্র্যান্ড",587
prod_01071,স্কয়ার গরম মসলা ২৫০ গ্রাম,মশলা,"গরম মাসালা মিশ্রণ, ২৫০ গ্রাম, স্কয়ার ব্র্যান্ড",43
prod_01072,স্কয়ার গরম মসলা ৫০০ গ্রাম,মশলা,"গরম মাসালা মিশ্রণ, ৫০০ গ্রাম, স্কয়ার ব্র্যান্ড",74
prod_01073,স্কয়ার গরম মসলা ১ কেজি,মশলা,"গরম মাসালা মিশ্রণ, ১ কেজি, স্কয়ার ব্র্যান্ড",151
prod_01074,ম্যারিকো গরম মসলা ২৫০ গ্রাম,মশলা,"গরম মাসালা মিশ্রণ, ২৫০ গ্রাম, ম্যারিকো ব্র্যান্ড",37
prod_01075,ম্যারিকো গরম মসলা ২ কেজি,মশলা,"গরম মাসালা মিশ্রণ, ২ কেজি, ম্যারিকো ব্র্যান্ড",271
prod_01076,ম্যারিকো গরম মসলা ১ কেজি,মশলা,"গরম মাসালা মিশ্রণ, ১ কেজি, ম্যারিকো ব্র্যান্ড",153
prod_01077,রূপচাঁদা গরম মসলা ২৫০ গ্রাম,মশলা,"গরম মাসালা মিশ্রণ, ২৫০ গ্রাম, রূপচাঁদা ব্র্যান্ড",39
prod_01078,রূপচাঁদা গরম মসলা ২ কেজি,মশলা,"গরম মাসালা মিশ্রণ, ২ কেজি, রূপচাঁদা ব্র্যান্ড",262
prod_01079,রূপচাঁদা গরম মসলা ১ কেজি,মশলা,"গরম মাসালা মিশ্রণ, ১ কেজি, রূপচাঁদা ব্র্যান্ড",136
prod_01080,তীর হলুদ গুঁড়া ৫ কেজি,মশলা,"খাঁটি হলুদ গুঁড়া, ৫ কেজি, তীর ব্র্যান্ড",367
prod_01081,তীর হলুদ গুঁড়া ২ কেজি,মশলা,"খাঁটি হলুদ গুঁড়া, ২ কেজি, তীর ব্র্যান্ড",160
prod_01082,তীর হলুদ গুঁড়া ১ কেজি,মশলা,"খাঁটি হলুদ গুঁড়া, ১ কেজি, তীর ব্র্যান্ড",97
prod_01083,ড্যানিশ হলুদ গুঁড়া ২ কেজি,মশলা,"খাঁটি হলুদ গুঁড়া, ২ কেজি, ড্যানিশ ব্র্যান্ড",166
prod_01084,ড্যানিশ হলুদ গুঁড়া ২৫০ গ্রাম,মশলা,"খাঁটি হলুদ গুঁড়া, ২৫০ গ্রাম, ড্যানিশ ব্র্যান্ড",26
prod_01085,ড্যানিশ হলুদ গুঁড়া ৫০০ গ্রাম,মশলা,"খাঁটি হলুদ গুঁড়া, ৫০০ গ্রাম, ড্যানিশ ব্র্যান্ড",50
prod_01086,পূর্ণ হলুদ গুঁড়া ২৫০ গ্রাম,মশলা,"খাঁটি হলুদ গুঁড়া, ২৫০ গ্রাম, পূর্ণ ব্র্যান্ড",25
prod_01087,পূর্ণ হলুদ গুঁড়া ৫ কেজি,মশলা,"খাঁটি হলুদ গুঁড়া, ৫ কেজি, পূর্ণ ব্র্যান্ড",364
prod_01088,পূর্ণ হলুদ গুঁড়া ২ কেজি,মশলা,"খাঁটি হলুদ গুঁড়া, ২ কেজি, পূর্ণ ব্র্যান্ড",164
prod_01089,রাধুনী হলুদ গুঁড়া ২৫০ গ্রাম,মশলা,"খাঁটি হলুদ গুঁড়া, ২৫০ গ্রাম, রাধুনী ব্র্যান্ড",27
prod_01090,রাধুনী হলুদ গুঁড়া ২ কেজি,মশলা,"খাঁটি হলুদ গুঁড়া, ২ কেজি, রাধুনী ব্র্যান্ড",157
prod_01091,রাধুনী হলুদ গুঁড়া ৫০০ গ্রাম,মশলা,"খাঁটি হলুদ গুঁড়া, ৫০০ গ্রাম, রাধুনী ব্র্যান্ড",45
prod_01092,ইগলু হলুদ গুঁড়া ১ কেজি,মশলা,"খাঁটি হলুদ গুঁড়া, ১ কেজি, ইগলু ব্র্যান্ড",94
prod_01093,ইগলু হলুদ গুঁড়া ৫০০ গ্রাম,মশলা,"খাঁটি হলুদ গুঁড়া, ৫০০ গ্রাম, ইগলু ব্র্যান্ড",50
prod_01094,ইগলু হলুদ গুঁড়া ৫ কেজি,মশলা,"খাঁটি হলুদ গুঁড়া, ৫ কেজি, ইগলু ব্র্যান্ড",389
prod_01095,সুরভি লাল মরিচ ৫ কেজি,মশলা,"সূক্ষ্ম লাল মরিচ, ৫ কেজি, সুরভি ব্র্যান্ড",577
prod_01096,সুরভি লাল মরিচ ৫০০ গ্রাম,মশলা,"সূক্ষ্ম লাল মরিচ, ৫০০ গ্রাম, সুরভি ব্র্যান্ড",69
prod_01097,সুরভি লাল মরিচ ২ কেজি,মশলা,"সূক্ষ্ম লাল মরিচ, ২ কেজি, সুরভি ব্র্যান্ড",214
prod_01098,ইগলু লাল মরিচ ২৫০ গ্রাম,মশলা,"সূক্ষ্ম লাল মরিচ, ২৫০ গ্রাম, ইগলু ব্র্যান্ড",32
prod_01099,ইগলু লাল মরিচ ৫ কেজি,মশলা,"সূক্ষ্ম লাল মরিচ, ৫ কেজি, ইগলু ব্র্যান্ড",505
prod_01100,ইগলু লাল মরিচ ১ কেজি,মশলা,"সূক্ষ্ম লাল মরিচ, ১ কেজি, ইগলু ব্র্যান্ড",124
prod_01101,মেঘনা লাল মরিচ ৫০০ গ্রাম,মশলা,"সূক্ষ্ম লাল মরিচ, ৫০০ গ্রাম, মেঘনা ব্র্যান্ড",69
prod_01102,মেঘনা লাল মরিচ ২ কেজি,মশলা,"সূক্ষ্ম লাল মরিচ, ২ কেজি, মেঘনা ব্র্যান্ড",221
prod_01103,মেঘনা লাল মরিচ ৫ কেজি,মশলা,"সূক্ষ্ম লাল মরিচ, ৫ কেজি, মেঘনা ব্র্যান্ড",545
prod_01104,পূর্ণ লাল মরিচ ১ কেজি,মশলা,"সূক্ষ্ম লাল মরিচ, ১ কেজি, পূর্ণ ব্র্যান্ড",114
prod_01105,পূর্ণ লাল মরিচ ২৫০ গ্রাম,মশলা,"সূক্ষ্ম লাল মরিচ, ২৫০ গ্রাম, পূর্ণ ব্র্যান্ড",36
prod_01106,পূর্ণ লাল মরিচ ৫০০ গ্রাম,মশলা,"সূক্ষ্ম লাল মরিচ, ৫০০ গ্রাম, পূর্ণ ব্র্যান্ড",63
prod_01107,মিল্কভিটা লাল মরিচ ১ কেজি,মশলা,"সূক্ষ্ম লাল মরিচ, ১ কেজি, মিল্কভিটা ব্র্যান্ড",133
prod_01108,মিল্কভিটা লাল মরিচ ২৫০ গ্রাম,মশলা,"সূক্ষ্ম লাল মরিচ, ২৫০ গ্রাম, মিল্কভিটা ব্র্যান্ড",38
prod_01109,মিল্কভিটা লাল মরিচ ৫ কেজি,মশলা,"সূক্ষ্ম লাল মরিচ, ৫ কেজি, মিল্কভিটা ব্র্যান্ড",550
prod_01110,আফতাব কালো জিরা ৫ কেজি,মশলা,"খাঁটি কালো জিরা, ৫ কেজি, আফতাব ব্র্যান্ড",319
prod_01111,আফতাব কালো জিরা ২ কেজি,মশলা,"খাঁটি কালো জিরা, ২ কেজি, আফতাব ব্র্যান্ড",141
prod_01112,আফতাব কালো জিরা ৫০০ গ্রাম,মশলা,"খাঁটি কালো জিরা, ৫০০ গ্রাম, আফতাব ব্র্যান্ড",42
prod_01113,ইস্পাহানি কালো জিরা ২ কেজি,মশলা,"খাঁটি কালো জিরা, ২ কেজি, ইস্পাহানি ব্র্যান্ড",150
prod_01114,ইস্পাহানি কালো জিরা ৫ কেজি,মশলা,"খাঁটি কালো জিরা, ৫ কেজি, ইস্পাহানি ব্র্যান্ড",363
prod_01115,ইস্পাহানি কালো জিরা ২৫০ গ্রাম,মশলা,"খাঁটি কালো জিরা, ২৫০ গ্রাম, ইস্পাহানি ব্র্যান্ড",22
prod_01116,কাজী ফার্মস কালো জিরা ২ কেজি,মশলা,"খাঁটি কালো জিরা, ২ কেজি, কাজী ফার্মস ব্র্যান্ড",149
prod_01117,কাজী ফার্মস কালো জিরা ৫ কেজি,মশলা,"খাঁটি কালো জিরা, ৫ কেজি, কাজী ফার্মস ব্র্যান্ড",317
prod_01118,কাজী ফার্মস কালো জিরা ২৫০ গ্রাম,মশলা,"খাঁটি কালো জিরা, ২৫০ গ্রাম, কাজী ফার্মস ব্র্যান্ড",23
prod_01119,মিল্কভিটা কালো জিরা ২৫০ গ্রাম,মশলা,"খাঁটি কালো জিরা, ২৫০ গ্রাম, মিল্কভিটা ব্র্যান্ড",21
prod_01120,মিল্কভিটা কালো জিরা ৫ কেজি,মশলা,"খাঁটি কালো জিরা, ৫ কেজি, মিল্কভিটা ব্র্যান্ড",325
prod_01121,মিল্কভিটা কালো জিরা ১ কেজি,মশলা,"খাঁটি কালো জিরা, ১ কেজি, মিল্কভিটা ব্র্যান্ড",80
prod_01122,স্কয়ার কালো জিরা ১ কেজি,মশলা,"খাঁটি কালো জিরা, ১ কেজি, স্কয়ার ব্র্যান্ড",88
prod_01123,স্কয়ার কালো জিরা ২ কেজি,মশলা,"খাঁটি কালো জিরা, ২ কেজি, স্কয়ার ব্র্যান্ড",138
prod_01124,স্কয়ার কালো জিরা ৫ কেজি,মশলা,"খাঁটি কালো জিরা, ৫ কেজি, স্কয়ার ব্র্যান্ড",329
prod_01125,পূর্ণ মেথি বীজ ২ কেজি,মশলা,"মেথি বীজ, ২ কেজি, পূর্ণ ব্র্যান্ড",166
prod_01126,পূর্ণ মেথি বীজ ৫০০ গ্রাম,মশলা,"মেথি বীজ, ৫০০ গ্রাম, পূর্ণ ব্র্যান্ড",47
prod_01127,পূর্ণ মেথি বীজ ১ কেজি,মশলা,"মেথি বীজ, ১ কেজি, পূর্ণ ব্র্যান্ড",92
prod_01128,মিল্কভিটা মেথি বীজ ২৫০ গ্রাম,মশলা,"মেথি বীজ, ২৫০ গ্রাম, মিল্কভিটা ব্র্যান্ড",23
prod_01129,মিল্কভিটা মেথি বীজ ৫০০ গ্রাম,মশলা,"মেথি বীজ, ৫০০ গ্রাম, মিল্কভিটা ব্র্যান্ড",48
prod_01130,মিল্কভিটা মেথি বীজ ২ কেজি,মশলা,"মেথি বীজ, ২ কেজি, মিল্কভিটা ব্র্যান্ড",149
prod_01131,ফ্রেশ মেথি বীজ ৫০০ গ্রাম,মশলা,"মেথি বীজ, ৫০০ গ্রাম, ফ্রেশ ব্র্যান্ড",50
prod_01132,ফ্রেশ মেথি বীজ ২ কেজি,মশলা,"মেথি বীজ, ২ কেজি, ফ্রেশ ব্র্যান্ড",162
prod_01133,ফ্রেশ মেথি বীজ ৫ কেজি,মশলা,"মেথি বীজ, ৫ কেজি, ফ্রেশ ব্র্যান্ড",369
prod_01134,মেঘনা মেথি বীজ ২ কেজি,মশলা,"মেথি বীজ, ২ কেজি, মেঘনা ব্র্যান্ড",149
prod_01135,মেঘনা মেথি বীজ ৫০০ গ্রাম,মশলা,"মেথি বীজ, ৫০০ গ্রাম, মেঘনা ব্র্যান্ড",47
prod_01136,মেঘনা মেথি বীজ ১ কেজি,মশলা,"মেথি বীজ, ১ কেজি, মেঘনা ব্র্যান্ড",84
prod_01137,আফতাব মেথি বীজ ২ কেজি,মশলা,"মেথি বীজ, ২ কেজি, আফতাব ব্র্যান্ড",174
prod_01138,আফতাব মেথি বীজ ২৫০ গ্রাম,মশলা,"মেথি বীজ, ২৫০ গ্রাম, আফতাব ব্র্যান্ড",24
prod_01139,আফতাব মেথি বীজ ৫০০ গ্রাম,মশলা,"মেথি বীজ, ৫০০ গ্রাম, আফতাব ব্র্যান্ড",46
prod_01140,পূর্ণ ধনিয়া ২ কেজি,মশলা,"ধনিয়া গুঁড়া, ২ কেজি, পূর্ণ ব্র্যান্ড",205
prod_01141,পূর্ণ ধনিয়া ৫ কেজি,মশলা,"ধনিয়া গুঁড়া, ৫ কেজি, পূর্ণ ব্র্যান্ড",448
prod_01142,পূর্ণ ধনিয়া ১ কেজি,মশলা,"ধনিয়া গুঁড়া, ১ কেজি, পূর্ণ ব্র্যান্ড",98
prod_01143,কাজী ফার্মস ধনিয়া ২৫০ গ্রাম,মশলা,"ধনিয়া গুঁড়া, ২৫০ গ্রাম, কাজী ফার্মস ব্র্যান্ড",27
prod_01144,কাজী ফার্মস ধনিয়া ৫০০ গ্রাম,মশলা,"ধনিয়া গুঁড়া, ৫০০ গ্রাম, কাজী ফার্মস ব্র্যান্ড",56
prod_01145,কাজী ফার্মস ধনিয়া ২ কেজি,মশলা,"ধনিয়া গুঁড়া, ২ কেজি, কাজী ফার্মস ব্র্যান্ড",183
prod_01146,আফতাব ধনিয়া ২ কেজি,মশলা,"ধনিয়া গুঁড়া, ২ কেজি, আফতাব ব্র্যান্ড",192
prod_01147,আফতাব ধনিয়া ৫ কেজি,মশলা,"ধনিয়া গুঁড়া, ৫ কেজি, আফতাব ব্র্যান্ড",456
prod_01148,আফতাব ধনিয়া ১ কেজি,মশলা,"ধনিয়া গুঁড়া, ১ কেজি, আফতাব ব্র্যান্ড",102
prod_01149,রূপচাঁদা ধনিয়া ৫ কেজি,মশলা,"ধনিয়া গুঁড়া, ৫ কেজি, রূপচাঁদা ব্র্যান্ড",479
prod_01150,রূপচাঁদা ধনিয়া ১ কেজি,মশলা,"ধনিয়া গুঁড়া, ১ কেজি, রূপচাঁদা ব্র্যান্ড",98
prod_01151,রূপচাঁদা ধনিয়া ২ কেজি,মশলা,"ধনিয়া গুঁড়া, ২ কেজি, রূপচাঁদা ব্র্যান্ড",200
prod_01152,ড্যানিশ ধনিয়া ৫ কেজি,মশলা,"ধনিয়া গুঁড়া, ৫ কেজি, ড্যানিশ ব্র্যান্ড",414
prod_01153,ড্যানিশ ধনিয়া ৫০০ গ্রাম,মশলা,"ধনিয়া গুঁড়া, ৫০০ গ্রাম, ড্যানিশ ব্র্যান্ড",63
prod_01154,ড্যানিশ ধনিয়া ২ কেজি,মশলা,"ধনিয়া গুঁড়া, ২ কেজি, ড্যানিশ ব্র্যান্ড",201
prod_01155,ACI জিরা ২৫০ গ্রাম,মশলা,"জিরা বীজ, ২৫০ গ্রাম, ACI ব্র্যান্ড",42
prod_01156,ACI জিরা ২ কেজি,মশলা,"জিরা বীজ, ২ কেজি, ACI ব্র্যান্ড",242
prod_01157,ACI জিরা ৫ কেজি,মশলা,"জিরা বীজ, ৫ কেজি, ACI ব্র্যান্ড",637
prod_01158,আরকু জিরা ৫ কেজি,মশলা,"জিরা বীজ, ৫ কেজি, আরকু ব্র্যান্ড",613
prod_01159,আরকু জিরা ১ কেজি,মশলা,"জিরা বীজ, ১ কেজি, আরকু ব্র্যান্ড",141
prod_01160,আরকু জিরা ২ কেজি,মশলা,"জিরা বীজ, ২ কেজি, আরকু ব্র্যান্ড",261
prod_01161,ইগলু জিরা ৫০০ গ্রাম,মশলা,"জিরা বীজ, ৫০০ গ্রাম, ইগলু ব্র্যান্ড",81
prod_01162,ইগলু জিরা ৫ কেজি,মশলা,"জিরা বীজ, ৫ কেজি, ইগলু ব্র্যান্ড",603
prod_01163,ইগলু জিরা ২৫০ গ্রাম,মশলা,"জিরা বীজ, ২৫০ গ্রাম, ইগলু ব্র্যান্ড",40
prod_01164,বসুন্ধরা জিরা ৫০০ গ্রাম,মশলা,"জিরা বীজ, ৫০০ গ্রাম, বসুন্ধরা ব্র্যান্ড",76
prod_01165,বসুন্ধরা জিরা ১ কেজি,মশলা,"জিরা বীজ, ১ কেজি, বসুন্ধরা ব্র্যান্ড",146
prod_01166,বসুন্ধরা জিরা ২ কেজি,মশলা,"জিরা বীজ, ২ কেজি, বসুন্ধরা ব্র্যান্ড",279
prod_01167,মেঘনা জিরা ৫ কেজি,মশলা,"জিরা বীজ, ৫ কেজি, মেঘনা ব্র্যান্ড",655
prod_01168,মেঘনা জিরা ২৫০ গ্রাম,মশলা,"জিরা বীজ, ২৫০ গ্রাম, মেঘনা ব্র্যান্ড",42
prod_01169,মেঘনা জিরা ২ কেজি,মশলা,"জিরা বীজ, ২ কেজি, মেঘনা ব্র্যান্ড",277
prod_01170,বসুন্ধরা লবঙ্গ ১ কেজি,মশলা,"খাঁটি লবঙ্গ, ১ কেজি, বসুন্ধরা ব্র্যান্ড",211
prod_01171,বসুন্ধরা লবঙ্গ ৫০০ গ্রাম,মশলা,"খাঁটি লবঙ্গ, ৫০০ গ্রাম, বসুন্ধরা ব্র্যান্ড",111
prod_01172,বসুন্ধরা লবঙ্গ ৫ কেজি,মশলা,"খাঁটি লবঙ্গ, ৫ কেজি, বসুন্ধরা ব্র্যান্ড",923
prod_01173,তীর লবঙ্গ ২ কেজি,মশলা,"খাঁটি লবঙ্গ, ২ কেজি, তীর ব্র্যান্ড",351
prod_01174,তীর লবঙ্গ ৫ কেজি,মশলা,"খাঁটি লবঙ্গ, ৫ কেজি, তীর ব্র্যান্ড",953
prod_01175,তীর লবঙ্গ ৫০০ গ্রাম,মশলা,"খাঁটি লবঙ্গ, ৫০০ গ্রাম, তীর ব্র্যান্ড",126
prod_01176,মিল্কভিটা লবঙ্গ ২ কেজি,মশলা,"খাঁটি লবঙ্গ, ২ কেজি, মিল্কভিটা ব্র্যান্ড",417
prod_01177,মিল্কভিটা লবঙ্গ ১ কেজি,মশলা,"খাঁটি লবঙ্গ, ১ কেজি, মিল্কভিটা ব্র্যান্ড",210
prod_01178,মিল্কভিটা লবঙ্গ ৫ কেজি,মশলা,"খাঁটি লবঙ্গ, ৫ কেজি, মিল্কভিটা ব্র্যান্ড",981
prod_01179,সুরভি লবঙ্গ ১ কেজি,মশলা,"খাঁটি লবঙ্গ, ১ কেজি, সুরভি ব্র্যান্ড",198
prod_01180,সুরভি লবঙ্গ ২৫০ গ্রাম,মশলা,"খাঁটি লবঙ্গ, ২৫০ গ্রাম, সুরভি ব্র্যান্ড",65
prod_01181,সুরভি লবঙ্গ ৫ কেজি,মশলা,"খাঁটি লবঙ্গ, ৫ কেজি, সুরভি ব্র্যান্ড",924
prod_01182,কাজী ফার্মস লবঙ্গ ১ কেজি,মশলা,"খাঁটি লবঙ্গ, ১ কেজি, কাজী ফার্মস ব্র্যান্ড",211
prod_01183,কাজী ফার্মস লবঙ্গ ২৫০ গ্রাম,মশলা,"খাঁটি লবঙ্গ, ২৫০ গ্রাম, কাজী ফার্মস ব্র্যান্ড",65
prod_01184,কাজী ফার্মস লবঙ্গ ৫ কেজি,মশলা,"খাঁটি লবঙ্গ, ৫ কেজি, কাজী ফার্মস ব্র্যান্ড",958
prod_01185,রূপচাঁদা এলাচ ৫ কেজি,মশলা,"সবুজ এলাচ, ৫ কেজি, রূপচাঁদা ব্র্যান্ড",883
prod_01186,রূপচাঁদা এলাচ ৫০০ গ্রাম,মশলা,"সবুজ এলাচ, ৫০০ গ্রাম, রূপচাঁদা ব্র্যান্ড",116
prod_01187,রূপচাঁদা এলাচ ১ কেজি,মশলা,"সবুজ এলাচ, ১ কেজি, রূপচাঁদা ব্র্যান্ড",213
prod_01188,বসুন্ধরা এলাচ ২৫০ গ্রাম,মশলা,"সবুজ এলাচ, ২৫০ গ্রাম, বসুন্ধরা ব্র্যান্ড",56
prod_01189,বসুন্ধরা এলাচ ৫ কেজি,মশলা,"সবুজ এলাচ, ৫ কেজি, বসুন্ধরা ব্র্যান্ড",880
prod_01190,বসুন্ধরা এলাচ ২ কেজি,মশলা,"সবুজ এলাচ, ২ কেজি, বসুন্ধরা ব্র্যান্ড",317
prod_01191,স্কয়ার এলাচ ৫০০ গ্রাম,মশলা,"সবুজ এলাচ, ৫০০ গ্রাম, স্কয়ার ব্র্যান্ড",99
prod_01192,স্কয়ার এলাচ ২ কেজি,মশলা,"সবুজ এলাচ, ২ কেজি, স্কয়ার ব্র্যান্ড",384
prod_01193,স্কয়ার এলাচ ৫ কেজি,মশলা,"সবুজ এলাচ, ৫ কেজি, স্কয়ার ব্র্যান্ড",775
prod_01194,ACI এলাচ ৫০০ গ্রাম,মশলা,"সবুজ এলাচ, ৫০০ গ্রাম, ACI ব্র্যান্ড",118
prod_01195,ACI এলাচ ১ কেজি,মশলা,"সবুজ এলাচ, ১ কেজি, ACI ব্র্যান্ড",212
prod_01196,ACI এলাচ ২৫০ গ্রাম,মশলা,"সবুজ এলাচ, ২৫০ গ্রাম, ACI ব্র্যান্ড",50
prod_01197,কাজী ফার্মস এলাচ ১ কেজি,মশলা,"সবুজ এলাচ, ১ কেজি, কাজী ফার্মস ব্র্যান্ড",192
prod_01198,কাজী ফার্মস এলাচ ৫ কেজি,মশলা,"সবুজ এলাচ, ৫ কেজি, কাজী ফার্মস ব্র্যান্ড",891
prod_01199,কাজী ফার্মস এলাচ ২৫০ গ্রাম,মশলা,"সবুজ এলাচ, ২৫০ গ্রাম, কাজী ফার্মস ব্র্যান্ড",51
prod_01200,পূর্ণ দারুচিনি ২৫০ গ্রাম,মশলা,"দারুচিনির ছাল, ২৫০ গ্রাম, পূর্ণ ব্র্যান্ড",49
prod_01201,পূর্ণ দারুচিনি ৫ কেজি,মশলা,"দারুচিনির ছাল, ৫ কেজি, পূর্ণ ব্র্যান্ড",694
prod_01202,পূর্ণ দারুচিনি ২ কেজি,মশলা,"দারুচিনির ছাল, ২ কেজি, পূর্ণ ব্র্যান্ড",302
prod_01203,ACI দারুচিনি ২ কেজি,মশলা,"দারুচিনির ছাল, ২ কেজি, ACI ব্র্যান্ড",332
prod_01204,ACI দারুচিনি ২৫০ গ্রাম,মশলা,"দারুচিনির ছাল, ২৫০ গ্রাম, ACI ব্র্যান্ড",53
prod_01205,ACI দারুচিনি ৫ কেজি,মশলা,"দারুচিনির ছাল, ৫ কেজি, ACI ব্র্যান্ড",823
prod_01206,সুরভি দারুচিনি ২ কেজি,মশলা,"দারুচিনির ছাল, ২ কেজি, সুরভি ব্র্যান্ড",292
prod_01207,সুরভি দারুচিনি ৫০০ গ্রাম,মশলা,"দারুচিনির ছাল, ৫০০ গ্রাম, সুরভি ব্র্যান্ড",97
prod_01208,সুরভি দারুচিনি ৫ কেজি,মশলা,"দারুচিনির ছাল, ৫ কেজি, সুরভি ব্র্যান্ড",784
prod_01209,ড্যানিশ দারুচিনি ২৫০ গ্রাম,মশলা,"দারুচিনির ছাল, ২৫০ গ্রাম, ড্যানিশ ব্র্যান্ড",48
prod_01210,ড্যানিশ দারুচিনি ৫ কেজি,মশলা,"দারুচিনির ছাল, ৫ কেজি, ড্যানিশ ব্র্যান্ড",719
prod_01211,ড্যানিশ দারুচিনি ৫০০ গ্রাম,মশলা,"দারুচিনির ছাল, ৫০০ গ্রাম, ড্যানিশ ব্র্যান্ড",97
prod_01212,রাধুনী দারুচিনি ৫০০ গ্রাম,মশলা,"দারুচিনির ছাল, ৫০০ গ্রাম, রাধুনী ব্র্যান্ড",100
prod_01213,রাধুনী দারুচিনি ৫ কেজি,মশলা,"দারুচিনির ছাল, ৫ কেজি, রাধুনী ব্র্যান্ড",676
prod_01214,রাধুনী দারুচিনি ২৫০ গ্রাম,মশলা,"দারুচিনির ছাল, ২৫০ গ্রাম, রাধুনী ব্র্যান্ড",51
prod_01215,ইগলু তেজপাতা ৫ কেজি,মশলা,"তেজপাতা, ৫ কেজি, ইগলু ব্র্যান্ড",275
prod_01216,ইগলু তেজপাতা ২ কেজি,মশলা,"তেজপাতা, ২ কেজি, ইগলু ব্র্যান্ড",117
prod_01217,ইগলু তেজপাতা ২৫০ গ্রাম,মশলা,"তেজপাতা, ২৫০ গ্রাম, ইগলু ব্র্যান্ড",21
prod_01218,মেঘনা তেজপাতা ৫ কেজি,মশলা,"তেজপাতা, ৫ কেজি, মেঘনা ব্র্যান্ড",327
prod_01219,মেঘনা তেজপাতা ২ কেজি,মশলা,"তেজপাতা, ২ কেজি, মেঘনা ব্র্যান্ড",123
prod_01220,মেঘনা তেজপাতা ৫০০ গ্রাম,মশলা,"তেজপাতা, ৫০০ গ্রাম, মেঘনা ব্র্যান্ড",37
prod_01221,ম্যারিকো তেজপাতা ১ কেজি,মশলা,"তেজপাতা, ১ কেজি, ম্যারিকো ব্র্যান্ড",72
prod_01222,ম্যারিকো তেজপাতা ২৫০ গ্রাম,মশলা,"তেজপাতা, ২৫০ গ্রাম, ম্যারিকো ব্র্যান্ড",20
prod_01223,ম্যারিকো তেজপাতা ২ কেজি,মশলা,"তেজপাতা, ২ কেজি, ম্যারিকো ব্র্যান্ড",130
prod_01224,তীর তেজপাতা ২৫০ গ্রাম,মশলা,"তেজপাতা, ২৫০ গ্রাম, তীর ব্র্যান্ড",20
prod_01225,তীর তেজপাতা ১ কেজি,মশলা,"তেজপাতা, ১ কেজি, তীর ব্র্যান্ড",72
prod_01226,তীর তেজপাতা ৫ কেজি,মশলা,"তেজপাতা, ৫ কেজি, তীর ব্র্যান্ড",314
prod_01227,ড্যানিশ তেজপাতা ১ কেজি,মশলা,"তেজপাতা, ১ কেজি, ড্যানিশ ব্র্যান্ড",71
prod_01228,ড্যানিশ তেজপাতা ২৫০ গ্রাম,মশলা,"তেজপাতা, ২৫০ গ্রাম, ড্যানিশ ব্র্যান্ড",18
prod_01229,ড্যানিশ তেজপাতা ২ কেজি,মশলা,"তেজপাতা, ২ কেজি, ড্যানিশ ব্র্যান্ড",127
prod_01230,অর্গানিক ফার্ম জাফরান ১ কেজি,মশলা,"খাঁটি জাফরান, ১ কেজি, অর্গানিক ফার্ম ব্র্যান্ড",578
prod_01231,অর্গানিক ফার্ম জাফরান ৫০০ গ্রাম,মশলা,"খাঁটি জাফরান, ৫০০ গ্রাম, অর্গানিক ফার্ম ব্র্যান্ড",304
prod_01232,অর্গানিক ফার্ম জাফরান ২ কেজি,মশলা,"খাঁটি জাফরান, ২ কেজি, অর্গানিক ফার্ম ব্র্যান্ড",934
prod_01233,রাধুনী জাফরান ৫০০ গ্রাম,মশলা,"খাঁটি জাফরান, ৫০০ গ্রাম, রাধুনী ব্র্যান্ড",271
prod_01234,রাধুনী জাফরান ২ কেজি,মশলা,"খাঁটি জাফরান, ২ কেজি, রাধুনী ব্র্যান্ড",876
prod_01235,রাধুনী জাফরান ২৫০ গ্রাম,মশলা,"খাঁটি জাফরান, ২৫০ গ্রাম, রাধুনী ব্র্যান্ড",142
prod_01236,আফতাব জাফরান ২৫০ গ্রাম,মশলা,"খাঁটি জাফরান, ২৫০ গ্রাম, আফতাব ব্র্যান্ড",150
prod_01237,আফতাব জাফরান ৫ কেজি,মশলা,"খাঁটি জাফরান, ৫ কেজি, আফতাব ব্র্যান্ড",2307
prod_01238,আফতাব জাফরান ৫০০ গ্রাম,মশলা,"খাঁটি জাফরান, ৫০০ গ্রাম, আফতাব ব্র্যান্ড",300
prod_01239,প্রাণ জাফরান ২ কেজি,মশলা,"খাঁটি জাফরান, ২ কেজি, প্রাণ ব্র্যান্ড",941
prod_01240,প্রাণ জাফরান ৫ কেজি,মশলা,"খাঁটি জাফরান, ৫ কেজি, প্রাণ ব্র্যান্ড",2313
prod_01241,প্রাণ জাফরান ১ কেজি,মশলা,"খাঁটি জাফরান, ১ কেজি, প্রাণ ব্র্যান্ড",544
prod_01242,মেঘনা জাফরান ৫০০ গ্রাম,মশলা,"খাঁটি জাফরান, ৫০০ গ্রাম, মেঘনা ব্র্যান্ড",288
prod_01243,মেঘনা জাফরান ১ কেজি,মশলা,"খাঁটি জাফরান, ১ কেজি, মেঘনা ব্র্যান্ড",541
prod_01244,মেঘনা জাফরান ২৫০ গ্রাম,মশলা,"খাঁটি জাফরান, ২৫০ গ্রাম, মেঘনা ব্র্যান্ড",141
prod_01245,তীর লবণ ১ কেজি,মশলা,"সমুদ্রের লবণ, ১ কেজি, তীর ব্র্যান্ড",78
prod_01246,তীর লবণ ২ কেজি,মশলা,"সমুদ্রের লবণ, ২ কেজি, তীর ব্র্যান্ড",121
prod_01247,তীর লবণ ৫ কেজি,মশলা,"সমুদ্রের লবণ, ৫ কেজি, তীর ব্র্যান্ড",284
prod_01248,কাজী ফার্মস লবণ ২ কেজি,মশলা,"সমুদ্রের লবণ, ২ কেজি, কাজী ফার্মস ব্র্যান্ড",130
prod_01249,কাজী ফার্মস লবণ ২৫০ গ্রাম,মশলা,"সমুদ্রের লবণ, ২৫০ গ্রাম, কাজী ফার্মস ব্র্যান্ড",18
prod_01250,কাজী ফার্মস লবণ ৫০০ গ্রাম,মশলা,"সমুদ্রের লবণ, ৫০০ গ্রাম, কাজী ফার্মস ব্র্যান্ড",41
prod_01251,স্কয়ার লবণ ৫০০ গ্রাম,মশলা,"সমুদ্রের লবণ, ৫০০ গ্রাম, স্কয়ার ব্র্যান্ড",41
prod_01252,স্কয়ার লবণ ২৫০ গ্রাম,মশলা,"সমুদ্রের লবণ, ২৫০ গ্রাম, স্কয়ার ব্র্যান্ড",20
prod_01253,স্কয়ার লবণ ২ কেজি,মশলা,"সমুদ্রের লবণ, ২ কেজি, স্কয়ার ব্র্যান্ড",119
prod_01254,পূর্ণ লবণ ১ কেজি,মশলা,"সমুদ্রের লবণ, ১ কেজি, পূর্ণ ব্র্যান্ড",70
prod_01255,পূর্ণ লবণ ৫ কেজি,মশলা,"সমুদ্রের লবণ, ৫ কেজি, পূর্ণ ব্র্যান্ড",314
prod_01256,পূর্ণ লবণ ২৫০ গ্রাম,মশলা,"সমুদ্রের লবণ, ২৫০ গ্রাম, পূর্ণ ব্র্যান্ড",21
prod_01257,রাধুনী লবণ ২৫০ গ্রাম,মশলা,"সমুদ্রের লবণ, ২৫০ গ্রাম, রাধুনী ব্র্যান্ড",21
prod_01258,রাধুনী লবণ ৫ কেজি,মশলা,"সমুদ্রের লবণ, ৫ কেজি, রাধুনী ব্র্যান্ড",286
prod_01259,রাধুনী লবণ ৫০০ গ্রাম,মশলা,"সমুদ্রের লবণ, ৫০০ গ্রাম, রাধুনী ব্র্যান্ড",36
prod_01260,মিল্কভিটা গোলমরিচ ২৫০ গ্রাম,মশলা,"কালো গোলমরিচ, ২৫০ গ্রাম, মিল্কভিটা ব্র্যান্ড",70
prod_01261,মিল্কভিটা গোলমরিচ ২ কেজি,মশলা,"কালো গোলমরিচ, ২ কেজি, মিল্কভিটা ব্র্যান্ড",447
prod_01262,মিল্কভিটা গোলমরিচ ১ কেজি,মশলা,"কালো গোলমরিচ, ১ কেজি, মিল্কভিটা ব্র্যান্ড",284
prod_01263,রাধুনী গোলমরিচ ৫ কেজি,মশলা,"কালো গোলমরিচ, ৫ কেজি, রাধুনী ব্র্যান্ড",1179
prod_01264,রাধুনী গোলমরিচ ২৫০ গ্রাম,মশলা,"কালো গোলমরিচ, ২৫০ গ্রাম, রাধুনী ব্র্যান্ড",67
prod_01265,রাধুনী গোলমরিচ ২ কেজি,মশলা,"কালো গোলমরিচ, ২ কেজি, রাধুনী ব্র্যান্ড",514
prod_01266,রূপচাঁদা গোলমরিচ ২৫০ গ্রাম,মশলা,"কালো গোলমরিচ, ২৫০ গ্রাম, রূপচাঁদা ব্র্যান্ড",74
prod_01267,রূপচাঁদা গোলমরিচ ৫০০ গ্রাম,মশলা,"কালো গোলমরিচ, ৫০০ গ্রাম, রূপচাঁদা ব্র্যান্ড",146
prod_01268,রূপচাঁদা গোলমরিচ ৫ কেজি,মশলা,"কালো গোলমরিচ, ৫ কেজি, রূপচাঁদা ব্র্যান্ড",1046
prod_01269,ইগলু গোলমরিচ ২৫০ গ্রাম,মশলা,"কালো গোলমরিচ, ২৫০ গ্রাম, ইগলু ব্র্যান্ড",72
prod_01270,ইগলু গোলমরিচ ২ কেজি,মশলা,"কালো গোলমরিচ, ২ কেজি, ইগলু ব্র্যান্ড",471
prod_01271,ইগলু গোলমরিচ ৫ কেজি,মশলা,"কালো গোলমরিচ, ৫ কেজি, ইগলু ব্র্যান্ড",1174
prod_01272,মেঘনা গোলমরিচ ১ কেজি,মশলা,"কালো গোলমরিচ, ১ কেজি, মেঘনা ব্র্যান্ড",263
prod_01273,মেঘনা গোলমরিচ ২৫০ গ্রাম,মশলা,"কালো গোলমরিচ, ২৫০ গ্রাম, মেঘনা ব্র্যান্ড",75
prod_01274,মেঘনা গোলমরিচ ৫ কেজি,মশলা,"কালো গোলমরিচ, ৫ কেজি, মেঘনা ব্র্যান্ড",1215
prod_01275,ইস্পাহানি জায়ফল ২৫০ গ্রাম,মশলা,"খাঁটি জায়ফল, ২৫০ গ্রাম, ইস্পাহানি ব্র্যান্ড",105
prod_01276,ইস্পাহানি জায়ফল ২ কেজি,মশলা,"খাঁটি জায়ফল, ২ কেজি, ইস্পাহানি ব্র্যান্ড",615
prod_01277,ইস্পাহানি জায়ফল ৫০০ গ্রাম,মশলা,"খাঁটি জায়ফল, ৫০০ গ্রাম, ইস্পাহানি ব্র্যান্ড",183
prod_01278,সুরভি জায়ফল ২ কেজি,মশলা,"খাঁটি জায়ফল, ২ কেজি, সুরভি ব্র্যান্ড",601
prod_01279,সুরভি জায়ফল ২৫০ গ্রাম,মশলা,"খাঁটি জায়ফল, ২৫০ গ্রাম, সুরভি ব্র্যান্ড",101
prod_01280,সুরভি জায়ফল ৫০০ গ্রাম,মশলা,"খাঁটি জায়ফল, ৫০০ গ্রাম, সুরভি ব্র্যান্ড",192
prod_01281,আফতাব জায়ফল ৫ কেজি,মশলা,"খাঁটি জায়ফল, ৫ কেজি, আফতাব ব্র্যান্ড",1460
prod_01282,আফতাব জায়ফল ৫০০ গ্রাম,মশলা,"খাঁটি জায়ফল, ৫০০ গ্রাম, আফতাব ব্র্যান্ড",218
prod_01283,আফতাব জায়ফল ২ কেজি,মশলা,"খাঁটি জায়ফল, ২ কেজি, আফতাব ব্র্যান্ড",703
prod_01284,আরকু জায়ফল ৫০০ গ্রাম,মশলা,"খাঁটি জায়ফল, ৫০০ গ্রাম, আরকু ব্র্যান্ড",180
prod_01285,আরকু জায়ফল ৫ কেজি,মশলা,"খাঁটি জায়ফল, ৫ কেজি, আরকু ব্র্যান্ড",1473
prod_01286,আরকু জায়ফল ২৫০ গ্রাম,মশলা,"খাঁটি জায়ফল, ২৫০ গ্রাম, আরকু ব্র্যান্ড",94
prod_01287,পূর্ণ জায়ফল ১ কেজি,মশলা,"খাঁটি জায়ফল, ১ কেজি, পূর্ণ ব্র্যান্ড",324
prod_01288,পূর্ণ জায়ফল ২৫০ গ্রাম,মশলা,"খাঁটি জায়ফল, ২৫০ গ্রাম, পূর্ণ ব্র্যান্ড",103
prod_01289,পূর্ণ জায়ফল ৫০০ গ্রাম,মশলা,"খাঁটি জায়ফল, ৫০০ গ্রাম, পূর্ণ ব্র্যান্ড",213
prod_01290,ACI পাঁচফোড়ন ২ কেজি,মশলা,"পাঁচফোড়ন মিশ্রণ, ২ কেজি, ACI ব্র্যান্ড",245
prod_01291,ACI পাঁচফোড়ন ৫ কেজি,মশলা,"পাঁচফোড়ন মিশ্রণ, ৫ কেজি, ACI ব্র্যান্ড",487
prod_01292,ACI পাঁচফোড়ন ২৫০ গ্রাম,মশলা,"পাঁচফোড়ন মিশ্রণ, ২৫০ গ্রাম, ACI ব্র্যান্ড",33
prod_01293,ফ্রেশ পাঁচফোড়ন ২৫০ গ্রাম,মশলা,"পাঁচফোড়ন মিশ্রণ, ২৫০ গ্রাম, ফ্রেশ ব্র্যান্ড",34
prod_01294,ফ্রেশ পাঁচফোড়ন ৫০০ গ্রাম,মশলা,"পাঁচফোড়ন মিশ্রণ, ৫০০ গ্রাম, ফ্রেশ ব্র্যান্ড",75
prod_01295,ফ্রেশ পাঁচফোড়ন ১ কেজি,মশলা,"পাঁচফোড়ন মিশ্রণ, ১ কেজি, ফ্রেশ ব্র্যান্ড",124
prod_01296,ম্যারিকো পাঁচফোড়ন ২৫০ গ্রাম,মশলা,"পাঁচফোড়ন মিশ্রণ, ২৫০ গ্রাম, ম্যারিকো ব্র্যান্ড",32
prod_01297,ম্যারিকো পাঁচফোড়ন ৫ কেজি,মশলা,"পাঁচফোড়ন মিশ্রণ, ৫ কেজি, ম্যারিকো ব্র্যান্ড",558
prod_01298,ম্যারিকো পাঁচফোড়ন ১ কেজি,মশলা,"পাঁচফোড়ন মিশ্রণ, ১ কেজি, ম্যারিকো ব্র্যান্ড",115
prod_01299,আফতাব পাঁচফোড়ন ৫ কেজি,মশলা,"পাঁচফোড়ন মিশ্রণ, ৫ কেজি, আফতাব ব্র্যান্ড",542
prod_01300,আফতাব পাঁচফোড়ন ২৫০ গ্রাম,মশলা,"পাঁচফোড়ন মিশ্রণ, ২৫০ গ্রাম, আফতাব ব্র্যান্ড",32
prod_01301,আফতাব পাঁচফোড়ন ৫০০ গ্রাম,মশলা,"পাঁচফোড়ন মিশ্রণ, ৫০০ গ্রাম, আফতাব ব্র্যান্ড",67
prod_01302,সুরভি পাঁচফোড়ন ১ কেজি,মশলা,"পাঁচফোড়ন মিশ্রণ, ১ কেজি, সুরভি ব্র্যান্ড",134
prod_01303,সুরভি পাঁচফোড়ন ২ কেজি,মশলা,"পাঁচফোড়ন মিশ্রণ, ২ কেজি, সুরভি ব্র্যান্ড",216
prod_01304,সুরভি পাঁচফোড়ন ৫ কেজি,মশলা,"পাঁচফোড়ন মিশ্রণ, ৫ কেজি, সুরভি ব্র্যান্ড",520
prod_01305,সুরভি দই ৫০০ গ্রাম,দুগ্ধজাত,"তাজা গরুর দই, ৫০০ গ্রাম, সুরভি ব্র্যান্ড",69
prod_01306,সুরভি দই ২৫০ গ্রাম,দুগ্ধজাত,"তাজা গরুর দই, ২৫০ গ্রাম, সুরভি ব্র্যান্ড",33
prod_01307,সুরভি দই ২ কেজি,দুগ্ধজাত,"তাজা গরুর দই, ২ কেজি, সুরভি ব্র্যান্ড",207
prod_01308,রাধুনী দই ১ কেজি,দুগ্ধজাত,"তাজা গরুর দই, ১ কেজি, রাধুনী ব্র্যান্ড",121
prod_01309,রাধুনী দই ৫০০ গ্রাম,দুগ্ধজাত,"তাজা গরুর দই, ৫০০ গ্রাম, রাধুনী ব্র্যান্ড",66
prod_01310,রাধুনী দই ২ কেজি,দুগ্ধজাত,"তাজা গরুর দই, ২ কেজি, রাধুনী ব্র্যান্ড",206
prod_01311,ম্যারিকো দই ৫০০ গ্রাম,দুগ্ধজাত,"তাজা গরুর দই, ৫০০ গ্রাম, ম্যারিকো ব্র্যান্ড",72
prod_01312,ম্যারিকো দই ১ কেজি,দুগ্ধজাত,"তাজা গরুর দই, ১ কেজি, ম্যারিকো ব্র্যান্ড",114
prod_01313,ম্যারিকো দই ২ কেজি,দুগ্ধজাত,"তাজা গরুর দই, ২ কেজি, ম্যারিকো ব্র্যান্ড",239
prod_01314,তীর দই ১ কেজি,দুগ্ধজাত,"তাজা গরুর দই, ১ কেজি, তীর ব্র্যান্ড",131
prod_01315,তীর দই ৫০০ গ্রাম,দুগ্ধজাত,"তাজা গরুর দই, ৫০০ গ্রাম, তীর ব্র্যান্ড",76
prod_01316,তীর দই ২৫০ গ্রাম,দুগ্ধজাত,"তাজা গরুর দই, ২৫০ গ্রাম, তীর ব্র্যান্ড",34
prod_01317,ফ্রেশ দই ২৫০ গ্রাম,দুগ্ধজাত,"তাজা গরুর দই, ২৫০ গ্রাম, ফ্রেশ ব্র্যান্ড",37
prod_01318,ফ্রেশ দই ১ কেজি,দুগ্ধজাত,"তাজা গরুর দই, ১ কেজি, ফ্রেশ ব্র্যান্ড",117
prod_01319,ফ্রেশ দই ৫০০ গ্রাম,দুগ্ধজাত,"তাজা গরুর দই, ৫০০ গ্রাম, ফ্রেশ ব্র্যান্ড",76
prod_01320,ইগলু পনির ২ কেজি,দুগ্ধজাত,"ঘৃতি পনির, ২ কেজি, ইগলু ব্র্যান্ড",532
prod_01321,ইগলু পনির ২৫০ গ্রাম,দুগ্ধজাত,"ঘৃতি পনির, ২৫০ গ্রাম, ইগলু ব্র্যান্ড",82
prod_01322,ইগলু পনির ৫ কেজি,দুগ্ধজাত,"ঘৃতি পনির, ৫ কেজি, ইগলু ব্র্যান্ড",1425
prod_01323,কাজী ফার্মস পনির ৫০০ গ্রাম,দুগ্ধজাত,"ঘৃতি পনির, ৫০০ গ্রাম, কাজী ফার্মস ব্র্যান্ড",191
prod_01324,কাজী ফার্মস পনির ৫ কেজি,দুগ্ধজাত,"ঘৃতি পনির, ৫ কেজি, কাজী ফার্মস ব্র্যান্ড",1315
prod_01325,কাজী ফার্মস পনির ২৫০ গ্রাম,দুগ্ধজাত,"ঘৃতি পনির, ২৫০ গ্রাম, কাজী ফার্মস ব্র্যান্ড",92
prod_01326,মিল্কভিটা পনির ২৫০ গ্রাম,দুগ্ধজাত,"ঘৃতি পনির, ২৫০ গ্রাম, মিল্কভিটা ব্র্যান্ড",81
prod_01327,মিল্কভিটা পনির ১ কেজি,দুগ্ধজাত,"ঘৃতি পনির, ১ কেজি, মিল্কভিটা ব্র্যান্ড",295
prod_01328,মিল্কভিটা পনির ৫ কেজি,দুগ্ধজাত,"ঘৃতি পনির, ৫ কেজি, মিল্কভিটা ব্র্যান্ড",1458
prod_01329,সুরভি পনির ২ কেজি,দুগ্ধজাত,"ঘৃতি পনির, ২ কেজি, সুরভি ব্র্যান্ড",622
prod_01330,সুরভি পনির ৫০০ গ্রাম,দুগ্ধজাত,"ঘৃতি পনির, ৫০০ গ্রাম, সুরভি ব্র্যান্ড",191
prod_01331,সুরভি পনির ২৫০ গ্রাম,দুগ্ধজাত,"ঘৃতি পনির, ২৫০ গ্রাম, সুরভি ব্র্যান্ড",86
prod_01332,ফ্রেশ পনির ২৫০ গ্রাম,দুগ্ধজাত,"ঘৃতি পনির, ২৫০ গ্রাম, ফ্রেশ ব্র্যান্ড",84
prod_01333,ফ্রেশ পনির ২ কেজি,দুগ্ধজাত,"ঘৃতি পনির, ২ কেজি, ফ্রেশ ব্র্যান্ড",584
prod_01334,ফ্রেশ পনির ৫ কেজি,দুগ্ধজাত,"ঘৃতি পনির, ৫ কেজি, ফ্রেশ ব্র্যান্ড",1436
prod_01335,পূর্ণ মাখন ৫০০ গ্রাম,দুগ্ধজাত,"খাঁটি মাখন, ৫০০ গ্রাম, পূর্ণ ব্র্যান্ড",346
prod_01336,পূর্ণ মাখন ১ কেজি,দুগ্ধজাত,"খাঁটি মাখন, ১ কেজি, পূর্ণ ব্র্যান্ড",550
prod_01337,পূর্ণ মাখন ২৫০ গ্রাম,দুগ্ধজাত,"খাঁটি মাখন, ২৫০ গ্রাম, পূর্ণ ব্র্যান্ড",158
prod_01338,রূপচাঁদা মাখন ৫০০ গ্রাম,দুগ্ধজাত,"খাঁটি মাখন, ৫০০ গ্রাম, রূপচাঁদা ব্র্যান্ড",327
prod_01339,রূপচাঁদা মাখন ২৫০ গ্রাম,দুগ্ধজাত,"খাঁটি মাখন, ২৫০ গ্রাম, রূপচাঁদা ব্র্যান্ড",151
prod_01340,রূপচাঁদা মাখন ১ কেজি,দুগ্ধজাত,"খাঁটি মাখন, ১ কেজি, রূপচাঁদা ব্র্যান্ড",552
prod_01341,প্রাণ মাখন ২ কেজি,দুগ্ধজাত,"খাঁটি মাখন, ২ কেজি, প্রাণ ব্র্যান্ড",939
prod_01342,প্রাণ মাখন ৫ কেজি,দুগ্ধজাত,"খাঁটি মাখন, ৫ কেজি, প্রাণ ব্র্যান্ড",2343
prod_01343,প্রাণ মাখন ২৫০ গ্রাম,দুগ্ধজাত,"খাঁটি মাখন, ২৫০ গ্রাম, প্রাণ ব্র্যান্ড",157
prod_01344,অর্গানিক ফার্ম মাখন ৫ কেজি,দুগ্ধজাত,"খাঁটি মাখন, ৫ কেজি, অর্গানিক ফার্ম ব্র্যান্ড",2637
prod_01345,অর্গানিক ফার্ম মাখন ৫০০ গ্রাম,দুগ্ধজাত,"খাঁটি মাখন, ৫০০ গ্রাম, অর্গানিক ফার্ম ব্র্যান্ড",322
prod_01346,অর্গানিক ফার্ম মাখন ১ কেজি,দুগ্ধজাত,"খাঁটি মাখন, ১ কেজি, অর্গানিক ফার্ম ব্র্যান্ড",520
prod_01347,ড্যানিশ মাখন ২ কেজি,দুগ্ধজাত,"খাঁটি মাখন, ২ কেজি, ড্যানিশ ব্র্যান্ড",1033
prod_01348,ড্যানিশ মাখন ১ কেজি,দুগ্ধজাত,"খাঁটি মাখন, ১ কেজি, ড্যানিশ ব্র্যান্ড",574
prod_01349,ড্যানিশ মাখন ৫০০ গ্রাম,দুগ্ধজাত,"খাঁটি মাখন, ৫০০ গ্রাম, ড্যানিশ ব্র্যান্ড",346
prod_01350,আফতাব ঘি ২৫০ গ্রাম,দুগ্ধজাত,"খাঁটি গাওয়া ঘি, ২৫০ গ্রাম, আফতাব ব্র্যান্ড",188
prod_01351,আফতাব ঘি ১ কেজি,দুগ্ধজাত,"খাঁটি গাওয়া ঘি, ১ কেজি, আফতাব ব্র্যান্ড",776
prod_01352,আফতাব ঘি ২ কেজি,দুগ্ধজাত,"খাঁটি গাওয়া ঘি, ২ কেজি, আফতাব ব্র্যান্ড",1351
prod_01353,স্কয়ার ঘি ২৫০ গ্রাম,দুগ্ধজাত,"খাঁটি গাওয়া ঘি, ২৫০ গ্রাম, স্কয়ার ব্র্যান্ড",194
prod_01354,স্কয়ার ঘি ২ কেজি,দুগ্ধজাত,"খাঁটি গাওয়া ঘি, ২ কেজি, স্কয়ার ব্র্যান্ড",1301
prod_01355,স্কয়ার ঘি ১ কেজি,দুগ্ধজাত,"খাঁটি গাওয়া ঘি, ১ কেজি, স্কয়ার ব্র্যান্ড",681
prod_01356,পূর্ণ ঘি ৫০০ গ্রাম,দুগ্ধজাত,"খাঁটি গাওয়া ঘি, ৫০০ গ্রাম, পূর্ণ ব্র্যান্ড",412
prod_01357,পূর্ণ ঘি ২৫০ গ্রাম,দুগ্ধজাত,"খাঁটি গাওয়া ঘি, ২৫০ গ্রাম, পূর্ণ ব্র্যান্ড",190
prod_01358,পূর্ণ ঘি ২ কেজি,দুগ্ধজাত,"খাঁটি গাওয়া ঘি, ২ কেজি, পূর্ণ ব্র্যান্ড",1360
prod_01359,বসুন্ধরা ঘি ২৫০ গ্রাম,দুগ্ধজাত,"খাঁটি গাওয়া ঘি, ২৫০ গ্রাম, বসুন্ধরা ব্র্যান্ড",213
prod_01360,বসুন্ধরা ঘি ৫০০ গ্রাম,দুগ্ধজাত,"খাঁটি গাওয়া ঘি, ৫০০ গ্রাম, বসুন্ধরা ব্র্যান্ড",423
prod_01361,বসুন্ধরা ঘি ১ কেজি,দুগ্ধজাত,"খাঁটি গাওয়া ঘি, ১ কেজি, বসুন্ধরা ব্র্যান্ড",699
prod_01362,ইস্পাহানি ঘি ৫০০ গ্রাম,দুগ্ধজাত,"খাঁটি গাওয়া ঘি, ৫০০ গ্রাম, ইস্পাহানি ব্র্যান্ড",407
prod_01363,ইস্পাহানি ঘি ৫ কেজি,দুগ্ধজাত,"খাঁটি গাওয়া ঘি, ৫ কেজি, ইস্পাহানি ব্র্যান্ড",3183
prod_01364,ইস্পাহানি ঘি ২৫০ গ্রাম,দুগ্ধজাত,"খাঁটি গাওয়া ঘি, ২৫০ গ্রাম, ইস্পাহানি ব্র্যান্ড",207
prod_01365,মিল্কভিটা ছানা ২ কেজি,দুগ্ধজাত,"তাজা ছানা, ২ কেজি, মিল্কভিটা ব্র্যান্ড",479
prod_01366,মিল্কভিটা ছানা ১ কেজি,দুগ্ধজাত,"তাজা ছানা, ১ কেজি, মিল্কভিটা ব্র্যান্ড",247
prod_01367,মিল্কভিটা ছানা ২৫০ গ্রাম,দুগ্ধজাত,"তাজা ছানা, ২৫০ গ্রাম, মিল্কভিটা ব্র্যান্ড",70
prod_01368,প্রাণ ছানা ৫০০ গ্রাম,দুগ্ধজাত,"তাজা ছানা, ৫০০ গ্রাম, প্রাণ ব্র্যান্ড",149
prod_01369,প্রাণ ছানা ২৫০ গ্রাম,দুগ্ধজাত,"তাজা ছানা, ২৫০ গ্রাম, প্রাণ ব্র্যান্ড",72
prod_01370,প্রাণ ছানা ১ কেজি,দুগ্ধজাত,"তাজা ছানা, ১ কেজি, প্রাণ ব্র্যান্ড",276
prod_01371,মেঘনা ছানা ৫০০ গ্রাম,দুগ্ধজাত,"তাজা ছানা, ৫০০ গ্রাম, মেঘনা ব্র্যান্ড",140
prod_01372,মেঘনা ছানা ১ কেজি,দুগ্ধজাত,"তাজা ছানা, ১ কেজি, মেঘনা ব্র্যান্ড",286
prod_01373,মেঘনা ছানা ২ কেজি,দুগ্ধজাত,"তাজা ছানা, ২ কেজি, মেঘনা ব্র্যান্ড",515
prod_01374,তীর ছানা ২৫০ গ্রাম,দুগ্ধজাত,"তাজা ছানা, ২৫০ গ্রাম, তীর ব্র্যান্ড",76
prod_01375,তীর ছানা ৫ কেজি,দুগ্ধজাত,"তাজা ছানা, ৫ কেজি, তীর ব্র্যান্ড",1218
prod_01376,তীর ছানা ২ কেজি,দুগ্ধজাত,"তাজা ছানা, ২ কেজি, তীর ব্র্যান্ড",506
prod_01377,ম্যারিকো ছানা ৫ কেজি,দুগ্ধজাত,"তাজা ছানা, ৫ কেজি, ম্যারিকো ব্র্যান্ড",1096
prod_01378,ম্যারিকো ছানা ১ কেজি,দুগ্ধজাত,"তাজা ছানা, ১ কেজি, ম্যারিকো ব্র্যান্ড",293
prod_01379,ম্যারিকো ছানা ২৫০ গ্রাম,দুগ্ধজাত,"তাজা ছানা, ২৫০ গ্রাম, ম্যারিকো ব্র্যান্ড",73
prod_01380,ফ্রেশ দুধ ৫০০ গ্রাম,দুগ্ধজাত,"তাজা গরুর দুধ, ৫০০ গ্রাম, ফ্রেশ ব্র্যান্ড",87
prod_01381,ফ্রেশ দুধ ২ কেজি,দুগ্ধজাত,"তাজা গরুর দুধ, ২ কেজি, ফ্রেশ ব্র্যান্ড",263
prod_01382,ফ্রেশ দুধ ১ কেজি,দুগ্ধজাত,"তাজা গরুর দুধ, ১ কেজি, ফ্রেশ ব্র্যান্ড",134
prod_01383,স্কয়ার দুধ ৫ কেজি,দুগ্ধজাত,"তাজা গরুর দুধ, ৫ কেজি, স্কয়ার ব্র্যান্ড",619
prod_01384,স্কয়ার দুধ ১ কেজি,দুগ্ধজাত,"তাজা গরুর দুধ, ১ কেজি, স্কয়ার ব্র্যান্ড",153
prod_01385,স্কয়ার দুধ ২৫০ গ্রাম,দুগ্ধজাত,"তাজা গরুর দুধ, ২৫০ গ্রাম, স্কয়ার ব্র্যান্ড",39
prod_01386,ACI দুধ ১ কেজি,দুগ্ধজাত,"তাজা গরুর দুধ, ১ কেজি, ACI ব্র্যান্ড",150
prod_01387,ACI দুধ ৫০০ গ্রাম,দুগ্ধজাত,"তাজা গরুর দুধ, ৫০০ গ্রাম, ACI ব্র্যান্ড",87
prod_01388,ACI দুধ ২৫০ গ্রাম,দুগ্ধজাত,"তাজা গরুর দুধ, ২৫০ গ্রাম, ACI ব্র্যান্ড",43
prod_01389,মিল্কভিটা দুধ ২ কেজি,দুগ্ধজাত,"তাজা গরুর দুধ, ২ কেজি, মিল্কভিটা ব্র্যান্ড",261
prod_01390,মিল্কভিটা দুধ ২৫০ গ্রাম,দুগ্ধজাত,"তাজা গরুর দুধ, ২৫০ গ্রাম, মিল্কভিটা ব্র্যান্ড",43
prod_01391,মিল্কভিটা দুধ ৫ কেজি,দুগ্ধজাত,"তাজা গরুর দুধ, ৫ কেজি, মিল্কভিটা ব্র্যান্ড",656
prod_01392,তীর দুধ ৫০০ গ্রাম,দুগ্ধজাত,"তাজা গরুর দুধ, ৫০০ গ্রাম, তীর ব্র্যান্ড",74
prod_01393,তীর দুধ ২৫০ গ্রাম,দুগ্ধজাত,"তাজা গরুর দুধ, ২৫০ গ্রাম, তীর ব্র্যান্ড",41
prod_01394,তীর দুধ ৫ কেজি,দুগ্ধজাত,"তাজা গরুর দুধ, ৫ কেজি, তীর ব্র্যান্ড",568
prod_01395,স্কয়ার দুধের পাউডার ২৫০ গ্রাম,দুগ্ধজাত,"সম্পূর্ণ দুধের পাউডার, ২৫০ গ্রাম, স্কয়ার ব্র্যান্ড",132
prod_01396,স্কয়ার দুধের পাউডার ১ কেজি,দুগ্ধজাত,"সম্পূর্ণ দুধের পাউডার, ১ কেজি, স্কয়ার ব্র্যান্ড",460
prod_01397,স্কয়ার দুধের পাউডার ৫ কেজি,দুগ্ধজাত,"সম্পূর্ণ দুধের পাউডার, ৫ কেজি, স্কয়ার ব্র্যান্ড",1997
prod_01398,ইস্পাহানি দুধের পাউডার ২৫০ গ্রাম,দুগ্ধজাত,"সম্পূর্ণ দুধের পাউডার, ২৫০ গ্রাম, ইস্পাহানি ব্র্যান্ড",136
prod_01399,ইস্পাহানি দুধের পাউডার ৫ কেজি,দুগ্ধজাত,"সম্পূর্ণ দুধের পাউডার, ৫ কেজি, ইস্পাহানি ব্র্যান্ড",2197
prod_01400,ইস্পাহানি দুধের পাউডার ২ কেজি,দুগ্ধজাত,"সম্পূর্ণ দুধের পাউডার, ২ কেজি, ইস্পাহানি ব্র্যান্ড",980
prod_01401,রাধুনী দুধের পাউডার ২ কেজি,দুগ্ধজাত,"সম্পূর্ণ দুধের পাউডার, ২ কেজি, রাধুনী ব্র্যান্ড",869
prod_01402,রাধুনী দুধের পাউডার ৫ কেজি,দুগ্ধজাত,"সম্পূর্ণ দুধের পাউডার, ৫ কেজি, রাধুনী ব্র্যান্ড",2047
prod_01403,রাধুনী দুধের পাউডার ৫০০ গ্রাম,দুগ্ধজাত,"সম্পূর্ণ দুধের পাউডার, ৫০০ গ্রাম, রাধুনী ব্র্যান্ড",298
prod_01404,অর্গানিক ফার্ম দুধের পাউডার ৫ কেজি,দুগ্ধজাত,"সম্পূর্ণ দুধের পাউডার, ৫ কেজি, অর্গানিক ফার্ম ব্র্যান্ড",2079
prod_01405,অর্গানিক ফার্ম দুধের পাউডার ৫০০ গ্রাম,দুগ্ধজাত,"সম্পূর্ণ দুধের পাউডার, ৫০০ গ্রাম, অর্গানিক ফার্ম ব্র্যান্ড",296
prod_01406,অর্গানিক ফার্ম দুধের পাউডার ২৫০ গ্রাম,দুগ্ধজাত,"সম্পূর্ণ দুধের পাউডার, ২৫০ গ্রাম, অর্গানিক ফার্ম ব্র্যান্ড",126
prod_01407,ইগলু দুধের পাউডার ২৫০ গ্রাম,দুগ্ধজাত,"সম্পূর্ণ দুধের পাউডার, ২৫০ গ্রাম, ইগলু ব্র্যান্ড",152
prod_01408,ইগলু দুধের পাউডার ১ কেজি,দুগ্ধজাত,"সম্পূর্ণ দুধের পাউডার, ১ কেজি, ইগলু ব্র্যান্ড",461
prod_01409,ইগলু দুধের পাউডার ৫০০ গ্রাম,দুগ্ধজাত,"সম্পূর্ণ দুধের পাউডার, ৫০০ গ্রাম, ইগলু ব্র্যান্ড",261
prod_01410,পূর্ণ চিজ ৫ কেজি,দুগ্ধজাত,"প্রসেসড চিজ, ৫ কেজি, পূর্ণ ব্র্যান্ড",1699
prod_01411,পূর্ণ চিজ ২ কেজি,দুগ্ধজাত,"প্রসেসড চিজ, ২ কেজি, পূর্ণ ব্র্যান্ড",870
prod_01412,পূর্ণ চিজ ১ কেজি,দুগ্ধজাত,"প্রসেসড চিজ, ১ কেজি, পূর্ণ ব্র্যান্ড",419
prod_01413,ইস্পাহানি চিজ ২ কেজি,দুগ্ধজাত,"প্রসেসড চিজ, ২ কেজি, ইস্পাহানি ব্র্যান্ড",736
prod_01414,ইস্পাহানি চিজ ৫০০ গ্রাম,দুগ্ধজাত,"প্রসেসড চিজ, ৫০০ গ্রাম, ইস্পাহানি ব্র্যান্ড",235
prod_01415,ইস্পাহানি চিজ ২৫০ গ্রাম,দুগ্ধজাত,"প্রসেসড চিজ, ২৫০ গ্রাম, ইস্পাহানি ব্র্যান্ড",117
prod_01416,রাধুনী চিজ ৫ কেজি,দুগ্ধজাত,"প্রসেসড চিজ, ৫ কেজি, রাধুনী ব্র্যান্ড",1793
prod_01417,রাধুনী চিজ ১ কেজি,দুগ্ধজাত,"প্রসেসড চিজ, ১ কেজি, রাধুনী ব্র্যান্ড",426
prod_01418,রাধুনী চিজ ২ কেজি,দুগ্ধজাত,"প্রসেসড চিজ, ২ কেজি, রাধুনী ব্র্যান্ড",727
prod_01419,কাজী ফার্মস চিজ ৫ কেজি,দুগ্ধজাত,"প্রসেসড চিজ, ৫ কেজি, কাজী ফার্মস ব্র্যান্ড",1707
prod_01420,কাজী ফার্মস চিজ ২ কেজি,দুগ্ধজাত,"প্রসেসড চিজ, ২ কেজি, কাজী ফার্মস ব্র্যান্ড",720
prod_01421,কাজী ফার্মস চিজ ২৫০ গ্রাম,দুগ্ধজাত,"প্রসেসড চিজ, ২৫০ গ্রাম, কাজী ফার্মস ব্র্যান্ড",114
prod_01422,স্কয়ার চিজ ৫ কেজি,দুগ্ধজাত,"প্রসেসড চিজ, ৫ কেজি, স্কয়ার ব্র্যান্ড",1723
prod_01423,স্কয়ার চিজ ২ কেজি,দুগ্ধজাত,"প্রসেসড চিজ, ২ কেজি, স্কয়ার ব্র্যান্ড",753
prod_01424,স্কয়ার চিজ ২৫০ গ্রাম,দুগ্ধজাত,"প্রসেসড চিজ, ২৫০ গ্রাম, স্কয়ার ব্র্যান্ড",128
prod_01425,রাধুনী ক্রিম ২ কেজি,দুগ্ধজাত,"ফ্রেশ ক্রিম, ২ কেজি, রাধুনী ব্র্যান্ড",609
prod_01426,রাধুনী ক্রিম ৫ কেজি,দুগ্ধজাত,"ফ্রেশ ক্রিম, ৫ কেজি, রাধুনী ব্র্যান্ড",1542
prod_01427,রাধুনী ক্রিম ১ কেজি,দুগ্ধজাত,"ফ্রেশ ক্রিম, ১ কেজি, রাধুনী ব্র্যান্ড",351
prod_01428,রূপচাঁদা ক্রিম ১ কেজি,দুগ্ধজাত,"ফ্রেশ ক্রিম, ১ কেজি, রূপচাঁদা ব্র্যান্ড",337
prod_01429,রূপচাঁদা ক্রিম ২ কেজি,দুগ্ধজাত,"ফ্রেশ ক্রিম, ২ কেজি, রূপচাঁদা ব্র্যান্ড",581
prod_01430,রূপচাঁদা ক্রিম ৫০০ গ্রাম,দুগ্ধজাত,"ফ্রেশ ক্রিম, ৫০০ গ্রাম, রূপচাঁদা ব্র্যান্ড",197
prod_01431,ফ্রেশ ক্রিম ১ কেজি,দুগ্ধজাত,"ফ্রেশ ক্রিম, ১ কেজি, ফ্রেশ ব্র্যান্ড",364
prod_01432,ফ্রেশ ক্রিম ৫০০ গ্রাম,দুগ্ধজাত,"ফ্রেশ ক্রিম, ৫০০ গ্রাম, ফ্রেশ ব্র্যান্ড",186
prod_01433,ফ্রেশ ক্রিম ২ কেজি,দুগ্ধজাত,"ফ্রেশ ক্রিম, ২ কেজি, ফ্রেশ ব্র্যান্ড",665
prod_01434,ACI ক্রিম ২৫০ গ্রাম,দুগ্ধজাত,"ফ্রেশ ক্রিম, ২৫০ গ্রাম, ACI ব্র্যান্ড",96
prod_01435,ACI ক্রিম ৫ কেজি,দুগ্ধজাত,"ফ্রেশ ক্রিম, ৫ কেজি, ACI ব্র্যান্ড",1512
prod_01436,ACI ক্রিম ১ কেজি,দুগ্ধজাত,"ফ্রেশ ক্রিম, ১ কেজি, ACI ব্র্যান্ড",393
prod_01437,পূর্ণ ক্রিম ৫ কেজি,দুগ্ধজাত,"ফ্রেশ ক্রিম, ৫ কেজি, পূর্ণ ব্র্যান্ড",1368
prod_01438,পূর্ণ ক্রিম ৫০০ গ্রাম,দুগ্ধজাত,"ফ্রেশ ক্রিম, ৫০০ গ্রাম, পূর্ণ ব্র্যান্ড",195
prod_01439,পূর্ণ ক্রিম ১ কেজি,দুগ্ধজাত,"ফ্রেশ ক্রিম, ১ কেজি, পূর্ণ ব্র্যান্ড",361
prod_01440,কাজী ফার্মস চিনি ২৫০ গ্রাম,মিষ্টি ও ডেজার্ট,"সাদা পরিশোধিত চিনি, ২৫০ গ্রাম, কাজী ফার্মস ব্র্যান্ড",36
prod_01441,কাজী ফার্মস চিনি ২ কেজি,মিষ্টি ও ডেজার্ট,"সাদা পরিশোধিত চিনি, ২ কেজি, কাজী ফার্মস ব্র্যান্ড",259
prod_01442,কাজী ফার্মস চিনি ১ কেজি,মিষ্টি ও ডেজার্ট,"সাদা পরিশোধিত চিনি, ১ কেজি, কাজী ফার্মস ব্র্যান্ড",144
prod_01443,রূপচাঁদা চিনি ৫ কেজি,মিষ্টি ও ডেজার্ট,"সাদা পরিশোধিত চিনি, ৫ কেজি, রূপচাঁদা ব্র্যান্ড",653
prod_01444,রূপচাঁদা চিনি ৫০০ গ্রাম,মিষ্টি ও ডেজার্ট,"সাদা পরিশোধিত চিনি, ৫০০ গ্রাম, রূপচাঁদা ব্র্যান্ড",79
prod_01445,রূপচাঁদা চিনি ২৫০ গ্রাম,মিষ্টি ও ডেজার্ট,"সাদা পরিশোধিত চিনি, ২৫০ গ্রাম, রূপচাঁদা ব্র্যান্ড",43
prod_01446,সুরভি চিনি ৫০০ গ্রাম,মিষ্টি ও ডেজার্ট,"সাদা পরিশোধিত চিনি, ৫০০ গ্রাম, সুরভি ব্র্যান্ড",74
prod_01447,সুরভি চিনি ৫ কেজি,মিষ্টি ও ডেজার্ট,"সাদা পরিশোধিত চিনি, ৫ কেজি, সুরভি ব্র্যান্ড",590
prod_01448,সুরভি চিনি ২৫০ গ্রাম,মিষ্টি ও ডেজার্ট,"সাদা পরিশোধিত চিনি, ২৫০ গ্রাম, সুরভি ব্র্যান্ড",43
prod_01449,মিল্কভিটা চিনি ২ কেজি,মিষ্টি ও ডেজার্ট,"সাদা পরিশোধিত চিনি, ২ কেজি, মিল্কভিটা ব্র্যান্ড",237
prod_01450,মিল্কভিটা চিনি ৫০০ গ্রাম,মিষ্টি ও ডেজার্ট,"সাদা পরিশোধিত চিনি, ৫০০ গ্রাম, মিল্কভিটা ব্র্যান্ড",81
prod_01451,মিল্কভিটা চিনি ১ কেজি,মিষ্টি ও ডেজার্ট,"সাদা পরিশোধিত চিনি, ১ কেজি, মিল্কভিটা ব্র্যান্ড",138
prod_01452,ACI চিনি ২৫০ গ্রাম,মিষ্টি ও ডেজার্ট,"সাদা পরিশোধিত চিনি, ২৫০ গ্রাম, ACI ব্র্যান্ড",40
prod_01453,ACI চিনি ৫ কেজি,মিষ্টি ও ডেজার্ট,"সাদা পরিশোধিত চিনি, ৫ কেজি, ACI ব্র্যান্ড",606
prod_01454,ACI চিনি ৫০০ গ্রাম,মিষ্টি ও ডেজার্ট,"সাদা পরিশোধিত চিনি, ৫০০ গ্রাম, ACI ব্র্যান্ড",85
prod_01455,আফতাব গুঁড়া চিনি ২৫০ গ্রাম,মিষ্টি ও ডেজার্ট,"সাদা গুঁড়া চিনি, ২৫০ গ্রাম, আফতাব ব্র্যান্ড",44
prod_01456,আফতাব গুঁড়া চিনি ২ কেজি,মিষ্টি ও ডেজার্ট,"সাদা গুঁড়া চিনি, ২ কেজি, আফতাব ব্র্যান্ড",309
prod_01457,আফতাব গুঁড়া চিনি ৫ কেজি,মিষ্টি ও ডেজার্ট,"সাদা গুঁড়া চিনি, ৫ কেজি, আফতাব ব্র্যান্ড",749
prod_01458,ইগলু গুঁড়া চিনি ২৫০ গ্রাম,মিষ্টি ও ডেজার্ট,"সাদা গুঁড়া চিনি, ২৫০ গ্রাম, ইগলু ব্র্যান্ড",50
prod_01459,ইগলু গুঁড়া চিনি ৫ কেজি,মিষ্টি ও ডেজার্ট,"সাদা গুঁড়া চিনি, ৫ কেজি, ইগলু ব্র্যান্ড",753
prod_01460,ইগলু গুঁড়া চিনি ১ কেজি,মিষ্টি ও ডেজার্ট,"সাদা গুঁড়া চিনি, ১ কেজি, ইগলু ব্র্যান্ড",183
prod_01461,প্রাণ গুঁড়া চিনি ১ কেজি,মিষ্টি ও ডেজার্ট,"সাদা গুঁড়া চিনি, ১ কেজি, প্রাণ ব্র্যান্ড",167
prod_01462,প্রাণ গুঁড়া চিনি ২ কেজি,মিষ্টি ও ডেজার্ট,"সাদা গুঁড়া চিনি, ২ কেজি, প্রাণ ব্র্যান্ড",303
prod_01463,প্রাণ গুঁড়া চিনি ৫০০ গ্রাম,মিষ্টি ও ডেজার্ট,"সাদা গুঁড়া চিনি, ৫০০ গ্রাম, প্রাণ ব্র্যান্ড",97
prod_01464,অর্গানিক ফার্ম গুঁড়া চিনি ২৫০ গ্রাম,মিষ্টি ও ডেজার্ট,"সাদা গুঁড়া চিনি, ২৫০ গ্রাম, অর্গানিক ফার্ম ব্র্যান্ড",46
prod_01465,অর্গানিক ফার্ম গুঁড়া চিনি ৫০০ গ্রাম,মিষ্টি ও ডেজার্ট,"সাদা গুঁড়া চিনি, ৫০০ গ্রাম, অর্গানিক ফার্ম ব্র্যান্ড",97
prod_01466,অর্গানিক ফার্ম গুঁড়া চিনি ২ কেজি,মিষ্টি ও ডেজার্ট,"সাদা গুঁড়া চিনি, ২ কেজি, অর্গানিক ফার্ম ব্র্যান্ড",314
prod_01467,ড্যানিশ গুঁড়া চিনি ২ কেজি,মিষ্টি ও ডেজার্ট,"সাদা গুঁড়া চিনি, ২ কেজি, ড্যানিশ ব্র্যান্ড",327
prod_01468,ড্যানিশ গুঁড়া চিনি ২৫০ গ্রাম,মিষ্টি ও ডেজার্ট,"সাদা গুঁড়া চিনি, ২৫০ গ্রাম, ড্যানিশ ব্র্যান্ড",45
prod_01469,ড্যানিশ গুঁড়া চিনি ৫০০ গ্রাম,মিষ্টি ও ডেজার্ট,"সাদা গুঁড়া চিনি, ৫০০ গ্রাম, ড্যানিশ ব্র্যান্ড",90
prod_01470,রূপচাঁদা ব্রাউন সুগার ১ কেজি,মিষ্টি ও ডেজার্ট,"ব্রাউন সুগার, ১ কেজি, রূপচাঁদা ব্র্যান্ড",211
prod_01471,রূপচাঁদা ব্রাউন সুগার ৫ কেজি,মিষ্টি ও ডেজার্ট,"ব্রাউন সুগার, ৫ কেজি, রূপচাঁদা ব্র্যান্ড",884
prod_01472,রূপচাঁদা ব্রাউন সুগার ৫০০ গ্রাম,মিষ্টি ও ডেজার্ট,"ব্রাউন সুগার, ৫০০ গ্রাম, রূপচাঁদা ব্র্যান্ড",114
prod_01473,বসুন্ধরা ব্রাউন সুগার ৫০০ গ্রাম,মিষ্টি ও ডেজার্ট,"ব্রাউন সুগার, ৫০০ গ্রাম, বসুন্ধরা ব্র্যান্ড",120
prod_01474,বসুন্ধরা ব্রাউন সুগার ৫ কেজি,মিষ্টি ও ডেজার্ট,"ব্রাউন সুগার, ৫ কেজি, বসুন্ধরা ব্র্যান্ড",815
prod_01475,বসুন্ধরা ব্রাউন সুগার ২ কেজি,মিষ্টি ও ডেজার্ট,"ব্রাউন সুগার, ২ কেজি, বসুন্ধরা ব্র্যান্ড",374
prod_01476,মেঘনা ব্রাউন সুগার ১ কেজি,মিষ্টি ও ডেজার্ট,"ব্রাউন সুগার, ১ কেজি, মেঘনা ব্র্যান্ড",203
prod_01477,মেঘনা ব্রাউন সুগার ২ কেজি,মিষ্টি ও ডেজার্ট,"ব্রাউন সুগার, ২ কেজি, মেঘনা ব্র্যান্ড",330
prod_01478,মেঘনা ব্রাউন সুগার ৫ কেজি,মিষ্টি ও ডেজার্ট,"ব্রাউন সুগার, ৫ কেজি, মেঘনা ব্র্যান্ড",777
prod_01479,প্রাণ ব্রাউন সুগার ২ কেজি,মিষ্টি ও ডেজার্ট,"ব্রাউন সুগার, ২ কেজি, প্রাণ ব্র্যান্ড",377
prod_01480,প্রাণ ব্রাউন সুগার ৫ কেজি,মিষ্টি ও ডেজার্ট,"ব্রাউন সুগার, ৫ কেজি, প্রাণ ব্র্যান্ড",877
prod_01481,প্রাণ ব্রাউন সুগার ১ কেজি,মিষ্টি ও ডেজার্ট,"ব্রাউন সুগার, ১ কেজি, প্রাণ ব্র্যান্ড",198
prod_01482,স্কয়ার ব্রাউন সুগার ৫০০ গ্রাম,মিষ্টি ও ডেজার্ট,"ব্রাউন সুগার, ৫০০ গ্রাম, স্কয়ার ব্র্যান্ড",114
prod_01483,স্কয়ার ব্রাউন সুগার ২৫০ গ্রাম,মিষ্টি ও ডেজার্ট,"ব্রাউন সুগার, ২৫০ গ্রাম, স্কয়ার ব্র্যান্ড",53
prod_01484,স্কয়ার ব্রাউন সুগার ৫ কেজি,মিষ্টি ও ডেজার্ট,"ব্রাউন সুগার, ৫ কেজি, স্কয়ার ব্র্যান্ড",871
prod_01485,আফতাব গুড় ৫০০ গ্রাম,মিষ্টি ও ডেজার্ট,"খাঁটি গুড়, ৫০০ গ্রাম, আফতাব ব্র্যান্ড",108
prod_01486,আফতাব গুড় ২৫০ গ্রাম,মিষ্টি ও ডেজার্ট,"খাঁটি গুড়, ২৫০ গ্রাম, আফতাব ব্র্যান্ড",54
prod_01487,আফতাব গুড় ২ কেজি,মিষ্টি ও ডেজার্ট,"খাঁটি গুড়, ২ কেজি, আফতাব ব্র্যান্ড",373
prod_01488,মিল্কভিটা গুড় ৫০০ গ্রাম,মিষ্টি ও ডেজার্ট,"খাঁটি গুড়, ৫০০ গ্রাম, মিল্কভিটা ব্র্যান্ড",127
prod_01489,মিল্কভিটা গুড় ১ কেজি,মিষ্টি ও ডেজার্ট,"খাঁটি গুড়, ১ কেজি, মিল্কভিটা ব্র্যান্ড",216
prod_01490,মিল্কভিটা গুড় ৫ কেজি,মিষ্টি ও ডেজার্ট,"খাঁটি গুড়, ৫ কেজি, মিল্কভিটা ব্র্যান্ড",924
prod_01491,প্রাণ গুড় ২৫০ গ্রাম,মিষ্টি ও ডেজার্ট,"খাঁটি গুড়, ২৫০ গ্রাম, প্রাণ ব্র্যান্ড",58
prod_01492,প্রাণ গুড় ৫ কেজি,মিষ্টি ও ডেজার্ট,"খাঁটি গুড়, ৫ কেজি, প্রাণ ব্র্যান্ড",916
prod_01493,প্রাণ গুড় ২ কেজি,মিষ্টি ও ডেজার্ট,"খাঁটি গুড়, ২ কেজি, প্রাণ ব্র্যান্ড",359
prod_01494,ইস্পাহানি গুড় ২ কেজি,মিষ্টি ও ডেজার্ট,"খাঁটি গুড়, ২ কেজি, ইস্পাহানি ব্র্যান্ড",358
prod_01495,ইস্পাহানি গুড় ১ কেজি,মিষ্টি ও ডেজার্ট,"খাঁটি গুড়, ১ কেজি, ইস্পাহানি ব্র্যান্ড",233
prod_01496,ইস্পাহানি গুড় ৫০০ গ্রাম,মিষ্টি ও ডেজার্ট,"খাঁটি গুড়, ৫০০ গ্রাম, ইস্পাহানি ব্র্যান্ড",125
prod_01497,ম্যারিকো গুড় ২৫০ গ্রাম,মিষ্টি ও ডেজার্ট,"খাঁটি গুড়, ২৫০ গ্রাম, ম্যারিকো ব্র্যান্ড",58
prod_01498,ম্যারিকো গুড় ১ কেজি,মিষ্টি ও ডেজার্ট,"খাঁটি গুড়, ১ কেজি, ম্যারিকো ব্র্যান্ড",201
prod_01499,ম্যারিকো গুড় ৫ কেজি,মিষ্টি ও ডেজার্ট,"খাঁটি গুড়, ৫ কেজি, ম্যারিকো ব্র্যান্ড",913
prod_01500,ম্যারিকো মধু ২ কেজি,মিষ্টি ও ডেজার্ট,"খাঁটি মৌমাছির মধু, ২ কেজি, ম্যারিকো ব্র্যান্ড",807
prod_01501,ম্যারিকো মধু ২৫০ গ্রাম,মিষ্টি ও ডেজার্ট,"খাঁটি মৌমাছির মধু, ২৫০ গ্রাম, ম্যারিকো ব্র্যান্ড",151
prod_01502,ম্যারিকো মধু ১ কেজি,মিষ্টি ও ডেজার্ট,"খাঁটি মৌমাছির মধু, ১ কেজি, ম্যারিকো ব্র্যান্ড",518
prod_01503,সুরভি মধু ৫ কেজি,মিষ্টি ও ডেজার্ট,"খাঁটি মৌমাছির মধু, ৫ কেজি, সুরভি ব্র্যান্ড",1996
prod_01504,সুরভি মধু ২৫০ গ্রাম,মিষ্টি ও ডেজার্ট,"খাঁটি মৌমাছির মধু, ২৫০ গ্রাম, সুরভি ব্র্যান্ড",148
prod_01505,সুরভি মধু ২ কেজি,মিষ্টি ও ডেজার্ট,"খাঁটি মৌমাছির মধু, ২ কেজি, সুরভি ব্র্যান্ড",861
prod_01506,মিল্কভিটা মধু ১ কেজি,মিষ্টি ও ডেজার্ট,"খাঁটি মৌমাছির মধু, ১ কেজি, মিল্কভিটা ব্র্যান্ড",539
prod_01507,মিল্কভিটা মধু ২ কেজি,মিষ্টি ও ডেজার্ট,"খাঁটি মৌমাছির মধু, ২ কেজি, মিল্কভিটা ব্র্যান্ড",888
prod_01508,মিল্কভিটা মধু ৫০০ গ্রাম,মিষ্টি ও ডেজার্ট,"খাঁটি মৌমাছির মধু, ৫০০ গ্রাম, মিল্কভিটা ব্র্যান্ড",264
prod_01509,অর্গানিক ফার্ম মধু ১ কেজি,মিষ্টি ও ডেজার্ট,"খাঁটি মৌমাছির মধু, ১ কেজি, অর্গানিক ফার্ম ব্র্যান্ড",463
prod_01510,অর্গানিক ফার্ম মধু ২ কেজি,মিষ্টি ও ডেজার্ট,"খাঁটি মৌমাছির মধু, ২ কেজি, অর্গানিক ফার্ম ব্র্যান্ড",898
prod_01511,অর্গানিক ফার্ম মধু ৫ কেজি,মিষ্টি ও ডেজার্ট,"খাঁটি মৌমাছির মধু, ৫ কেজি, অর্গানিক ফার্ম ব্র্যান্ড",2168
prod_01512,বসুন্ধরা মধু ১ কেজি,মিষ্টি ও ডেজার্ট,"খাঁটি মৌমাছির মধু, ১ কেজি, বসুন্ধরা ব্র্যান্ড",522
prod_01513,বসুন্ধরা মধু ৫ কেজি,মিষ্টি ও ডেজার্ট,"খাঁটি মৌমাছির মধু, ৫ কেজি, বসুন্ধরা ব্র্যান্ড",2092
prod_01514,বসুন্ধরা মধু ৫০০ গ্রাম,মিষ্টি ও ডেজার্ট,"খাঁটি মৌমাছির মধু, ৫০০ গ্রাম, বসুন্ধরা ব্র্যান্ড",270
prod_01515,বসুন্ধরা রসগোল্লা ৫০০ গ্রাম,মিষ্টি ও ডেজার্ট,"সিলেটি রসগোল্লা, ৫০০ গ্রাম, বসুন্ধরা ব্র্যান্ড",210
prod_01516,বসুন্ধরা রসগোল্লা ৫ কেজি,মিষ্টি ও ডেজার্ট,"সিলেটি রসগোল্লা, ৫ কেজি, বসুন্ধরা ব্র্যান্ড",1619
prod_01517,বসুন্ধরা রসগোল্লা ১ কেজি,মিষ্টি ও ডেজার্ট,"সিলেটি রসগোল্লা, ১ কেজি, বসুন্ধরা ব্র্যান্ড",381
prod_01518,স্কয়ার রসগোল্লা ৫ কেজি,মিষ্টি ও ডেজার্ট,"সিলেটি রসগোল্লা, ৫ কেজি, স্কয়ার ব্র্যান্ড",1445
prod_01519,স্কয়ার রসগোল্লা ২ কেজি,মিষ্টি ও ডেজার্ট,"সিলেটি রসগোল্লা, ২ কেজি, স্কয়ার ব্র্যান্ড",593
prod_01520,স্কয়ার রসগোল্লা ১ কেজি,মিষ্টি ও ডেজার্ট,"সিলেটি রসগোল্লা, ১ কেজি, স্কয়ার ব্র্যান্ড",325
prod_01521,অর্গানিক ফার্ম রসগোল্লা ২ কেজি,মিষ্টি ও ডেজার্ট,"সিলেটি রসগোল্লা, ২ কেজি, অর্গানিক ফার্ম ব্র্যান্ড",692
prod_01522,অর্গানিক ফার্ম রসগোল্লা ১ কেজি,মিষ্টি ও ডেজার্ট,"সিলেটি রসগোল্লা, ১ কেজি, অর্গানিক ফার্ম ব্র্যান্ড",353
prod_01523,অর্গানিক ফার্ম রসগোল্লা ৫০০ গ্রাম,মিষ্টি ও ডেজার্ট,"সিলেটি রসগোল্লা, ৫০০ গ্রাম, অর্গানিক ফার্ম ব্র্যান্ড",209
prod_01524,কাজী ফার্মস রসগোল্লা ৫ কেজি,মিষ্টি ও ডেজার্ট,"সিলেটি রসগোল্লা, ৫ কেজি, কাজী ফার্মস ব্র্যান্ড",1567
prod_01525,কাজী ফার্মস রসগোল্লা ৫০০ গ্রাম,মিষ্টি ও ডেজার্ট,"সিলেটি রসগোল্লা, ৫০০ গ্রাম, কাজী ফার্মস ব্র্যান্ড",188
prod_01526,কাজী ফার্মস রসগোল্লা ২ কেজি,মিষ্টি ও ডেজার্ট,"সিলেটি রসগোল্লা, ২ কেজি, কাজী ফার্মস ব্র্যান্ড",644
prod_01527,ACI রসগোল্লা ২ কেজি,মিষ্টি ও ডেজার্ট,"সিলেটি রসগোল্লা, ২ কেজি, ACI ব্র্যান্ড",614
prod_01528,ACI রসগোল্লা ১ কেজি,মিষ্টি ও ডেজার্ট,"সিলেটি রসগোল্লা, ১ কেজি, ACI ব্র্যান্ড",336
prod_01529,ACI রসগোল্লা ৫ কেজি,মিষ্টি ও ডেজার্ট,"সিলেটি রসগোল্লা, ৫ কেজি, ACI ব্র্যান্ড",1547
prod_01530,কাজী ফার্মস গুলাব জামুন ৫০০ গ্রাম,মিষ্টি ও ডেজার্ট,"খাঁটি গুলাব জামুন, ৫০০ গ্রাম, কাজী ফার্মস ব্র্যান্ড",191
prod_01531,কাজী ফার্মস গুলাব জামুন ১ কেজি,মিষ্টি ও ডেজার্ট,"খাঁটি গুলাব জামুন, ১ কেজি, কাজী ফার্মস ব্র্যান্ড",341
prod_01532,কাজী ফার্মস গুলাব জামুন ২ কেজি,মিষ্টি ও ডেজার্ট,"খাঁটি গুলাব জামুন, ২ কেজি, কাজী ফার্মস ব্র্যান্ড",539
prod_01533,ইস্পাহানি গুলাব জামুন ১ কেজি,মিষ্টি ও ডেজার্ট,"খাঁটি গুলাব জামুন, ১ কেজি, ইস্পাহানি ব্র্যান্ড",314
prod_01534,ইস্পাহানি গুলাব জামুন ২৫০ গ্রাম,মিষ্টি ও ডেজার্ট,"খাঁটি গুলাব জামুন, ২৫০ গ্রাম, ইস্পাহানি ব্র্যান্ড",94
prod_01535,ইস্পাহানি গুলাব জামুন ২ কেজি,মিষ্টি ও ডেজার্ট,"খাঁটি গুলাব জামুন, ২ কেজি, ইস্পাহানি ব্র্যান্ড",553
prod_01536,ACI গুলাব জামুন ১ কেজি,মিষ্টি ও ডেজার্ট,"খাঁটি গুলাব জামুন, ১ কেজি, ACI ব্র্যান্ড",329
prod_01537,ACI গুলাব জামুন ৫ কেজি,মিষ্টি ও ডেজার্ট,"খাঁটি গুলাব জামুন, ৫ কেজি, ACI ব্র্যান্ড",1340
prod_01538,ACI গুলাব জামুন ৫০০ গ্রাম,মিষ্টি ও ডেজার্ট,"খাঁটি গুলাব জামুন, ৫০০ গ্রাম, ACI ব্র্যান্ড",166
prod_01539,ফ্রেশ গুলাব জামুন ২৫০ গ্রাম,মিষ্টি ও ডেজার্ট,"খাঁটি গুলাব জামুন, ২৫০ গ্রাম, ফ্রেশ ব্র্যান্ড",97
prod_01540,ফ্রেশ গুলাব জামুন ৫ কেজি,মিষ্টি ও ডেজার্ট,"খাঁটি গুলাব জামুন, ৫ কেজি, ফ্রেশ ব্র্যান্ড",1350
prod_01541,ফ্রেশ গুলাব জামুন ৫০০ গ্রাম,মিষ্টি ও ডেজার্ট,"খাঁটি গুলাব জামুন, ৫০০ গ্রাম, ফ্রেশ ব্র্যান্ড",193
prod_01542,রূপচাঁদা গুলাব জামুন ২ কেজি,মিষ্টি ও ডেজার্ট,"খাঁটি গুলাব জামুন, ২ কেজি, রূপচাঁদা ব্র্যান্ড",524
prod_01543,রূপচাঁদা গুলাব জামুন ১ কেজি,মিষ্টি ও ডেজার্ট,"খাঁটি গুলাব জামুন, ১ কেজি, রূপচাঁদা ব্র্যান্ড",346
prod_01544,রূপচাঁদা গুলাব জামুন ৫০০ গ্রাম,মিষ্টি ও ডেজার্ট,"খাঁটি গুলাব জামুন, ৫০০ গ্রাম, রূপচাঁদা ব্র্যান্ড",166
prod_01545,ম্যারিকো সন্দেশ ১ কেজি,মিষ্টি ও ডেজার্ট,"তাজা সন্দেশ, ১ কেজি, ম্যারিকো ব্র্যান্ড",287
prod_01546,ম্যারিকো সন্দেশ ৫০০ গ্রাম,মিষ্টি ও ডেজার্ট,"তাজা সন্দেশ, ৫০০ গ্রাম, ম্যারিকো ব্র্যান্ড",164
prod_01547,ম্যারিকো সন্দেশ ২৫০ গ্রাম,মিষ্টি ও ডেজার্ট,"তাজা সন্দেশ, ২৫০ গ্রাম, ম্যারিকো ব্র্যান্ড",74
prod_01548,স্কয়ার সন্দেশ ২৫০ গ্রাম,মিষ্টি ও ডেজার্ট,"তাজা সন্দেশ, ২৫০ গ্রাম, স্কয়ার ব্র্যান্ড",76
prod_01549,স্কয়ার সন্দেশ ৫ কেজি,মিষ্টি ও ডেজার্ট,"তাজা সন্দেশ, ৫ কেজি, স্কয়ার ব্র্যান্ড",1262
prod_01550,স্কয়ার সন্দেশ ৫০০ গ্রাম,মিষ্টি ও ডেজার্ট,"তাজা সন্দেশ, ৫০০ গ্রাম, স্কয়ার ব্র্যান্ড",149
prod_01551,ড্যানিশ সন্দেশ ৫০০ গ্রাম,মিষ্টি ও ডেজার্ট,"তাজা সন্দেশ, ৫০০ গ্রাম, ড্যানিশ ব্র্যান্ড",148
prod_01552,ড্যানিশ সন্দেশ ২ কেজি,মিষ্টি ও ডেজার্ট,"তাজা সন্দেশ, ২ কেজি, ড্যানিশ ব্র্যান্ড",505
prod_01553,ড্যানিশ সন্দেশ ২৫০ গ্রাম,মিষ্টি ও ডেজার্ট,"তাজা সন্দেশ, ২৫০ গ্রাম, ড্যানিশ ব্র্যান্ড",78
prod_01554,ইগলু সন্দেশ ২ কেজি,মিষ্টি ও ডেজার্ট,"তাজা সন্দেশ, ২ কেজি, ইগলু ব্র্যান্ড",461
prod_01555,ইগলু সন্দেশ ৫ কেজি,মিষ্টি ও ডেজার্ট,"তাজা সন্দেশ, ৫ কেজি, ইগলু ব্র্যান্ড",1208
prod_01556,ইগলু সন্দেশ ৫০০ গ্রাম,মিষ্টি ও ডেজার্ট,"তাজা সন্দেশ, ৫০০ গ্রাম, ইগলু ব্র্যান্ড",167
prod_01557,তীর সন্দেশ ২৫০ গ্রাম,মিষ্টি ও ডেজার্ট,"তাজা সন্দেশ, ২৫০ গ্রাম, তীর ব্র্যান্ড",75
prod_01558,তীর সন্দেশ ১ কেজি,মিষ্টি ও ডেজার্ট,"তাজা সন্দেশ, ১ কেজি, তীর ব্র্যান্ড",298
prod_01559,তীর সন্দেশ ২ কেজি,মিষ্টি ও ডেজার্ট,"তাজা সন্দেশ, ২ কেজি, তীর ব্র্যান্ড",524
prod_01560,সুরভি জিলাপি ২৫০ গ্রাম,মিষ্টি ও ডেজার্ট,"তাজা জিলাপি, ২৫০ গ্রাম, সুরভি ব্র্যান্ড",50
prod_01561,সুরভি জিলাপি ২ কেজি,মিষ্টি ও ডেজার্ট,"তাজা জিলাপি, ২ কেজি, সুরভি ব্র্যান্ড",298
prod_01562,সুরভি জিলাপি ১ কেজি,মিষ্টি ও ডেজার্ট,"তাজা জিলাপি, ১ কেজি, সুরভি ব্র্যান্ড",191
prod_01563,অর্গানিক ফার্ম জিলাপি ১ কেজি,মিষ্টি ও ডেজার্ট,"তাজা জিলাপি, ১ কেজি, অর্গানিক ফার্ম ব্র্যান্ড",188
prod_01564,অর্গানিক ফার্ম জিলাপি ৫ কেজি,মিষ্টি ও ডেজার্ট,"তাজা জিলাপি, ৫ কেজি, অর্গানিক ফার্ম ব্র্যান্ড",764
prod_01565,অর্গানিক ফার্ম জিলাপি ৫০০ গ্রাম,মিষ্টি ও ডেজার্ট,"তাজা জিলাপি, ৫০০ গ্রাম, অর্গানিক ফার্ম ব্র্যান্ড",96
prod_01566,মেঘনা জিলাপি ৫০০ গ্রাম,মিষ্টি ও ডেজার্ট,"তাজা জিলাপি, ৫০০ গ্রাম, মেঘনা ব্র্যান্ড",97
prod_01567,মেঘনা জিলাপি ১ কেজি,মিষ্টি ও ডেজার্ট,"তাজা জিলাপি, ১ কেজি, মেঘনা ব্র্যান্ড",168
prod_01568,মেঘনা জিলাপি ৫ কেজি,মিষ্টি ও ডেজার্ট,"তাজা জিলাপি, ৫ কেজি, মেঘনা ব্র্যান্ড",817
prod_01569,ACI জিলাপি ২ কেজি,মিষ্টি ও ডেজার্ট,"তাজা জিলাপি, ২ কেজি, ACI ব্র্যান্ড",302
prod_01570,ACI জিলাপি ২৫০ গ্রাম,মিষ্টি ও ডেজার্ট,"তাজা জিলাপি, ২৫০ গ্রাম, ACI ব্র্যান্ড",54
prod_01571,ACI জিলাপি ৫ কেজি,মিষ্টি ও ডেজার্ট,"তাজা জিলাপি, ৫ কেজি, ACI ব্র্যান্ড",706
prod_01572,তীর জিলাপি ২৫০ গ্রাম,মিষ্টি ও ডেজার্ট,"তাজা জিলাপি, ২৫০ গ্রাম, তীর ব্র্যান্ড",48
prod_01573,তীর জিলাপি ৫০০ গ্রাম,মিষ্টি ও ডেজার্ট,"তাজা জিলাপি, ৫০০ গ্রাম, তীর ব্র্যান্ড",103
prod_01574,তীর জিলাপি ৫ কেজি,মিষ্টি ও ডেজার্ট,"তাজা জিলাপি, ৫ কেজি, তীর ব্র্যান্ড",680
prod_01575,বসুন্ধরা মিষ্টি দই ২৫০ গ্রাম,মিষ্টি ও ডেজার্ট,"মিষ্টি দই, ২৫০ গ্রাম, বসুন্ধরা ব্র্যান্ড",41
prod_01576,বসুন্ধরা মিষ্টি দই ৫ কেজি,মিষ্টি ও ডেজার্ট,"মিষ্টি দই, ৫ কেজি, বসুন্ধরা ব্র্যান্ড",667
prod_01577,বসুন্ধরা মিষ্টি দই ১ কেজি,মিষ্টি ও ডেজার্ট,"মিষ্টি দই, ১ কেজি, বসুন্ধরা ব্র্যান্ড",149
prod_01578,কাজী ফার্মস মিষ্টি দই ১ কেজি,মিষ্টি ও ডেজার্ট,"মিষ্টি দই, ১ কেজি, কাজী ফার্মস ব্র্যান্ড",150
prod_01579,কাজী ফার্মস মিষ্টি দই ২ কেজি,মিষ্টি ও ডেজার্ট,"মিষ্টি দই, ২ কেজি, কাজী ফার্মস ব্র্যান্ড",299
prod_01580,কাজী ফার্মস মিষ্টি দই ৫ কেজি,মিষ্টি ও ডেজার্ট,"মিষ্টি দই, ৫ কেজি, কাজী ফার্মস ব্র্যান্ড",692
prod_01581,আরকু মিষ্টি দই ১ কেজি,মিষ্টি ও ডেজার্ট,"মিষ্টি দই, ১ কেজি, আরকু ব্র্যান্ড",149
prod_01582,আরকু মিষ্টি দই ২ কেজি,মিষ্টি ও ডেজার্ট,"মিষ্টি দই, ২ কেজি, আরকু ব্র্যান্ড",289
prod_01583,আরকু মিষ্টি দই ৫ কেজি,মিষ্টি ও ডেজার্ট,"মিষ্টি দই, ৫ কেজি, আরকু ব্র্যান্ড",691
prod_01584,মিল্কভিটা মিষ্টি দই ৫০০ গ্রাম,মিষ্টি ও ডেজার্ট,"মিষ্টি দই, ৫০০ গ্রাম, মিল্কভিটা ব্র্যান্ড",90
prod_01585,মিল্কভিটা মিষ্টি দই ২ কেজি,মিষ্টি ও ডেজার্ট,"মিষ্টি দই, ২ কেজি, মিল্কভিটা ব্র্যান্ড",294
prod_01586,মিল্কভিটা মিষ্টি দই ২৫০ গ্রাম,মিষ্টি ও ডেজার্ট,"মিষ্টি দই, ২৫০ গ্রাম, মিল্কভিটা ব্র্যান্ড",43
prod_01587,ফ্রেশ মিষ্টি দই ২৫০ গ্রাম,মিষ্টি ও ডেজার্ট,"মিষ্টি দই, ২৫০ গ্রাম, ফ্রেশ ব্র্যান্ড",45
prod_01588,ফ্রেশ মিষ্টি দই ২ কেজি,মিষ্টি ও ডেজার্ট,"মিষ্টি দই, ২ কেজি, ফ্রেশ ব্র্যান্ড",304
prod_01589,ফ্রেশ মিষ্টি দই ৫ কেজি,মিষ্টি ও ডেজার্ট,"মিষ্টি দই, ৫ কেজি, ফ্রেশ ব্র্যান্ড",719
prod_01590,ম্যারিকো চা পাতি ২৫০ মিলি,পানীয়,"সিলেটের চা পাতি, ২৫০ মিলি, ম্যারিকো ব্র্যান্ড",103
prod_01591,ম্যারিকো চা পাতি ২ লিটার,পানীয়,"সিলেটের চা পাতি, ২ লিটার, ম্যারিকো ব্র্যান্ড",637
prod_01592,ম্যারিকো চা পাতি ৫ লিটার,পানীয়,"সিলেটের চা পাতি, ৫ লিটার, ম্যারিকো ব্র্যান্ড",1325
prod_01593,মেঘনা চা পাতি ২৫০ মিলি,পানীয়,"সিলেটের চা পাতি, ২৫০ মিলি, মেঘনা ব্র্যান্ড",106
prod_01594,মেঘনা চা পাতি ৫ লিটার,পানীয়,"সিলেটের চা পাতি, ৫ লিটার, মেঘনা ব্র্যান্ড",1447
prod_01595,মেঘনা চা পাতি ২ লিটার,পানীয়,"সিলেটের চা পাতি, ২ লিটার, মেঘনা ব্র্যান্ড",595
prod_01596,ড্যানিশ চা পাতি ২৫০ মিলি,পানীয়,"সিলেটের চা পাতি, ২৫০ মিলি, ড্যানিশ ব্র্যান্ড",104
prod_01597,ড্যানিশ চা পাতি ৫ লিটার,পানীয়,"সিলেটের চা পাতি, ৫ লিটার, ড্যানিশ ব্র্যান্ড",1513
prod_01598,ড্যানিশ চা পাতি ১ লিটার,পানীয়,"সিলেটের চা পাতি, ১ লিটার, ড্যানিশ ব্র্যান্ড",370
prod_01599,ACI চা পাতি ২ লিটার,পানীয়,"সিলেটের চা পাতি, ২ লিটার, ACI ব্র্যান্ড",635
prod_01600,ACI চা পাতি ১ লিটার,পানীয়,"সিলেটের চা পাতি, ১ লিটার, ACI ব্র্যান্ড",331
prod_01601,ACI চা পাতি ৫০০ মিলি,পানীয়,"সিলেটের চা পাতি, ৫০০ মিলি, ACI ব্র্যান্ড",186
prod_01602,ইস্পাহানি চা পাতি ২৫০ মিলি,পানীয়,"সিলেটের চা পাতি, ২৫০ মিলি, ইস্পাহানি ব্র্যান্ড",106
prod_01603,ইস্পাহানি চা পাতি ১ লিটার,পানীয়,"সিলেটের চা পাতি, ১ লিটার, ইস্পাহানি ব্র্যান্ড",346
prod_01604,ইস্পাহানি চা পাতি ৫০০ মিলি,পানীয়,"সিলেটের চা পাতি, ৫০০ মিলি, ইস্পাহানি ব্র্যান্ড",209
prod_01605,ফ্রেশ কফি বিন ১ লিটার,পানীয়,"ভাজা কফি বিন, ১ লিটার, ফ্রেশ ব্র্যান্ড",490
prod_01606,ফ্রেশ কফি বিন ৫ লিটার,পানীয়,"ভাজা কফি বিন, ৫ লিটার, ফ্রেশ ব্র্যান্ড",1668
prod_01607,ফ্রেশ কফি বিন ৫০০ মিলি,পানীয়,"ভাজা কফি বিন, ৫০০ মিলি, ফ্রেশ ব্র্যান্ড",261
prod_01608,আরকু কফি বিন ১ লিটার,পানীয়,"ভাজা কফি বিন, ১ লিটার, আরকু ব্র্যান্ড",415
prod_01609,আরকু কফি বিন ৫ লিটার,পানীয়,"ভাজা কফি বিন, ৫ লিটার, আরকু ব্র্যান্ড",1715
prod_01610,আরকু কফি বিন ২৫০ মিলি,পানীয়,"ভাজা কফি বিন, ২৫০ মিলি, আরকু ব্র্যান্ড",123
prod_01611,প্রাণ কফি বিন ২ লিটার,পানীয়,"ভাজা কফি বিন, ২ লিটার, প্রাণ ব্র্যান্ড",823
prod_01612,প্রাণ কফি বিন ৫ লিটার,পানীয়,"ভাজা কফি বিন, ৫ লিটার, প্রাণ ব্র্যান্ড",1853
prod_01613,প্রাণ কফি বিন ৫০০ মিলি,পানীয়,"ভাজা কফি বিন, ৫০০ মিলি, প্রাণ ব্র্যান্ড",230
prod_01614,তীর কফি বিন ২৫০ মিলি,পানীয়,"ভাজা কফি বিন, ২৫০ মিলি, তীর ব্র্যান্ড",122
prod_01615,তীর কফি বিন ৫০০ মিলি,পানীয়,"ভাজা কফি বিন, ৫০০ মিলি, তীর ব্র্যান্ড",254
prod_01616,তীর কফি বিন ৫ লিটার,পানীয়,"ভাজা কফি বিন, ৫ লিটার, তীর ব্র্যান্ড",1855
prod_01617,ইস্পাহানি কফি বিন ২ লিটার,পানীয়,"ভাজা কফি বিন, ২ লিটার, ইস্পাহানি ব্র্যান্ড",780
prod_01618,ইস্পাহানি কফি বিন ৫০০ মিলি,পানীয়,"ভাজা কফি বিন, ৫০০ মিলি, ইস্পাহানি ব্র্যান্ড",242
prod_01619,ইস্পাহানি কফি বিন ১ লিটার,পানীয়,"ভাজা কফি বিন, ১ লিটার, ইস্পাহানি ব্র্যান্ড",407
prod_01620,তীর কফি পাউডার ২ লিটার,পানীয়,"কফি পাউডার, ২ লিটার, তীর ব্র্যান্ড",670
prod_01621,তীর কফি পাউডার ২৫০ মিলি,পানীয়,"কফি পাউডার, ২৫০ মিলি, তীর ব্র্যান্ড",105
prod_01622,তীর কফি পাউডার ৫ লিটার,পানীয়,"কফি পাউডার, ৫ লিটার, তীর ব্র্যান্ড",1603
prod_01623,রূপচাঁদা কফি পাউডার ৫ লিটার,পানীয়,"কফি পাউডার, ৫ লিটার, রূপচাঁদা ব্র্যান্ড",1654
prod_01624,রূপচাঁদা কফি পাউডার ৫০০ মিলি,পানীয়,"কফি পাউডার, ৫০০ মিলি, রূপচাঁদা ব্র্যান্ড",220
prod_01625,রূপচাঁদা কফি পাউডার ১ লিটার,পানীয়,"কফি পাউডার, ১ লিটার, রূপচাঁদা ব্র্যান্ড",410
prod_01626,মিল্কভিটা কফি পাউডার ৫ লিটার,পানীয়,"কফি পাউডার, ৫ লিটার, মিল্কভিটা ব্র্যান্ড",1589
prod_01627,মিল্কভিটা কফি পাউডার ২৫০ মিলি,পানীয়,"কফি পাউডার, ২৫০ মিলি, মিল্কভিটা ব্র্যান্ড",104
prod_01628,মিল্কভিটা কফি পাউডার ৫০০ মিলি,পানীয়,"কফি পাউডার, ৫০০ মিলি, মিল্কভিটা ব্র্যান্ড",213
prod_01629,ফ্রেশ কফি পাউডার ২ লিটার,পানীয়,"কফি পাউডার, ২ লিটার, ফ্রেশ ব্র্যান্ড",759
prod_01630,ফ্রেশ কফি পাউডার ৫০০ মিলি,পানীয়,"কফি পাউডার, ৫০০ মিলি, ফ্রেশ ব্র্যান্ড",224
prod_01631,ফ্রেশ কফি পাউডার ১ লিটার,পানীয়,"কফি পাউডার, ১ লিটার, ফ্রেশ ব্র্যান্ড",357
prod_01632,ড্যানিশ কফি পাউডার ৫০০ মিলি,পানীয়,"কফি পাউডার, ৫০০ মিলি, ড্যানিশ ব্র্যান্ড",236
prod_01633,ড্যানিশ কফি পাউডার ২ লিটার,পানীয়,"কফি পাউডার, ২ লিটার, ড্যানিশ ব্র্যান্ড",644
prod_01634,ড্যানিশ কফি পাউডার ৫ লিটার,পানীয়,"কফি পাউডার, ৫ লিটার, ড্যানিশ ব্র্যান্ড",1537
prod_01635,সুরভি গ্রিন টি ৫ লিটার,পানীয়,"গ্রিন টি ব্যাগ, ৫ লিটার, সুরভি ব্র্যান্ড",1339
prod_01636,সুরভি গ্রিন টি ২ লিটার,পানীয়,"গ্রিন টি ব্যাগ, ২ লিটার, সুরভি ব্র্যান্ড",527
prod_01637,সুরভি গ্রিন টি ৫০০ মিলি,পানীয়,"গ্রিন টি ব্যাগ, ৫০০ মিলি, সুরভি ব্র্যান্ড",177
prod_01638,স্কয়ার গ্রিন টি ৫ লিটার,পানীয়,"গ্রিন টি ব্যাগ, ৫ লিটার, স্কয়ার ব্র্যান্ড",1349
prod_01639,স্কয়ার গ্রিন টি ২ লিটার,পানীয়,"গ্রিন টি ব্যাগ, ২ লিটার, স্কয়ার ব্র্যান্ড",569
prod_01640,স্কয়ার গ্রিন টি ২৫০ মিলি,পানীয়,"গ্রিন টি ব্যাগ, ২৫০ মিলি, স্কয়ার ব্র্যান্ড",83
prod_01641,বসুন্ধরা গ্রিন টি ২ লিটার,পানীয়,"গ্রিন টি ব্যাগ, ২ লিটার, বসুন্ধরা ব্র্যান্ড",564
prod_01642,বসুন্ধরা গ্রিন টি ২৫০ মিলি,পানীয়,"গ্রিন টি ব্যাগ, ২৫০ মিলি, বসুন্ধরা ব্র্যান্ড",81
prod_01643,বসুন্ধরা গ্রিন টি ৫ লিটার,পানীয়,"গ্রিন টি ব্যাগ, ৫ লিটার, বসুন্ধরা ব্র্যান্ড",1272
prod_01644,আরকু গ্রিন টি ২৫০ মিলি,পানীয়,"গ্রিন টি ব্যাগ, ২৫০ মিলি, আরকু ব্র্যান্ড",91
prod_01645,আরকু গ্রিন টি ১ লিটার,পানীয়,"গ্রিন টি ব্যাগ, ১ লিটার, আরকু ব্র্যান্ড",334
prod_01646,আরকু গ্রিন টি ২ লিটার,পানীয়,"গ্রিন টি ব্যাগ, ২ লিটার, আরকু ব্র্যান্ড",570
prod_01647,অর্গানিক ফার্ম গ্রিন টি ১ লিটার,পানীয়,"গ্রিন টি ব্যাগ, ১ লিটার, অর্গানিক ফার্ম ব্র্যান্ড",344
prod_01648,অর্গানিক ফার্ম গ্রিন টি ৫ লিটার,পানীয়,"গ্রিন টি ব্যাগ, ৫ লিটার, অর্গানিক ফার্ম ব্র্যান্ড",1346
prod_01649,অর্গানিক ফার্ম গ্রিন টি ২৫০ মিলি,পানীয়,"গ্রিন টি ব্যাগ, ২৫০ মিলি, অর্গানিক ফার্ম ব্র্যান্ড",86
prod_01650,অর্গানিক ফার্ম আখের রস ২৫০ মিলি,পানীয়,"তাজা আখের রস, ২৫০ মিলি, অর্গানিক ফার্ম ব্র্যান্ড",72
prod_01651,অর্গানিক ফার্ম আখের রস ৫০০ মিলি,পানীয়,"তাজা আখের রস, ৫০০ মিলি, অর্গানিক ফার্ম ব্র্যান্ড",159
prod_01652,অর্গানিক ফার্ম আখের রস ৫ লিটার,পানীয়,"তাজা আখের রস, ৫ লিটার, অর্গানিক ফার্ম ব্র্যান্ড",1147
prod_01653,রূপচাঁদা আখের রস ১ লিটার,পানীয়,"তাজা আখের রস, ১ লিটার, রূপচাঁদা ব্র্যান্ড",248
prod_01654,রূপচাঁদা আখের রস ৫ লিটার,পানীয়,"তাজা আখের রস, ৫ লিটার, রূপচাঁদা ব্র্যান্ড",1133
prod_01655,রূপচাঁদা আখের রস ২ লিটার,পানীয়,"তাজা আখের রস, ২ লিটার, রূপচাঁদা ব্র্যান্ড",479
prod_01656,মেঘনা আখের রস ২ লিটার,পানীয়,"তাজা আখের রস, ২ লিটার, মেঘনা ব্র্যান্ড",490
prod_01657,মেঘনা আখের রস ২৫০ মিলি,পানীয়,"তাজা আখের রস, ২৫০ মিলি, মেঘনা ব্র্যান্ড",70
prod_01658,মেঘনা আখের রস ৫০০ মিলি,পানীয়,"তাজা আখের রস, ৫০০ মিলি, মেঘনা ব্র্যান্ড",162
prod_01659,ইগলু আখের রস ২ লিটার,পানীয়,"তাজা আখের রস, ২ লিটার, ইগলু ব্র্যান্ড",511
prod_01660,ইগলু আখের রস ৫০০ মিলি,পানীয়,"তাজা আখের রস, ৫০০ মিলি, ইগলু ব্র্যান্ড",140
prod_01661,ইগলু আখের রস ৫ লিটার,পানীয়,"তাজা আখের রস, ৫ লিটার, ইগলু ব্র্যান্ড",1015
prod_01662,ফ্রেশ আখের রস ২ লিটার,পানীয়,"তাজা আখের রস, ২ লিটার, ফ্রেশ ব্র্যান্ড",512
prod_01663,ফ্রেশ আখের রস ২৫০ মিলি,পানীয়,"তাজা আখের রস, ২৫০ মিলি, ফ্রেশ ব্র্যান্ড",76
prod_01664,ফ্রেশ আখের রস ১ লিটার,পানীয়,"তাজা আখের রস, ১ লিটার, ফ্রেশ ব্র্যান্ড",284
prod_01665,ইগলু নারকেল জল ২৫০ মিলি,পানীয়,"তাজা নারকেল জল, ২৫০ মিলি, ইগলু ব্র্যান্ড",54
prod_01666,ইগলু নারকেল জল ৫ লিটার,পানীয়,"তাজা নারকেল জল, ৫ লিটার, ইগলু ব্র্যান্ড",747
prod_01667,ইগলু নারকেল জল ১ লিটার,পানীয়,"তাজা নারকেল জল, ১ লিটার, ইগলু ব্র্যান্ড",179
prod_01668,অর্গানিক ফার্ম নারকেল জল ৫ লিটার,পানীয়,"তাজা নারকেল জল, ৫ লিটার, অর্গানিক ফার্ম ব্র্যান্ড",710
prod_01669,অর্গানিক ফার্ম নারকেল জল ৫০০ মিলি,পানীয়,"তাজা নারকেল জল, ৫০০ মিলি, অর্গানিক ফার্ম ব্র্যান্ড",104
prod_01670,অর্গানিক ফার্ম নারকেল জল ১ লিটার,পানীয়,"তাজা নারকেল জল, ১ লিটার, অর্গানিক ফার্ম ব্র্যান্ড",166
prod_01671,আফতাব নারকেল জল ২ লিটার,পানীয়,"তাজা নারকেল জল, ২ লিটার, আফতাব ব্র্যান্ড",344
prod_01672,আফতাব নারকেল জল ১ লিটার,পানীয়,"তাজা নারকেল জল, ১ লিটার, আফতাব ব্র্যান্ড",177
prod_01673,আফতাব নারকেল জল ৫ লিটার,পানীয়,"তাজা নারকেল জল, ৫ লিটার, আফতাব ব্র্যান্ড",715
prod_01674,তীর নারকেল জল ৫০০ মিলি,পানীয়,"তাজা নারকেল জল, ৫০০ মিলি, তীর ব্র্যান্ড",109
prod_01675,তীর নারকেল জল ১ লিটার,পানীয়,"তাজা নারকেল জল, ১ লিটার, তীর ব্র্যান্ড",196
prod_01676,তীর নারকেল জল ৫ লিটার,পানীয়,"তাজা নারকেল জল, ৫ লিটার, তীর ব্র্যান্ড",693
prod_01677,রূপচাঁদা নারকেল জল ৫০০ মিলি,পানীয়,"তাজা নারকেল জল, ৫০০ মিলি, রূপচাঁদা ব্র্যান্ড",102
prod_01678,রূপচাঁদা নারকেল জল ৫ লিটার,পানীয়,"তাজা নারকেল জল, ৫ লিটার, রূপচাঁদা ব্র্যান্ড",754
prod_01679,রূপচাঁদা নারকেল জল ২ লিটার,পানীয়,"তাজা নারকেল জল, ২ লিটার, রূপচাঁদা ব্র্যান্ড",320
prod_01680,কাজী ফার্মস লেবুর রস ৫০০ মিলি,পানীয়,"প্রাকৃতিক লেবুর রস, ৫০০ মিলি, কাজী ফার্মস ব্র্যান্ড",77
prod_01681,কাজী ফার্মস লেবুর রস ১ লিটার,পানীয়,"প্রাকৃতিক লেবুর রস, ১ লিটার, কাজী ফার্মস ব্র্যান্ড",148
prod_01682,কাজী ফার্মস লেবুর রস ২ লিটার,পানীয়,"প্রাকৃতিক লেবুর রস, ২ লিটার, কাজী ফার্মস ব্র্যান্ড",280
prod_01683,স্কয়ার লেবুর রস ৫০০ মিলি,পানীয়,"প্রাকৃতিক লেবুর রস, ৫০০ মিলি, স্কয়ার ব্র্যান্ড",73
prod_01684,স্কয়ার লেবুর রস ১ লিটার,পানীয়,"প্রাকৃতিক লেবুর রস, ১ লিটার, স্কয়ার ব্র্যান্ড",139
prod_01685,স্কয়ার লেবুর রস ২ লিটার,পানীয়,"প্রাকৃতিক লেবুর রস, ২ লিটার, স্কয়ার ব্র্যান্ড",254
prod_01686,অর্গানিক ফার্ম লেবুর রস ৫ লিটার,পানীয়,"প্রাকৃতিক লেবুর রস, ৫ লিটার, অর্গানিক ফার্ম ব্র্যান্ড",587
prod_01687,অর্গানিক ফার্ম লেবুর রস ২ লিটার,পানীয়,"প্রাকৃতিক লেবুর রস, ২ লিটার, অর্গানিক ফার্ম ব্র্যান্ড",273
prod_01688,অর্গানিক ফার্ম লেবুর রস ১ লিটার,পানীয়,"প্রাকৃতিক লেবুর রস, ১ লিটার, অর্গানিক ফার্ম ব্র্যান্ড",137
prod_01689,ম্যারিকো লেবুর রস ২ লিটার,পানীয়,"প্রাকৃতিক লেবুর রস, ২ লিটার, ম্যারিকো ব্র্যান্ড",235
prod_01690,ম্যারিকো লেবুর রস ২৫০ মিলি,পানীয়,"প্রাকৃতিক লেবুর রস, ২৫০ মিলি, ম্যারিকো ব্র্যান্ড",39
prod_01691,ম্যারিকো লেবুর রস ১ লিটার,পানীয়,"প্রাকৃতিক লেবুর রস, ১ লিটার, ম্যারিকো ব্র্যান্ড",131
prod_01692,আফতাব লেবুর রস ২৫০ মিলি,পানীয়,"প্রাকৃতিক লেবুর রস, ২৫০ মিলি, আফতাব ব্র্যান্ড",42
prod_01693,আফতাব লেবুর রস ৫০০ মিলি,পানীয়,"প্রাকৃতিক লেবুর রস, ৫০০ মিলি, আফতাব ব্র্যান্ড",74
prod_01694,আফতাব লেবুর রস ২ লিটার,পানীয়,"প্রাকৃতিক লেবুর রস, ২ লিটার, আফতাব ব্র্যান্ড",245
prod_01695,বসুন্ধরা ফল জুস ৫ লিটার,পানীয়,"মিশ্র ফল জুস, ৫ লিটার, বসুন্ধরা ব্র্যান্ড",1041
prod_01696,বসুন্ধরা ফল জুস ২৫০ মিলি,পানীয়,"মিশ্র ফল জুস, ২৫০ মিলি, বসুন্ধরা ব্র্যান্ড",64
prod_01697,বসুন্ধরা ফল জুস ৫০০ মিলি,পানীয়,"মিশ্র ফল জুস, ৫০০ মিলি, বসুন্ধরা ব্র্যান্ড",150
prod_01698,তীর ফল জুস ৫ লিটার,পানীয়,"মিশ্র ফল জুস, ৫ লিটার, তীর ব্র্যান্ড",1008
prod_01699,তীর ফল জুস ৫০০ মিলি,পানীয়,"মিশ্র ফল জুস, ৫০০ মিলি, তীর ব্র্যান্ড",136
prod_01700,তীর ফল জুস ১ লিটার,পানীয়,"মিশ্র ফল জুস, ১ লিটার, তীর ব্র্যান্ড",252
prod_01701,আরকু ফল জুস ১ লিটার,পানীয়,"মিশ্র ফল জুস, ১ লিটার, আরকু ব্র্যান্ড",246
prod_01702,আরকু ফল জুস ২৫০ মিলি,পানীয়,"মিশ্র ফল জুস, ২৫০ মিলি, আরকু ব্র্যান্ড",76
prod_01703,আরকু ফল জুস ৫০০ মিলি,পানীয়,"মিশ্র ফল জুস, ৫০০ মিলি, আরকু ব্র্যান্ড",153
prod_01704,ACI ফল জুস ১ লিটার,পানীয়,"মিশ্র ফল জুস, ১ লিটার, ACI ব্র্যান্ড",264
prod_01705,ACI ফল জুস ২৫০ মিলি,পানীয়,"মিশ্র ফল জুস, ২৫০ মিলি, ACI ব্র্যান্ড",65
prod_01706,ACI ফল জুস ২ লিটার,পানীয়,"মিশ্র ফল জুস, ২ লিটার, ACI ব্র্যান্ড",481
prod_01707,ম্যারিকো ফল জুস ২ লিটার,পানীয়,"মিশ্র ফল জুস, ২ লিটার, ম্যারিকো ব্র্যান্ড",466
prod_01708,ম্যারিকো ফল জুস ৫০০ মিলি,পানীয়,"মিশ্র ফল জুস, ৫০০ মিলি, ম্যারিকো ব্র্যান্ড",144
prod_01709,ম্যারিকো ফল জুস ১ লিটার,পানীয়,"মিশ্র ফল জুস, ১ লিটার, ম্যারিকো ব্র্যান্ড",264
prod_01710,কাজী ফার্মস লাচ্ছি ৫০০ মিলি,পানীয়,"ঠান্ডা লাচ্ছি, ৫০০ মিলি, কাজী ফার্মস ব্র্যান্ড",65
prod_01711,কাজী ফার্মস লাচ্ছি ২৫০ মিলি,পানীয়,"ঠান্ডা লাচ্ছি, ২৫০ মিলি, কাজী ফার্মস ব্র্যান্ড",31
prod_01712,কাজী ফার্মস লাচ্ছি ২ লিটার,পানীয়,"ঠান্ডা লাচ্ছি, ২ লিটার, কাজী ফার্মস ব্র্যান্ড",177
prod_01713,ম্যারিকো লাচ্ছি ২৫০ মিলি,পানীয়,"ঠান্ডা লাচ্ছি, ২৫০ মিলি, ম্যারিকো ব্র্যান্ড",30
prod_01714,ম্যারিকো লাচ্ছি ২ লিটার,পানীয়,"ঠান্ডা লাচ্ছি, ২ লিটার, ম্যারিকো ব্র্যান্ড",177
prod_01715,ম্যারিকো লাচ্ছি ৫০০ মিলি,পানীয়,"ঠান্ডা লাচ্ছি, ৫০০ মিলি, ম্যারিকো ব্র্যান্ড",61
prod_01716,মিল্কভিটা লাচ্ছি ১ লিটার,পানীয়,"ঠান্ডা লাচ্ছি, ১ লিটার, মিল্কভিটা ব্র্যান্ড",107
prod_01717,মিল্কভিটা লাচ্ছি ২৫০ মিলি,পানীয়,"ঠান্ডা লাচ্ছি, ২৫০ মিলি, মিল্কভিটা ব্র্যান্ড",32
prod_01718,মিল্কভিটা লাচ্ছি ৫০০ মিলি,পানীয়,"ঠান্ডা লাচ্ছি, ৫০০ মিলি, মিল্কভিটা ব্র্যান্ড",54
prod_01719,ACI লাচ্ছি ১ লিটার,পানীয়,"ঠান্ডা লাচ্ছি, ১ লিটার, ACI ব্র্যান্ড",110
prod_01720,ACI লাচ্ছি ২৫০ মিলি,পানীয়,"ঠান্ডা লাচ্ছি, ২৫০ মিলি, ACI ব্র্যান্ড",30
prod_01721,ACI লাচ্ছি ৫ লিটার,পানীয়,"ঠান্ডা লাচ্ছি, ৫ লিটার, ACI ব্র্যান্ড",419
prod_01722,ইগলু লাচ্ছি ৫ লিটার,পানীয়,"ঠান্ডা লাচ্ছি, ৫ লিটার, ইগলু ব্র্যান্ড",443
prod_01723,ইগলু লাচ্ছি ১ লিটার,পানীয়,"ঠান্ডা লাচ্ছি, ১ লিটার, ইগলু ব্র্যান্ড",104
prod_01724,ইগলু লাচ্ছি ২৫০ মিলি,পানীয়,"ঠান্ডা লাচ্ছি, ২৫০ মিলি, ইগলু ব্র্যান্ড",28
prod_01725,ইস্পাহানি শরবত ২ লিটার,পানীয়,"রুহ আফজা শরবত, ২ লিটার, ইস্পাহানি ব্র্যান্ড",372
prod_01726,ইস্পাহানি শরবত ৫ লিটার,পানীয়,"রুহ আফজা শরবত, ৫ লিটার, ইস্পাহানি ব্র্যান্ড",904
prod_01727,ইস্পাহানি শরবত ২৫০ মিলি,পানীয়,"রুহ আফজা শরবত, ২৫০ মিলি, ইস্পাহানি ব্র্যান্ড",61
prod_01728,আফতাব শরবত ১ লিটার,পানীয়,"রুহ আফজা শরবত, ১ লিটার, আফতাব ব্র্যান্ড",203
prod_01729,আফতাব শরবত ৫ লিটার,পানীয়,"রুহ আফজা শরবত, ৫ লিটার, আফতাব ব্র্যান্ড",882
prod_01730,আফতাব শরবত ৫০০ মিলি,পানীয়,"রুহ আফজা শরবত, ৫০০ মিলি, আফতাব ব্র্যান্ড",120
prod_01731,রাধুনী শরবত ৫ লিটার,পানীয়,"রুহ আফজা শরবত, ৫ লিটার, রাধুনী ব্র্যান্ড",868
prod_01732,রাধুনী শরবত ২৫০ মিলি,পানীয়,"রুহ আফজা শরবত, ২৫০ মিলি, রাধুনী ব্র্যান্ড",59
prod_01733,রাধুনী শরবত ২ লিটার,পানীয়,"রুহ আফজা শরবত, ২ লিটার, রাধুনী ব্র্যান্ড",415
prod_01734,মিল্কভিটা শরবত ৫ লিটার,পানীয়,"রুহ আফজা শরবত, ৫ লিটার, মিল্কভিটা ব্র্যান্ড",870
prod_01735,মিল্কভিটা শরবত ৫০০ মিলি,পানীয়,"রুহ আফজা শরবত, ৫০০ মিলি, মিল্কভিটা ব্র্যান্ড",115
prod_01736,মিল্কভিটা শরবত ২৫০ মিলি,পানীয়,"রুহ আফজা শরবত, ২৫০ মিলি, মিল্কভিটা ব্র্যান্ড",64
prod_01737,অর্গানিক ফার্ম শরবত ২৫০ মিলি,পানীয়,"রুহ আফজা শরবত, ২৫০ মিলি, অর্গানিক ফার্ম ব্র্যান্ড",60
prod_01738,অর্গানিক ফার্ম শরবত ২ লিটার,পানীয়,"রুহ আফজা শরবত, ২ লিটার, অর্গানিক ফার্ম ব্র্যান্ড",367
prod_01739,অর্গানিক ফার্ম শরবত ৫০০ মিলি,পানীয়,"রুহ আফজা শরবত, ৫০০ মিলি, অর্গানিক ফার্ম ব্র্যান্ড",129
prod_01740,মেঘনা চিনাবাদাম ২৫০ গ্রাম,বাদাম ও শুকনো ফল,"সিদ্ধ চিনাবাদাম, ২৫০ গ্রাম, মেঘনা ব্র্যান্ড",68
prod_01741,মেঘনা চিনাবাদাম ১ কেজি,বাদাম ও শুকনো ফল,"সিদ্ধ চিনাবাদাম, ১ কেজি, মেঘনা ব্র্যান্ড",261
prod_01742,মেঘনা চিনাবাদাম ২ কেজি,বাদাম ও শুকনো ফল,"সিদ্ধ চিনাবাদাম, ২ কেজি, মেঘনা ব্র্যান্ড",505
prod_01743,আফতাব চিনাবাদাম ৫০০ গ্রাম,বাদাম ও শুকনো ফল,"সিদ্ধ চিনাবাদাম, ৫০০ গ্রাম, আফতাব ব্র্যান্ড",132
prod_01744,আফতাব চিনাবাদাম ২৫০ গ্রাম,বাদাম ও শুকনো ফল,"সিদ্ধ চিনাবাদাম, ২৫০ গ্রাম, আফতাব ব্র্যান্ড",74
prod_01745,আফতাব চিনাবাদাম ১ কেজি,বাদাম ও শুকনো ফল,"সিদ্ধ চিনাবাদাম, ১ কেজি, আফতাব ব্র্যান্ড",275
prod_01746,মিল্কভিটা চিনাবাদাম ২ কেজি,বাদাম ও শুকনো ফল,"সিদ্ধ চিনাবাদাম, ২ কেজি, মিল্কভিটা ব্র্যান্ড",467
prod_01747,মিল্কভিটা চিনাবাদাম ২৫০ গ্রাম,বাদাম ও শুকনো ফল,"সিদ্ধ চিনাবাদাম, ২৫০ গ্রাম, মিল্কভিটা ব্র্যান্ড",75
prod_01748,মিল্কভিটা চিনাবাদাম ৫ কেজি,বাদাম ও শুকনো ফল,"সিদ্ধ চিনাবাদাম, ৫ কেজি, মিল্কভিটা ব্র্যান্ড",1191
prod_01749,ইগলু চিনাবাদাম ২ কেজি,বাদাম ও শুকনো ফল,"সিদ্ধ চিনাবাদাম, ২ কেজি, ইগলু ব্র্যান্ড",481
prod_01750,ইগলু চিনাবাদাম ২৫০ গ্রাম,বাদাম ও শুকনো ফল,"সিদ্ধ চিনাবাদাম, ২৫০ গ্রাম, ইগলু ব্র্যান্ড",65
prod_01751,ইগলু চিনাবাদাম ১ কেজি,বাদাম ও শুকনো ফল,"সিদ্ধ চিনাবাদাম, ১ কেজি, ইগলু ব্র্যান্ড",272
prod_01752,রূপচাঁদা চিনাবাদাম ২৫০ গ্রাম,বাদাম ও শুকনো ফল,"সিদ্ধ চিনাবাদাম, ২৫০ গ্রাম, রূপচাঁদা ব্র্যান্ড",66
prod_01753,রূপচাঁদা চিনাবাদাম ৫ কেজি,বাদাম ও শুকনো ফল,"সিদ্ধ চিনাবাদাম, ৫ কেজি, রূপচাঁদা ব্র্যান্ড",1151
prod_01754,রূপচাঁদা চিনাবাদাম ২ কেজি,বাদাম ও শুকনো ফল,"সিদ্ধ চিনাবাদাম, ২ কেজি, রূপচাঁদা ব্র্যান্ড",469
prod_01755,মিল্কভিটা কাজু বাদাম ২ কেজি,বাদাম ও শুকনো ফল,"টাটকা কাজু বাদাম, ২ কেজি, মিল্কভিটা ব্র্যান্ড",863
prod_01756,মিল্কভিটা কাজু বাদাম ৫ কেজি,বাদাম ও শুকনো ফল,"টাটকা কাজু বাদাম, ৫ কেজি, মিল্কভিটা ব্র্যান্ড",2053
prod_01757,মিল্কভিটা কাজু বাদাম ৫০০ গ্রাম,বাদাম ও শুকনো ফল,"টাটকা কাজু বাদাম, ৫০০ গ্রাম, মিল্কভিটা ব্র্যান্ড",258
prod_01758,সুরভি কাজু বাদাম ২৫০ গ্রাম,বাদাম ও শুকনো ফল,"টাটকা কাজু বাদাম, ২৫০ গ্রাম, সুরভি ব্র্যান্ড",142
prod_01759,সুরভি কাজু বাদাম ৫ কেজি,বাদাম ও শুকনো ফল,"টাটকা কাজু বাদাম, ৫ কেজি, সুরভি ব্র্যান্ড",2184
prod_01760,সুরভি কাজু বাদাম ১ কেজি,বাদাম ও শুকনো ফল,"টাটকা কাজু বাদাম, ১ কেজি, সুরভি ব্র্যান্ড",460
prod_01761,বসুন্ধরা কাজু বাদাম ৫ কেজি,বাদাম ও শুকনো ফল,"টাটকা কাজু বাদাম, ৫ কেজি, বসুন্ধরা ব্র্যান্ড",2220
prod_01762,বসুন্ধরা কাজু বাদাম ২৫০ গ্রাম,বাদাম ও শুকনো ফল,"টাটকা কাজু বাদাম, ২৫০ গ্রাম, বসুন্ধরা ব্র্যান্ড",134
prod_01763,বসুন্ধরা কাজু বাদাম ৫০০ গ্রাম,বাদাম ও শুকনো ফল,"টাটকা কাজু বাদাম, ৫০০ গ্রাম, বসুন্ধরা ব্র্যান্ড",256
prod_01764,ড্যানিশ কাজু বাদাম ২ কেজি,বাদাম ও শুকনো ফল,"টাটকা কাজু বাদাম, ২ কেজি, ড্যানিশ ব্র্যান্ড",953
prod_01765,ড্যানিশ কাজু বাদাম ৫ কেজি,বাদাম ও শুকনো ফল,"টাটকা কাজু বাদাম, ৫ কেজি, ড্যানিশ ব্র্যান্ড",1902
prod_01766,ড্যানিশ কাজু বাদাম ৫০০ গ্রাম,বাদাম ও শুকনো ফল,"টাটকা কাজু বাদাম, ৫০০ গ্রাম, ড্যানিশ ব্র্যান্ড",260
prod_01767,পূর্ণ কাজু বাদাম ৫০০ গ্রাম,বাদাম ও শুকনো ফল,"টাটকা কাজু বাদাম, ৫০০ গ্রাম, পূর্ণ ব্র্যান্ড",273
prod_01768,পূর্ণ কাজু বাদাম ৫ কেজি,বাদাম ও শুকনো ফল,"টাটকা কাজু বাদাম, ৫ কেজি, পূর্ণ ব্র্যান্ড",2224
prod_01769,পূর্ণ কাজু বাদাম ১ কেজি,বাদাম ও শুকনো ফল,"টাটকা কাজু বাদাম, ১ কেজি, পূর্ণ ব্র্যান্ড",508
prod_01770,তীর পেস্তাবাদাম ২৫০ গ্রাম,বাদাম ও শুকনো ফল,"ইরানি পেস্তাবাদাম, ২৫০ গ্রাম, তীর ব্র্যান্ড",162
prod_01771,তীর পেস্তাবাদাম ৫ কেজি,বাদাম ও শুকনো ফল,"ইরানি পেস্তাবাদাম, ৫ কেজি, তীর ব্র্যান্ড",2349
prod_01772,তীর পেস্তাবাদাম ২ কেজি,বাদাম ও শুকনো ফল,"ইরানি পেস্তাবাদাম, ২ কেজি, তীর ব্র্যান্ড",1033
prod_01773,ACI পেস্তাবাদাম ২৫০ গ্রাম,বাদাম ও শুকনো ফল,"ইরানি পেস্তাবাদাম, ২৫০ গ্রাম, ACI ব্র্যান্ড",167
prod_01774,ACI পেস্তাবাদাম ১ কেজি,বাদাম ও শুকনো ফল,"ইরানি পেস্তাবাদাম, ১ কেজি, ACI ব্র্যান্ড",622
prod_01775,ACI পেস্তাবাদাম ৫ কেজি,বাদাম ও শুকনো ফল,"ইরানি পেস্তাবাদাম, ৫ কেজি, ACI ব্র্যান্ড",2325
prod_01776,মেঘনা পেস্তাবাদাম ২ কেজি,বাদাম ও শুকনো ফল,"ইরানি পেস্তাবাদাম, ২ কেজি, মেঘনা ব্র্যান্ড",959
prod_01777,মেঘনা পেস্তাবাদাম ৫০০ গ্রাম,বাদাম ও শুকনো ফল,"ইরানি পেস্তাবাদাম, ৫০০ গ্রাম, মেঘনা ব্র্যান্ড",327
prod_01778,মেঘনা পেস্তাবাদাম ২৫০ গ্রাম,বাদাম ও শুকনো ফল,"ইরানি পেস্তাবাদাম, ২৫০ গ্রাম, মেঘনা ব্র্যান্ড",152
prod_01779,প্রাণ পেস্তাবাদাম ২৫০ গ্রাম,বাদাম ও শুকনো ফল,"ইরানি পেস্তাবাদাম, ২৫০ গ্রাম, প্রাণ ব্র্যান্ড",169
prod_01780,প্রাণ পেস্তাবাদাম ৫০০ গ্রাম,বাদাম ও শুকনো ফল,"ইরানি পেস্তাবাদাম, ৫০০ গ্রাম, প্রাণ ব্র্যান্ড",342
prod_01781,প্রাণ পেস্তাবাদাম ১ কেজি,বাদাম ও শুকনো ফল,"ইরানি পেস্তাবাদাম, ১ কেজি, প্রাণ ব্র্যান্ড",616
prod_01782,অর্গানিক ফার্ম পেস্তাবাদাম ৫ কেজি,বাদাম ও শুকনো ফল,"ইরানি পেস্তাবাদাম, ৫ কেজি, অর্গানিক ফার্ম ব্র্যান্ড",2423
prod_01783,অর্গানিক ফার্ম পেস্তাবাদাম ২ কেজি,বাদাম ও শুকনো ফল,"ইরানি পেস্তাবাদাম, ২ কেজি, অর্গানিক ফার্ম ব্র্যান্ড",981
prod_01784,অর্গানিক ফার্ম পেস্তাবাদাম ১ কেজি,বাদাম ও শুকনো ফল,"ইরানি পেস্তাবাদাম, ১ কেজি, অর্গানিক ফার্ম ব্র্যান্ড",526
prod_01785,ফ্রেশ কিসমিস ৫০০ গ্রাম,বাদাম ও শুকনো ফল,"ভারতীয় কিসমিস, ৫০০ গ্রাম, ফ্রেশ ব্র্যান্ড",191
prod_01786,ফ্রেশ কিসমিস ৫ কেজি,বাদাম ও শুকনো ফল,"ভারতীয় কিসমিস, ৫ কেজি, ফ্রেশ ব্র্যান্ড",1370
prod_01787,ফ্রেশ কিসমিস ২৫০ গ্রাম,বাদাম ও শুকনো ফল,"ভারতীয় কিসমিস, ২৫০ গ্রাম, ফ্রেশ ব্র্যান্ড",93
prod_01788,ম্যারিকো কিসমিস ২ কেজি,বাদাম ও শুকনো ফল,"ভারতীয় কিসমিস, ২ কেজি, ম্যারিকো ব্র্যান্ড",654
prod_01789,ম্যারিকো কিসমিস ৫ কেজি,বাদাম ও শুকনো ফল,"ভারতীয় কিসমিস, ৫ কেজি, ম্যারিকো ব্র্যান্ড",1441
prod_01790,ম্যারিকো কিসমিস ৫০০ গ্রাম,বাদাম ও শুকনো ফল,"ভারতীয় কিসমিস, ৫০০ গ্রাম, ম্যারিকো ব্র্যান্ড",203
prod_01791,রূপচাঁদা কিসমিস ৫ কেজি,বাদাম ও শুকনো ফল,"ভারতীয় কিসমিস, ৫ কেজি, রূপচাঁদা ব্র্যান্ড",1637
prod_01792,রূপচাঁদা কিসমিস ১ কেজি,বাদাম ও শুকনো ফল,"ভারতীয় কিসমিস, ১ কেজি, রূপচাঁদা ব্র্যান্ড",336
prod_01793,রূপচাঁদা কিসমিস ৫০০ গ্রাম,বাদাম ও শুকনো ফল,"ভারতীয় কিসমিস, ৫০০ গ্রাম, রূপচাঁদা ব্র্যান্ড",192
prod_01794,স্কয়ার কিসমিস ৫০০ গ্রাম,বাদাম ও শুকনো ফল,"ভারতীয় কিসমিস, ৫০০ গ্রাম, স্কয়ার ব্র্যান্ড",213
prod_01795,স্কয়ার কিসমিস ২ কেজি,বাদাম ও শুকনো ফল,"ভারতীয় কিসমিস, ২ কেজি, স্কয়ার ব্র্যান্ড",593
prod_01796,স্কয়ার কিসমিস ৫ কেজি,বাদাম ও শুকনো ফল,"ভারতীয় কিসমিস, ৫ কেজি, স্কয়ার ব্র্যান্ড",1569
prod_01797,মেঘনা কিসমিস ২ কেজি,বাদাম ও শুকনো ফল,"ভারতীয় কিসমিস, ২ কেজি, মেঘনা ব্র্যান্ড",621
prod_01798,মেঘনা কিসমিস ৫ কেজি,বাদাম ও শুকনো ফল,"ভারতীয় কিসমিস, ৫ কেজি, মেঘনা ব্র্যান্ড",1441
prod_01799,মেঘনা কিসমিস ৫০০ গ্রাম,বাদাম ও শুকনো ফল,"ভারতীয় কিসমিস, ৫০০ গ্রাম, মেঘনা ব্র্যান্ড",202
prod_01800,ইস্পাহানি খেজুর ১ কেজি,বাদাম ও শুকনো ফল,"মধ্যপূর্বীয় খেজুর, ১ কেজি, ইস্পাহানি ব্র্যান্ড",461
prod_01801,ইস্পাহানি খেজুর ২৫০ গ্রাম,বাদাম ও শুকনো ফল,"মধ্যপূর্বীয় খেজুর, ২৫০ গ্রাম, ইস্পাহানি ব্র্যান্ড",126
prod_01802,ইস্পাহানি খেজুর ৫ কেজি,বাদাম ও শুকনো ফল,"মধ্যপূর্বীয় খেজুর, ৫ কেজি, ইস্পাহানি ব্র্যান্ড",2103
prod_01803,রাধুনী খেজুর ২৫০ গ্রাম,বাদাম ও শুকনো ফল,"মধ্যপূর্বীয় খেজুর, ২৫০ গ্রাম, রাধুনী ব্র্যান্ড",131
prod_01804,রাধুনী খেজুর ২ কেজি,বাদাম ও শুকনো ফল,"মধ্যপূর্বীয় খেজুর, ২ কেজি, রাধুনী ব্র্যান্ড",812
prod_01805,রাধুনী খেজুর ১ কেজি,বাদাম ও শুকনো ফল,"মধ্যপূর্বীয় খেজুর, ১ কেজি, রাধুনী ব্র্যান্ড",479
prod_01806,বসুন্ধরা খেজুর ৫ কেজি,বাদাম ও শুকনো ফল,"মধ্যপূর্বীয় খেজুর, ৫ কেজি, বসুন্ধরা ব্র্যান্ড",2215
prod_01807,বসুন্ধরা খেজুর ২ কেজি,বাদাম ও শুকনো ফল,"মধ্যপূর্বীয় খেজুর, ২ কেজি, বসুন্ধরা ব্র্যান্ড",871
prod_01808,বসুন্ধরা খেজুর ১ কেজি,বাদাম ও শুকনো ফল,"মধ্যপূর্বীয় খেজুর, ১ কেজি, বসুন্ধরা ব্র্যান্ড",476
prod_01809,তীর খেজুর ৫ কেজি,বাদাম ও শুকনো ফল,"মধ্যপূর্বীয় খেজুর, ৫ কেজি, তীর ব্র্যান্ড",2085
prod_01810,তীর খেজুর ১ কেজি,বাদাম ও শুকনো ফল,"মধ্যপূর্বীয় খেজুর, ১ কেজি, তীর ব্র্যান্ড",505
prod_01811,তীর খেজুর ২৫০ গ্রাম,বাদাম ও শুকনো ফল,"মধ্যপূর্বীয় খেজুর, ২৫০ গ্রাম, তীর ব্র্যান্ড",137
prod_01812,ম্যারিকো খেজুর ৫ কেজি,বাদাম ও শুকনো ফল,"মধ্যপূর্বীয় খেজুর, ৫ কেজি, ম্যারিকো ব্র্যান্ড",1990
prod_01813,ম্যারিকো খেজুর ২৫০ গ্রাম,বাদাম ও শুকনো ফল,"মধ্যপূর্বীয় খেজুর, ২৫০ গ্রাম, ম্যারিকো ব্র্যান্ড",152
prod_01814,ম্যারিকো খেজুর ১ কেজি,বাদাম ও শুকনো ফল,"মধ্যপূর্বীয় খেজুর, ১ কেজি, ম্যারিকো ব্র্যান্ড",552
prod_01815,ইস্পাহানি আখরোট ৫০০ গ্রাম,বাদাম ও শুকনো ফল,"আখরোট, ৫০০ গ্রাম, ইস্পাহানি ব্র্যান্ড",366
prod_01816,ইস্পাহানি আখরোট ৫ কেজি,বাদাম ও শুকনো ফল,"আখরোট, ৫ কেজি, ইস্পাহানি ব্র্যান্ড",2855
prod_01817,ইস্পাহানি আখরোট ১ কেজি,বাদাম ও শুকনো ফল,"আখরোট, ১ কেজি, ইস্পাহানি ব্র্যান্ড",572
prod_01818,আফতাব আখরোট ২ কেজি,বাদাম ও শুকনো ফল,"আখরোট, ২ কেজি, আফতাব ব্র্যান্ড",1067
prod_01819,আফতাব আখরোট ৫০০ গ্রাম,বাদাম ও শুকনো ফল,"আখরোট, ৫০০ গ্রাম, আফতাব ব্র্যান্ড",331
prod_01820,আফতাব আখরোট ২৫০ গ্রাম,বাদাম ও শুকনো ফল,"আখরোট, ২৫০ গ্রাম, আফতাব ব্র্যান্ড",180
prod_01821,তীর আখরোট ৫ কেজি,বাদাম ও শুকনো ফল,"আখরোট, ৫ কেজি, তীর ব্র্যান্ড",2609
prod_01822,তীর আখরোট ১ কেজি,বাদাম ও শুকনো ফল,"আখরোট, ১ কেজি, তীর ব্র্যান্ড",624
prod_01823,তীর আখরোট ৫০০ গ্রাম,বাদাম ও শুকনো ফল,"আখরোট, ৫০০ গ্রাম, তীর ব্র্যান্ড",318
prod_01824,ইগলু আখরোট ১ কেজি,বাদাম ও শুকনো ফল,"আখরোট, ১ কেজি, ইগলু ব্র্যান্ড",689
prod_01825,ইগলু আখরোট ২৫০ গ্রাম,বাদাম ও শুকনো ফল,"আখরোট, ২৫০ গ্রাম, ইগলু ব্র্যান্ড",179
prod_01826,ইগলু আখরোট ৫ কেজি,বাদাম ও শুকনো ফল,"আখরোট, ৫ কেজি, ইগলু ব্র্যান্ড",2506
prod_01827,অর্গানিক ফার্ম আখরোট ১ কেজি,বাদাম ও শুকনো ফল,"আখরোট, ১ কেজি, অর্গানিক ফার্ম ব্র্যান্ড",649
prod_01828,অর্গানিক ফার্ম আখরোট ৫০০ গ্রাম,বাদাম ও শুকনো ফল,"আখরোট, ৫০০ গ্রাম, অর্গানিক ফার্ম ব্র্যান্ড",340
prod_01829,অর্গানিক ফার্ম আখরোট ২ কেজি,বাদাম ও শুকনো ফল,"আখরোট, ২ কেজি, অর্গানিক ফার্ম ব্র্যান্ড",1154
prod_01830,রাধুনী কাঠবাদাম ৫ কেজি,বাদাম ও শুকনো ফল,"কাঠবাদাম, ৫ কেজি, রাধুনী ব্র্যান্ড",2392
prod_01831,রাধুনী কাঠবাদাম ২ কেজি,বাদাম ও শুকনো ফল,"কাঠবাদাম, ২ কেজি, রাধুনী ব্র্যান্ড",930
prod_01832,রাধুনী কাঠবাদাম ৫০০ গ্রাম,বাদাম ও শুকনো ফল,"কাঠবাদাম, ৫০০ গ্রাম, রাধুনী ব্র্যান্ড",317
prod_01833,আফতাব কাঠবাদাম ৫ কেজি,বাদাম ও শুকনো ফল,"কাঠবাদাম, ৫ কেজি, আফতাব ব্র্যান্ড",2421
prod_01834,আফতাব কাঠবাদাম ২৫০ গ্রাম,বাদাম ও শুকনো ফল,"কাঠবাদাম, ২৫০ গ্রাম, আফতাব ব্র্যান্ড",148
prod_01835,আফতাব কাঠবাদাম ১ কেজি,বাদাম ও শুকনো ফল,"কাঠবাদাম, ১ কেজি, আফতাব ব্র্যান্ড",510
prod_01836,বসুন্ধরা কাঠবাদাম ৫ কেজি,বাদাম ও শুকনো ফল,"কাঠবাদাম, ৫ কেজি, বসুন্ধরা ব্র্যান্ড",2092
prod_01837,বসুন্ধরা কাঠবাদাম ১ কেজি,বাদাম ও শুকনো ফল,"কাঠবাদাম, ১ কেজি, বসুন্ধরা ব্র্যান্ড",502
prod_01838,বসুন্ধরা কাঠবাদাম ২৫০ গ্রাম,বাদাম ও শুকনো ফল,"কাঠবাদাম, ২৫০ গ্রাম, বসুন্ধরা ব্র্যান্ড",153
prod_01839,পূর্ণ কাঠবাদাম ২৫০ গ্রাম,বাদাম ও শুকনো ফল,"কাঠবাদাম, ২৫০ গ্রাম, পূর্ণ ব্র্যান্ড",159
prod_01840,পূর্ণ কাঠবাদাম ৫০০ গ্রাম,বাদাম ও শুকনো ফল,"কাঠবাদাম, ৫০০ গ্রাম, পূর্ণ ব্র্যান্ড",313
prod_01841,পূর্ণ কাঠবাদাম ২ কেজি,বাদাম ও শুকনো ফল,"কাঠবাদাম, ২ কেজি, পূর্ণ ব্র্যান্ড",956
prod_01842,সুরভি কাঠবাদাম ২ কেজি,বাদাম ও শুকনো ফল,"কাঠবাদাম, ২ কেজি, সুরভি ব্র্যান্ড",977
prod_01843,সুরভি কাঠবাদাম ৫ কেজি,বাদাম ও শুকনো ফল,"কাঠবাদাম, ৫ কেজি, সুরভি ব্র্যান্ড",2316
prod_01844,সুরভি কাঠবাদাম ২৫০ গ্রাম,বাদাম ও শুকনো ফল,"কাঠবাদাম, ২৫০ গ্রাম, সুরভি ব্র্যান্ড",147
prod_01845,সুরভি নারকেল চিপস ৫ কেজি,বাদাম ও শুকনো ফল,"কাটা নারকেল চিপস, ৫ কেজি, সুরভি ব্র্যান্ড",697
prod_01846,সুরভি নারকেল চিপস ২৫০ গ্রাম,বাদাম ও শুকনো ফল,"কাটা নারকেল চিপস, ২৫০ গ্রাম, সুরভি ব্র্যান্ড",46
prod_01847,সুরভি নারকেল চিপস ১ কেজি,বাদাম ও শুকনো ফল,"কাটা নারকেল চিপস, ১ কেজি, সুরভি ব্র্যান্ড",195
prod_01848,আরকু নারকেল চিপস ৫ কেজি,বাদাম ও শুকনো ফল,"কাটা নারকেল চিপস, ৫ কেজি, আরকু ব্র্যান্ড",820
prod_01849,আরকু নারকেল চিপস ২ কেজি,বাদাম ও শুকনো ফল,"কাটা নারকেল চিপস, ২ কেজি, আরকু ব্র্যান্ড",328
prod_01850,আরকু নারকেল চিপস ১ কেজি,বাদাম ও শুকনো ফল,"কাটা নারকেল চিপস, ১ কেজি, আরকু ব্র্যান্ড",193
prod_01851,তীর নারকেল চিপস ১ কেজি,বাদাম ও শুকনো ফল,"কাটা নারকেল চিপস, ১ কেজি, তীর ব্র্যান্ড",178
prod_01852,তীর নারকেল চিপস ২৫০ গ্রাম,বাদাম ও শুকনো ফল,"কাটা নারকেল চিপস, ২৫০ গ্রাম, তীর ব্র্যান্ড",54
prod_01853,তীর নারকেল চিপস ২ কেজি,বাদাম ও শুকনো ফল,"কাটা নারকেল চিপস, ২ কেজি, তীর ব্র্যান্ড",343
prod_01854,ইস্পাহানি নারকেল চিপস ৫০০ গ্রাম,বাদাম ও শুকনো ফল,"কাটা নারকেল চিপস, ৫০০ গ্রাম, ইস্পাহানি ব্র্যান্ড",102
prod_01855,ইস্পাহানি নারকেল চিপস ৫ কেজি,বাদাম ও শুকনো ফল,"কাটা নারকেল চিপস, ৫ কেজি, ইস্পাহানি ব্র্যান্ড",794
prod_01856,ইস্পাহানি নারকেল চিপস ২ কেজি,বাদাম ও শুকনো ফল,"কাটা নারকেল চিপস, ২ কেজি, ইস্পাহানি ব্র্যান্ড",340
prod_01857,কাজী ফার্মস নারকেল চিপস ৫০০ গ্রাম,বাদাম ও শুকনো ফল,"কাটা নারকেল চিপস, ৫০০ গ্রাম, কাজী ফার্মস ব্র্যান্ড",104
prod_01858,কাজী ফার্মস নারকেল চিপস ১ কেজি,বাদাম ও শুকনো ফল,"কাটা নারকেল চিপস, ১ কেজি, কাজী ফার্মস ব্র্যান্ড",174
prod_01859,কাজী ফার্মস নারকেল চিপস ২৫০ গ্রাম,বাদাম ও শুকনো ফল,"কাটা নারকেল চিপস, ২৫০ গ্রাম, কাজী ফার্মস ব্র্যান্ড",49
prod_01860,মিল্কভিটা নুডুলস ৫০০ গ্রাম,তাৎক্ষণিক খাদ্য,"ডিম নুডুলস, ৫০০ গ্রাম, মিল্কভিটা ব্র্যান্ড",56
prod_01861,মিল্কভিটা নুডুলস ২৫০ গ্রাম,তাৎক্ষণিক খাদ্য,"ডিম নুডুলস, ২৫০ গ্রাম, মিল্কভিটা ব্র্যান্ড",32
prod_01862,মিল্কভিটা নুডুলস ২ কেজি,তাৎক্ষণিক খাদ্য,"ডিম নুডুলস, ২ কেজি, মিল্কভিটা ব্র্যান্ড",192
prod_01863,রাধুনী নুডুলস ২ কেজি,তাৎক্ষণিক খাদ্য,"ডিম নুডুলস, ২ কেজি, রাধুনী ব্র্যান্ড",176
prod_01864,রাধুনী নুডুলস ৫০০ গ্রাম,তাৎক্ষণিক খাদ্য,"ডিম নুডুলস, ৫০০ গ্রাম, রাধুনী ব্র্যান্ড",59
prod_01865,রাধুনী নুডুলস ১ কেজি,তাৎক্ষণিক খাদ্য,"ডিম নুডুলস, ১ কেজি, রাধুনী ব্র্যান্ড",110
prod_01866,সুরভি নুডুলস ২৫০ গ্রাম,তাৎক্ষণিক খাদ্য,"ডিম নুডুলস, ২৫০ গ্রাম, সুরভি ব্র্যান্ড",29
prod_01867,সুরভি নুডুলস ৫ কেজি,তাৎক্ষণিক খাদ্য,"ডিম নুডুলস, ৫ কেজি, সুরভি ব্র্যান্ড",416
prod_01868,সুরভি নুডুলস ২ কেজি,তাৎক্ষণিক খাদ্য,"ডিম নুডুলস, ২ কেজি, সুরভি ব্র্যান্ড",195
prod_01869,পূর্ণ নুডুলস ২৫০ গ্রাম,তাৎক্ষণিক খাদ্য,"ডিম নুডুলস, ২৫০ গ্রাম, পূর্ণ ব্র্যান্ড",29
prod_01870,পূর্ণ নুডুলস ২ কেজি,তাৎক্ষণিক খাদ্য,"ডিম নুডুলস, ২ কেজি, পূর্ণ ব্র্যান্ড",206
prod_01871,পূর্ণ নুডুলস ১ কেজি,তাৎক্ষণিক খাদ্য,"ডিম নুডুলস, ১ কেজি, পূর্ণ ব্র্যান্ড",112
prod_01872,আফতাব নুডুলস ২ কেজি,তাৎক্ষণিক খাদ্য,"ডিম নুডুলস, ২ কেজি, আফতাব ব্র্যান্ড",203
prod_01873,আফতাব নুডুলস ৫০০ গ্রাম,তাৎক্ষণিক খাদ্য,"ডিম নুডুলস, ৫০০ গ্রাম, আফতাব ব্র্যান্ড",58
prod_01874,আফতাব নুডুলস ৫ কেজি,তাৎক্ষণিক খাদ্য,"ডিম নুডুলস, ৫ কেজি, আফতাব ব্র্যান্ড",458
prod_01875,মিল্কভিটা পাস্তা ২ কেজি,তাৎক্ষণিক খাদ্য,"ইতালিয়ান পাস্তা, ২ কেজি, মিল্কভিটা ব্র্যান্ড",367
prod_01876,মিল্কভিটা পাস্তা ৫০০ গ্রাম,তাৎক্ষণিক খাদ্য,"ইতালিয়ান পাস্তা, ৫০০ গ্রাম, মিল্কভিটা ব্র্যান্ড",129
prod_01877,মিল্কভিটা পাস্তা ২৫০ গ্রাম,তাৎক্ষণিক খাদ্য,"ইতালিয়ান পাস্তা, ২৫০ গ্রাম, মিল্কভিটা ব্র্যান্ড",58
prod_01878,ফ্রেশ পাস্তা ৫০০ গ্রাম,তাৎক্ষণিক খাদ্য,"ইতালিয়ান পাস্তা, ৫০০ গ্রাম, ফ্রেশ ব্র্যান্ড",125
prod_01879,ফ্রেশ পাস্তা ২৫০ গ্রাম,তাৎক্ষণিক খাদ্য,"ইতালিয়ান পাস্তা, ২৫০ গ্রাম, ফ্রেশ ব্র্যান্ড",54
prod_01880,ফ্রেশ পাস্তা ১ কেজি,তাৎক্ষণিক খাদ্য,"ইতালিয়ান পাস্তা, ১ কেজি, ফ্রেশ ব্র্যান্ড",216
prod_01881,ড্যানিশ পাস্তা ৫ কেজি,তাৎক্ষণিক খাদ্য,"ইতালিয়ান পাস্তা, ৫ কেজি, ড্যানিশ ব্র্যান্ড",927
prod_01882,ড্যানিশ পাস্তা ২৫০ গ্রাম,তাৎক্ষণিক খাদ্য,"ইতালিয়ান পাস্তা, ২৫০ গ্রাম, ড্যানিশ ব্র্যান্ড",62
prod_01883,ড্যানিশ পাস্তা ৫০০ গ্রাম,তাৎক্ষণিক খাদ্য,"ইতালিয়ান পাস্তা, ৫০০ গ্রাম, ড্যানিশ ব্র্যান্ড",115
prod_01884,তীর পাস্তা ১ কেজি,তাৎক্ষণিক খাদ্য,"ইতালিয়ান পাস্তা, ১ কেজি, তীর ব্র্যান্ড",212
prod_01885,তীর পাস্তা ২৫০ গ্রাম,তাৎক্ষণিক খাদ্য,"ইতালিয়ান পাস্তা, ২৫০ গ্রাম, তীর ব্র্যান্ড",61
prod_01886,তীর পাস্তা ২ কেজি,তাৎক্ষণিক খাদ্য,"ইতালিয়ান পাস্তা, ২ কেজি, তীর ব্র্যান্ড",365
prod_01887,বসুন্ধরা পাস্তা ৫ কেজি,তাৎক্ষণিক খাদ্য,"ইতালিয়ান পাস্তা, ৫ কেজি, বসুন্ধরা ব্র্যান্ড",875
prod_01888,বসুন্ধরা পাস্তা ২ কেজি,তাৎক্ষণিক খাদ্য,"ইতালিয়ান পাস্তা, ২ কেজি, বসুন্ধরা ব্র্যান্ড",366
prod_01889,বসুন্ধরা পাস্তা ১ কেজি,তাৎক্ষণিক খাদ্য,"ইতালিয়ান পাস্তা, ১ কেজি, বসুন্ধরা ব্র্যান্ড",223
prod_01890,ম্যারিকো ম্যাকারনি ১ কেজি,তাৎক্ষণিক খাদ্য,"ম্যাকারনি, ১ কেজি, ম্যারিকো ব্র্যান্ড",197
prod_01891,ম্যারিকো ম্যাকারনি ২ কেজি,তাৎক্ষণিক খাদ্য,"ম্যাকারনি, ২ কেজি, ম্যারিকো ব্র্যান্ড",324
prod_01892,ম্যারিকো ম্যাকারনি ৫০০ গ্রাম,তাৎক্ষণিক খাদ্য,"ম্যাকারনি, ৫০০ গ্রাম, ম্যারিকো ব্র্যান্ড",105
prod_01893,ড্যানিশ ম্যাকারনি ২ কেজি,তাৎক্ষণিক খাদ্য,"ম্যাকারনি, ২ কেজি, ড্যানিশ ব্র্যান্ড",295
prod_01894,ড্যানিশ ম্যাকারনি ৫০০ গ্রাম,তাৎক্ষণিক খাদ্য,"ম্যাকারনি, ৫০০ গ্রাম, ড্যানিশ ব্র্যান্ড",94
prod_01895,ড্যানিশ ম্যাকারনি ১ কেজি,তাৎক্ষণিক খাদ্য,"ম্যাকারনি, ১ কেজি, ড্যানিশ ব্র্যান্ড",190
prod_01896,কাজী ফার্মস ম্যাকারনি ৫০০ গ্রাম,তাৎক্ষণিক খাদ্য,"ম্যাকারনি, ৫০০ গ্রাম, কাজী ফার্মস ব্র্যান্ড",100
prod_01897,কাজী ফার্মস ম্যাকারনি ২৫০ গ্রাম,তাৎক্ষণিক খাদ্য,"ম্যাকারনি, ২৫০ গ্রাম, কাজী ফার্মস ব্র্যান্ড",52
prod_01898,কাজী ফার্মস ম্যাকারনি ২ কেজি,তাৎক্ষণিক খাদ্য,"ম্যাকারনি, ২ কেজি, কাজী ফার্মস ব্র্যান্ড",339
prod_01899,রূপচাঁদা ম্যাকারনি ৫ কেজি,তাৎক্ষণিক খাদ্য,"ম্যাকারনি, ৫ কেজি, রূপচাঁদা ব্র্যান্ড",733
prod_01900,রূপচাঁদা ম্যাকারনি ২৫০ গ্রাম,তাৎক্ষণিক খাদ্য,"ম্যাকারনি, ২৫০ গ্রাম, রূপচাঁদা ব্র্যান্ড",51
prod_01901,রূপচাঁদা ম্যাকারনি ২ কেজি,তাৎক্ষণিক খাদ্য,"ম্যাকারনি, ২ কেজি, রূপচাঁদা ব্র্যান্ড",339
prod_01902,ইস্পাহানি ম্যাকারনি ৫০০ গ্রাম,তাৎক্ষণিক খাদ্য,"ম্যাকারনি, ৫০০ গ্রাম, ইস্পাহানি ব্র্যান্ড",98
prod_01903,ইস্পাহানি ম্যাকারনি ২ কেজি,তাৎক্ষণিক খাদ্য,"ম্যাকারনি, ২ কেজি, ইস্পাহানি ব্র্যান্ড",292
prod_01904,ইস্পাহানি ম্যাকারনি ১ কেজি,তাৎক্ষণিক খাদ্য,"ম্যাকারনি, ১ কেজি, ইস্পাহানি ব্র্যান্ড",169
prod_01905,রাধুনী সেমাই ৫ কেজি,তাৎক্ষণিক খাদ্য,"পাতলা সেমাই, ৫ কেজি, রাধুনী ব্র্যান্ড",539
prod_01906,রাধুনী সেমাই ২৫০ গ্রাম,তাৎক্ষণিক খাদ্য,"পাতলা সেমাই, ২৫০ গ্রাম, রাধুনী ব্র্যান্ড",34
prod_01907,রাধুনী সেমাই ২ কেজি,তাৎক্ষণিক খাদ্য,"পাতলা সেমাই, ২ কেজি, রাধুনী ব্র্যান্ড",210
prod_01908,আরকু সেমাই ৫ কেজি,তাৎক্ষণিক খাদ্য,"পাতলা সেমাই, ৫ কেজি, আরকু ব্র্যান্ড",476
prod_01909,আরকু সেমাই ১ কেজি,তাৎক্ষণিক খাদ্য,"পাতলা সেমাই, ১ কেজি, আরকু ব্র্যান্ড",128
prod_01910,আরকু সেমাই ২৫০ গ্রাম,তাৎক্ষণিক খাদ্য,"পাতলা সেমাই, ২৫০ গ্রাম, আরকু ব্র্যান্ড",35
prod_01911,পূর্ণ সেমাই ৫০০ গ্রাম,তাৎক্ষণিক খাদ্য,"পাতলা সেমাই, ৫০০ গ্রাম, পূর্ণ ব্র্যান্ড",63
prod_01912,পূর্ণ সেমাই ৫ কেজি,তাৎক্ষণিক খাদ্য,"পাতলা সেমাই, ৫ কেজি, পূর্ণ ব্র্যান্ড",497
prod_01913,পূর্ণ সেমাই ১ কেজি,তাৎক্ষণিক খাদ্য,"পাতলা সেমাই, ১ কেজি, পূর্ণ ব্র্যান্ড",113
prod_01914,কাজী ফার্মস সেমাই ৫০০ গ্রাম,তাৎক্ষণিক খাদ্য,"পাতলা সেমাই, ৫০০ গ্রাম, কাজী ফার্মস ব্র্যান্ড",73
prod_01915,কাজী ফার্মস সেমাই ২৫০ গ্রাম,তাৎক্ষণিক খাদ্য,"পাতলা সেমাই, ২৫০ গ্রাম, কাজী ফার্মস ব্র্যান্ড",33
prod_01916,কাজী ফার্মস সেমাই ৫ কেজি,তাৎক্ষণিক খাদ্য,"পাতলা সেমাই, ৫ কেজি, কাজী ফার্মস ব্র্যান্ড",513
prod_01917,ACI সেমাই ৫ কেজি,তাৎক্ষণিক খাদ্য,"পাতলা সেমাই, ৫ কেজি, ACI ব্র্যান্ড",474
prod_01918,ACI সেমাই ৫০০ গ্রাম,তাৎক্ষণিক খাদ্য,"পাতলা সেমাই, ৫০০ গ্রাম, ACI ব্র্যান্ড",72
prod_01919,ACI সেমাই ১ কেজি,তাৎক্ষণিক খাদ্য,"পাতলা সেমাই, ১ কেজি, ACI ব্র্যান্ড",136
prod_01920,কাজী ফার্মস চানাচুর ১ কেজি,তাৎক্ষণিক খাদ্য,"মসলাদার চানাচুর, ১ কেজি, কাজী ফার্মস ব্র্যান্ড",98
prod_01921,কাজী ফার্মস চানাচুর ৫০০ গ্রাম,তাৎক্ষণিক খাদ্য,"মসলাদার চানাচুর, ৫০০ গ্রাম, কাজী ফার্মস ব্র্যান্ড",49
prod_01922,কাজী ফার্মস চানাচুর ৫ কেজি,তাৎক্ষণিক খাদ্য,"মসলাদার চানাচুর, ৫ কেজি, কাজী ফার্মস ব্র্যান্ড",367
prod_01923,ACI চানাচুর ২৫০ গ্রাম,তাৎক্ষণিক খাদ্য,"মসলাদার চানাচুর, ২৫০ গ্রাম, ACI ব্র্যান্ড",24
prod_01924,ACI চানাচুর ১ কেজি,তাৎক্ষণিক খাদ্য,"মসলাদার চানাচুর, ১ কেজি, ACI ব্র্যান্ড",82
prod_01925,ACI চানাচুর ৫ কেজি,তাৎক্ষণিক খাদ্য,"মসলাদার চানাচুর, ৫ কেজি, ACI ব্র্যান্ড",342
prod_01926,অর্গানিক ফার্ম চানাচুর ১ কেজি,তাৎক্ষণিক খাদ্য,"মসলাদার চানাচুর, ১ কেজি, অর্গানিক ফার্ম ব্র্যান্ড",95
prod_01927,অর্গানিক ফার্ম চানাচুর ৫ কেজি,তাৎক্ষণিক খাদ্য,"মসলাদার চানাচুর, ৫ কেজি, অর্গানিক ফার্ম ব্র্যান্ড",409
prod_01928,অর্গানিক ফার্ম চানাচুর ২৫০ গ্রাম,তাৎক্ষণিক খাদ্য,"মসলাদার চানাচুর, ২৫০ গ্রাম, অর্গানিক ফার্ম ব্র্যান্ড",26
prod_01929,মেঘনা চানাচুর ৫ কেজি,তাৎক্ষণিক খাদ্য,"মসলাদার চানাচুর, ৫ কেজি, মেঘনা ব্র্যান্ড",370
prod_01930,মেঘনা চানাচুর ১ কেজি,তাৎক্ষণিক খাদ্য,"মসলাদার চানাচুর, ১ কেজি, মেঘনা ব্র্যান্ড",87
prod_01931,মেঘনা চানাচুর ২ কেজি,তাৎক্ষণিক খাদ্য,"মসলাদার চানাচুর, ২ কেজি, মেঘনা ব্র্যান্ড",159
prod_01932,আফতাব চানাচুর ৫০০ গ্রাম,তাৎক্ষণিক খাদ্য,"মসলাদার চানাচুর, ৫০০ গ্রাম, আফতাব ব্র্যান্ড",51
prod_01933,আফতাব চানাচুর ১ কেজি,তাৎক্ষণিক খাদ্য,"মসলাদার চানাচুর, ১ কেজি, আফতাব ব্র্যান্ড",97
prod_01934,আফতাব চানাচুর ৫ কেজি,তাৎক্ষণিক খাদ্য,"মসলাদার চানাচুর, ৫ কেজি, আফতাব ব্র্যান্ড",402
prod_01935,রূপচাঁদা চিপস ৫০০ গ্রাম,তাৎক্ষণিক খাদ্য,"আলুর চিপস, ৫০০ গ্রাম, রূপচাঁদা ব্র্যান্ড",39
prod_01936,রূপচাঁদা চিপস ৫ কেজি,তাৎক্ষণিক খাদ্য,"আলুর চিপস, ৫ কেজি, রূপচাঁদা ব্র্যান্ড",291
prod_01937,রূপচাঁদা চিপস ২ কেজি,তাৎক্ষণিক খাদ্য,"আলুর চিপস, ২ কেজি, রূপচাঁদা ব্র্যান্ড",128
prod_01938,ফ্রেশ চিপস ১ কেজি,তাৎক্ষণিক খাদ্য,"আলুর চিপস, ১ কেজি, ফ্রেশ ব্র্যান্ড",66
prod_01939,ফ্রেশ চিপস ৫০০ গ্রাম,তাৎক্ষণিক খাদ্য,"আলুর চিপস, ৫০০ গ্রাম, ফ্রেশ ব্র্যান্ড",41
prod_01940,ফ্রেশ চিপস ২ কেজি,তাৎক্ষণিক খাদ্য,"আলুর চিপস, ২ কেজি, ফ্রেশ ব্র্যান্ড",136
prod_01941,বসুন্ধরা চিপস ২৫০ গ্রাম,তাৎক্ষণিক খাদ্য,"আলুর চিপস, ২৫০ গ্রাম, বসুন্ধরা ব্র্যান্ড",19
prod_01942,বসুন্ধরা চিপস ৫০০ গ্রাম,তাৎক্ষণিক খাদ্য,"আলুর চিপস, ৫০০ গ্রাম, বসুন্ধরা ব্র্যান্ড",37
prod_01943,বসুন্ধরা চিপস ২ কেজি,তাৎক্ষণিক খাদ্য,"আলুর চিপস, ২ কেজি, বসুন্ধরা ব্র্যান্ড",129
prod_01944,রাধুনী চিপস ৫০০ গ্রাম,তাৎক্ষণিক খাদ্য,"আলুর চিপস, ৫০০ গ্রাম, রাধুনী ব্র্যান্ড",41
prod_01945,রাধুনী চিপস ৫ কেজি,তাৎক্ষণিক খাদ্য,"আলুর চিপস, ৫ কেজি, রাধুনী ব্র্যান্ড",284
prod_01946,রাধুনী চিপস ২ কেজি,তাৎক্ষণিক খাদ্য,"আলুর চিপস, ২ কেজি, রাধুনী ব্র্যান্ড",121
prod_01947,পূর্ণ চিপস ১ কেজি,তাৎক্ষণিক খাদ্য,"আলুর চিপস, ১ কেজি, পূর্ণ ব্র্যান্ড",67
prod_01948,পূর্ণ চিপস ৫০০ গ্রাম,তাৎক্ষণিক খাদ্য,"আলুর চিপস, ৫০০ গ্রাম, পূর্ণ ব্র্যান্ড",37
prod_01949,পূর্ণ চিপস ২৫০ গ্রাম,তাৎক্ষণিক খাদ্য,"আলুর চিপস, ২৫০ গ্রাম, পূর্ণ ব্র্যান্ড",20
prod_01950,তীর বিস্কুট ৫ কেজি,তাৎক্ষণিক খাদ্য,"ক্রিম বিস্কুট, ৫ কেজি, তীর ব্র্যান্ড",245
prod_01951,তীর বিস্কুট ২৫০ গ্রাম,তাৎক্ষণিক খাদ্য,"ক্রিম বিস্কুট, ২৫০ গ্রাম, তীর ব্র্যান্ড",16
prod_01952,তীর বিস্কুট ১ কেজি,তাৎক্ষণিক খাদ্য,"ক্রিম বিস্কুট, ১ কেজি, তীর ব্র্যান্ড",52
prod_01953,ফ্রেশ বিস্কুট ১ কেজি,তাৎক্ষণিক খাদ্য,"ক্রিম বিস্কুট, ১ কেজি, ফ্রেশ ব্র্যান্ড",57
prod_01954,ফ্রেশ বিস্কুট ২ কেজি,তাৎক্ষণিক খাদ্য,"ক্রিম বিস্কুট, ২ কেজি, ফ্রেশ ব্র্যান্ড",95
prod_01955,ফ্রেশ বিস্কুট ৫ কেজি,তাৎক্ষণিক খাদ্য,"ক্রিম বিস্কুট, ৫ কেজি, ফ্রেশ ব্র্যান্ড",246
prod_01956,মিল্কভিটা বিস্কুট ৫ কেজি,তাৎক্ষণিক খাদ্য,"ক্রিম বিস্কুট, ৫ কেজি, মিল্কভিটা ব্র্যান্ড",212
prod_01957,মিল্কভিটা বিস্কুট ১ কেজি,তাৎক্ষণিক খাদ্য,"ক্রিম বিস্কুট, ১ কেজি, মিল্কভিটা ব্র্যান্ড",54
prod_01958,মিল্কভিটা বিস্কুট ৫০০ গ্রাম,তাৎক্ষণিক খাদ্য,"ক্রিম বিস্কুট, ৫০০ গ্রাম, মিল্কভিটা ব্র্যান্ড",27
prod_01959,রাধুনী বিস্কুট ২ কেজি,তাৎক্ষণিক খাদ্য,"ক্রিম বিস্কুট, ২ কেজি, রাধুনী ব্র্যান্ড",87
prod_01960,রাধুনী বিস্কুট ৫ কেজি,তাৎক্ষণিক খাদ্য,"ক্রিম বিস্কুট, ৫ কেজি, রাধুনী ব্র্যান্ড",218
prod_01961,রাধুনী বিস্কুট ১ কেজি,তাৎক্ষণিক খাদ্য,"ক্রিম বিস্কুট, ১ কেজি, রাধুনী ব্র্যান্ড",57
prod_01962,রূপচাঁদা বিস্কুট ৫০০ গ্রাম,তাৎক্ষণিক খাদ্য,"ক্রিম বিস্কুট, ৫০০ গ্রাম, রূপচাঁদা ব্র্যান্ড",31
prod_01963,রূপচাঁদা বিস্কুট ২ কেজি,তাৎক্ষণিক খাদ্য,"ক্রিম বিস্কুট, ২ কেজি, রূপচাঁদা ব্র্যান্ড",95
prod_01964,রূপচাঁদা বিস্কুট ২৫০ গ্রাম,তাৎক্ষণিক খাদ্য,"ক্রিম বিস্কুট, ২৫০ গ্রাম, রূপচাঁদা ব্র্যান্ড",15
prod_01965,প্রাণ কেক ১ কেজি,তাৎক্ষণিক খাদ্য,"ফ্রুট কেক, ১ কেজি, প্রাণ ব্র্যান্ড",272
prod_01966,প্রাণ কেক ৫ কেজি,তাৎক্ষণিক খাদ্য,"ফ্রুট কেক, ৫ কেজি, প্রাণ ব্র্যান্ড",1065
prod_01967,প্রাণ কেক ২৫০ গ্রাম,তাৎক্ষণিক খাদ্য,"ফ্রুট কেক, ২৫০ গ্রাম, প্রাণ ব্র্যান্ড",74
prod_01968,ম্যারিকো কেক ৫ কেজি,তাৎক্ষণিক খাদ্য,"ফ্রুট কেক, ৫ কেজি, ম্যারিকো ব্র্যান্ড",1053
prod_01969,ম্যারিকো কেক ১ কেজি,তাৎক্ষণিক খাদ্য,"ফ্রুট কেক, ১ কেজি, ম্যারিকো ব্র্যান্ড",265
prod_01970,ম্যারিকো কেক ৫০০ গ্রাম,তাৎক্ষণিক খাদ্য,"ফ্রুট কেক, ৫০০ গ্রাম, ম্যারিকো ব্র্যান্ড",147
prod_01971,পূর্ণ কেক ১ কেজি,তাৎক্ষণিক খাদ্য,"ফ্রুট কেক, ১ কেজি, পূর্ণ ব্র্যান্ড",258
prod_01972,পূর্ণ কেক ৫ কেজি,তাৎক্ষণিক খাদ্য,"ফ্রুট কেক, ৫ কেজি, পূর্ণ ব্র্যান্ড",1052
prod_01973,পূর্ণ কেক ৫০০ গ্রাম,তাৎক্ষণিক খাদ্য,"ফ্রুট কেক, ৫০০ গ্রাম, পূর্ণ ব্র্যান্ড",138
prod_01974,ফ্রেশ কেক ৫ কেজি,তাৎক্ষণিক খাদ্য,"ফ্রুট কেক, ৫ কেজি, ফ্রেশ ব্র্যান্ড",1174
prod_01975,ফ্রেশ কেক ৫০০ গ্রাম,তাৎক্ষণিক খাদ্য,"ফ্রুট কেক, ৫০০ গ্রাম, ফ্রেশ ব্র্যান্ড",159
prod_01976,ফ্রেশ কেক ২৫০ গ্রাম,তাৎক্ষণিক খাদ্য,"ফ্রুট কেক, ২৫০ গ্রাম, ফ্রেশ ব্র্যান্ড",75
prod_01977,স্কয়ার কেক ২ কেজি,তাৎক্ষণিক খাদ্য,"ফ্রুট কেক, ২ কেজি, স্কয়ার ব্র্যান্ড",508
prod_01978,স্কয়ার কেক ৫০০ গ্রাম,তাৎক্ষণিক খাদ্য,"ফ্রুট কেক, ৫০০ গ্রাম, স্কয়ার ব্র্যান্ড",157
prod_01979,স্কয়ার কেক ২৫০ গ্রাম,তাৎক্ষণিক খাদ্য,"ফ্রুট কেক, ২৫০ গ্রাম, স্কয়ার ব্র্যান্ড",74
prod_01980,প্রাণ রুটি ৫ কেজি,তাৎক্ষণিক খাদ্য,"স্লাইসড রুটি, ৫ কেজি, প্রাণ ব্র্যান্ড",432
prod_01981,প্রাণ রুটি ১ কেজি,তাৎক্ষণিক খাদ্য,"স্লাইসড রুটি, ১ কেজি, প্রাণ ব্র্যান্ড",109
prod_01982,প্রাণ রুটি ৫০০ গ্রাম,তাৎক্ষণিক খাদ্য,"স্লাইসড রুটি, ৫০০ গ্রাম, প্রাণ ব্র্যান্ড",60
prod_01983,ইস্পাহানি রুটি ২ কেজি,তাৎক্ষণিক খাদ্য,"স্লাইসড রুটি, ২ কেজি, ইস্পাহানি ব্র্যান্ড",179
prod_01984,ইস্পাহানি রুটি ২৫০ গ্রাম,তাৎক্ষণিক খাদ্য,"স্লাইসড রুটি, ২৫০ গ্রাম, ইস্পাহানি ব্র্যান্ড",28
prod_01985,ইস্পাহানি রুটি ১ কেজি,তাৎক্ষণিক খাদ্য,"স্লাইসড রুটি, ১ কেজি, ইস্পাহানি ব্র্যান্ড",102
prod_01986,ড্যানিশ রুটি ২৫০ গ্রাম,তাৎক্ষণিক খাদ্য,"স্লাইসড রুটি, ২৫০ গ্রাম, ড্যানিশ ব্র্যান্ড",29
prod_01987,ড্যানিশ রুটি ২ কেজি,তাৎক্ষণিক খাদ্য,"স্লাইসড রুটি, ২ কেজি, ড্যানিশ ব্র্যান্ড",186
prod_01988,ড্যানিশ রুটি ১ কেজি,তাৎক্ষণিক খাদ্য,"স্লাইসড রুটি, ১ কেজি, ড্যানিশ ব্র্যান্ড",109
prod_01989,রূপচাঁদা রুটি ১ কেজি,তাৎক্ষণিক খাদ্য,"স্লাইসড রুটি, ১ কেজি, রূপচাঁদা ব্র্যান্ড",106
prod_01990,রূপচাঁদা রুটি ৫ কেজি,তাৎক্ষণিক খাদ্য,"স্লাইসড রুটি, ৫ কেজি, রূপচাঁদা ব্র্যান্ড",436
prod_01991,রূপচাঁদা রুটি ২৫০ গ্রাম,তাৎক্ষণিক খাদ্য,"স্লাইসড রুটি, ২৫০ গ্রাম, রূপচাঁদা ব্র্যান্ড",31
prod_01992,তীর রুটি ৫ কেজি,তাৎক্ষণিক খাদ্য,"স্লাইসড রুটি, ৫ কেজি, তীর ব্র্যান্ড",456
prod_01993,তীর রুটি ৫০০ গ্রাম,তাৎক্ষণিক খাদ্য,"স্লাইসড রুটি, ৫০০ গ্রাম, তীর ব্র্যান্ড",61
prod_01994,তীর রুটি ১ কেজি,তাৎক্ষণিক খাদ্য,"স্লাইসড রুটি, ১ কেজি, তীর ব্র্যান্ড",100
prod_01995,ACI পরোটা ২ কেজি,তাৎক্ষণিক খাদ্য,"ফ্রোজেন পরোটা, ২ কেজি, ACI ব্র্যান্ড",261
prod_01996,ACI পরোটা ২৫০ গ্রাম,তাৎক্ষণিক খাদ্য,"ফ্রোজেন পরোটা, ২৫০ গ্রাম, ACI ব্র্যান্ড",39
prod_01997,ACI পরোটা ৫০০ গ্রাম,তাৎক্ষণিক খাদ্য,"ফ্রোজেন পরোটা, ৫০০ গ্রাম, ACI ব্র্যান্ড",87
prod_01998,মেঘনা পরোটা ৫০০ গ্রাম,তাৎক্ষণিক খাদ্য,"ফ্রোজেন পরোটা, ৫০০ গ্রাম, মেঘনা ব্র্যান্ড",82
prod_01999,মেঘনা পরোটা ১ কেজি,তাৎক্ষণিক খাদ্য,"ফ্রোজেন পরোটা, ১ কেজি, মেঘনা ব্র্যান্ড",146
prod_02000,মেঘনা পরোটা ৫ কেজি,তাৎক্ষণিক খাদ্য,"ফ্রোজেন পরোটা, ৫ কেজি, মেঘনা ব্র্যান্ড",641
prod_02001,স্কয়ার পরোটা ২৫০ গ্রাম,তাৎক্ষণিক খাদ্য,"ফ্রোজেন পরোটা, ২৫০ গ্রাম, স্কয়ার ব্র্যান্ড",38
prod_02002,স্কয়ার পরোটা ৫ কেজি,তাৎক্ষণিক খাদ্য,"ফ্রোজেন পরোটা, ৫ কেজি, স্কয়ার ব্র্যান্ড",577
prod_02003,স্কয়ার পরোটা ২ কেজি,তাৎক্ষণিক খাদ্য,"ফ্রোজেন পরোটা, ২ কেজি, স্কয়ার ব্র্যান্ড",263
prod_02004,আফতাব পরোটা ১ কেজি,তাৎক্ষণিক খাদ্য,"ফ্রোজেন পরোটা, ১ কেজি, আফতাব ব্র্যান্ড",155
prod_02005,আফতাব পরোটা ২ কেজি,তাৎক্ষণিক খাদ্য,"ফ্রোজেন পরোটা, ২ কেজি, আফতাব ব্র্যান্ড",270
prod_02006,আফতাব পরোটা ৫০০ গ্রাম,তাৎক্ষণিক খাদ্য,"ফ্রোজেন পরোটা, ৫০০ গ্রাম, আফতাব ব্র্যান্ড",87
prod_02007,রূপচাঁদা পরোটা ৫ কেজি,তাৎক্ষণিক খাদ্য,"ফ্রোজেন পরোটা, ৫ কেজি, রূপচাঁদা ব্র্যান্ড",560
prod_02008,রূপচাঁদা পরোটা ২ কেজি,তাৎক্ষণিক খাদ্য,"ফ্রোজেন পরোটা, ২ কেজি, রূপচাঁদা ব্র্যান্ড",274
prod_02009,রূপচাঁদা পরোটা ৫০০ গ্রাম,তাৎক্ষণিক খাদ্য,"ফ্রোজেন পরোটা, ৫০০ গ্রাম, রূপচাঁদা ব্র্যান্ড",74
prod_02010,সুরভি আম আচার ২ কেজি,সংরক্ষণ ও চাটনি,"তাজা আম আচার, ২ কেজি, সুরভি ব্র্যান্ড",262
prod_02011,সুরভি আম আচার ২৫০ গ্রাম,সংরক্ষণ ও চাটনি,"তাজা আম আচার, ২৫০ গ্রাম, সুরভি ব্র্যান্ড",48
prod_02012,সুরভি আম আচার ৫ কেজি,সংরক্ষণ ও চাটনি,"তাজা আম আচার, ৫ কেজি, সুরভি ব্র্যান্ড",681
prod_02013,বসুন্ধরা আম আচার ২৫০ গ্রাম,সংরক্ষণ ও চাটনি,"তাজা আম আচার, ২৫০ গ্রাম, বসুন্ধরা ব্র্যান্ড",47
prod_02014,বসুন্ধরা আম আচার ২ কেজি,সংরক্ষণ ও চাটনি,"তাজা আম আচার, ২ কেজি, বসুন্ধরা ব্র্যান্ড",263
prod_02015,বসুন্ধরা আম আচার ১ কেজি,সংরক্ষণ ও চাটনি,"তাজা আম আচার, ১ কেজি, বসুন্ধরা ব্র্যান্ড",154
prod_02016,রাধুনী আম আচার ৫০০ গ্রাম,সংরক্ষণ ও চাটনি,"তাজা আম আচার, ৫০০ গ্রাম, রাধুনী ব্র্যান্ড",97
prod_02017,রাধুনী আম আচার ২৫০ গ্রাম,সংরক্ষণ ও চাটনি,"তাজা আম আচার, ২৫০ গ্রাম, রাধুনী ব্র্যান্ড",44
prod_02018,রাধুনী আম আচার ১ কেজি,সংরক্ষণ ও চাটনি,"তাজা আম আচার, ১ কেজি, রাধুনী ব্র্যান্ড",153
prod_02019,ম্যারিকো আম আচার ১ কেজি,সংরক্ষণ ও চাটনি,"তাজা আম আচার, ১ কেজি, ম্যারিকো ব্র্যান্ড",149
prod_02020,ম্যারিকো আম আচার ২ কেজি,সংরক্ষণ ও চাটনি,"তাজা আম আচার, ২ কেজি, ম্যারিকো ব্র্যান্ড",289
prod_02021,ম্যারিকো আম আচার ৫ কেজি,সংরক্ষণ ও চাটনি,"তাজা আম আচার, ৫ কেজি, ম্যারিকো ব্র্যান্ড",630
prod_02022,ইস্পাহানি আম আচার ২৫০ গ্রাম,সংরক্ষণ ও চাটনি,"তাজা আম আচার, ২৫০ গ্রাম, ইস্পাহানি ব্র্যান্ড",48
prod_02023,ইস্পাহানি আম আচার ১ কেজি,সংরক্ষণ ও চাটনি,"তাজা আম আচার, ১ কেজি, ইস্পাহানি ব্র্যান্ড",160
prod_02024,ইস্পাহানি আম আচার ৫০০ গ্রাম,সংরক্ষণ ও চাটনি,"তাজা আম আচার, ৫০০ গ্রাম, ইস্পাহানি ব্র্যান্ড",96
prod_02025,বসুন্ধরা আদার আচার ৫ কেজি,সংরক্ষণ ও চাটনি,"আদার আচার, ৫ কেজি, বসুন্ধরা ব্র্যান্ড",669
prod_02026,বসুন্ধরা আদার আচার ২ কেজি,সংরক্ষণ ও চাটনি,"আদার আচার, ২ কেজি, বসুন্ধরা ব্র্যান্ড",292
prod_02027,বসুন্ধরা আদার আচার ১ কেজি,সংরক্ষণ ও চাটনি,"আদার আচার, ১ কেজি, বসুন্ধরা ব্র্যান্ড",151
prod_02028,কাজী ফার্মস আদার আচার ৫ কেজি,সংরক্ষণ ও চাটনি,"আদার আচার, ৫ কেজি, কাজী ফার্মস ব্র্যান্ড",635
prod_02029,কাজী ফার্মস আদার আচার ১ কেজি,সংরক্ষণ ও চাটনি,"আদার আচার, ১ কেজি, কাজী ফার্মস ব্র্যান্ড",144
prod_02030,কাজী ফার্মস আদার আচার ৫০০ গ্রাম,সংরক্ষণ ও চাটনি,"আদার আচার, ৫০০ গ্রাম, কাজী ফার্মস ব্র্যান্ড",78
prod_02031,ইগলু আদার আচার ১ কেজি,সংরক্ষণ ও চাটনি,"আদার আচার, ১ কেজি, ইগলু ব্র্যান্ড",145
prod_02032,ইগলু আদার আচার ৫ কেজি,সংরক্ষণ ও চাটনি,"আদার আচার, ৫ কেজি, ইগলু ব্র্যান্ড",612
prod_02033,ইগলু আদার আচার ৫০০ গ্রাম,সংরক্ষণ ও চাটনি,"আদার আচার, ৫০০ গ্রাম, ইগলু ব্র্যান্ড",76
prod_02034,তীর আদার আচার ৫০০ গ্রাম,সংরক্ষণ ও চাটনি,"আদার আচার, ৫০০ গ্রাম, তীর ব্র্যান্ড",84
prod_02035,তীর আদার আচার ১ কেজি,সংরক্ষণ ও চাটনি,"আদার আচার, ১ কেজি, তীর ব্র্যান্ড",137
prod_02036,তীর আদার আচার ৫ কেজি,সংরক্ষণ ও চাটনি,"আদার আচার, ৫ কেজি, তীর ব্র্যান্ড",691
prod_02037,ইস্পাহানি আদার আচার ২ কেজি,সংরক্ষণ ও চাটনি,"আদার আচার, ২ কেজি, ইস্পাহানি ব্র্যান্ড",286
prod_02038,ইস্পাহানি আদার আচার ১ কেজি,সংরক্ষণ ও চাটনি,"আদার আচার, ১ কেজি, ইস্পাহানি ব্র্যান্ড",162
prod_02039,ইস্পাহানি আদার আচার ২৫০ গ্রাম,সংরক্ষণ ও চাটনি,"আদার আচার, ২৫০ গ্রাম, ইস্পাহানি ব্র্যান্ড",43
prod_02040,প্রাণ রসুনের আচার ৫ কেজি,সংরক্ষণ ও চাটনি,"রসুনের আচার, ৫ কেজি, প্রাণ ব্র্যান্ড",569
prod_02041,প্রাণ রসুনের আচার ২ কেজি,সংরক্ষণ ও চাটনি,"রসুনের আচার, ২ কেজি, প্রাণ ব্র্যান্ড",267
prod_02042,প্রাণ রসুনের আচার ৫০০ গ্রাম,সংরক্ষণ ও চাটনি,"রসুনের আচার, ৫০০ গ্রাম, প্রাণ ব্র্যান্ড",82
prod_02043,কাজী ফার্মস রসুনের আচার ২ কেজি,সংরক্ষণ ও চাটনি,"রসুনের আচার, ২ কেজি, কাজী ফার্মস ব্র্যান্ড",234
prod_02044,কাজী ফার্মস রসুনের আচার ৫০০ গ্রাম,সংরক্ষণ ও চাটনি,"রসুনের আচার, ৫০০ গ্রাম, কাজী ফার্মস ব্র্যান্ড",82
prod_02045,কাজী ফার্মস রসুনের আচার ৫ কেজি,সংরক্ষণ ও চাটনি,"রসুনের আচার, ৫ কেজি, কাজী ফার্মস ব্র্যান্ড",601
prod_02046,মেঘনা রসুনের আচার ৫ কেজি,সংরক্ষণ ও চাটনি,"রসুনের আচার, ৫ কেজি, মেঘনা ব্র্যান্ড",617
prod_02047,মেঘনা রসুনের আচার ১ কেজি,সংরক্ষণ ও চাটনি,"রসুনের আচার, ১ কেজি, মেঘনা ব্র্যান্ড",144
prod_02048,মেঘনা রসুনের আচার ৫০০ গ্রাম,সংরক্ষণ ও চাটনি,"রসুনের আচার, ৫০০ গ্রাম, মেঘনা ব্র্যান্ড",76
prod_02049,ম্যারিকো রসুনের আচার ৫০০ গ্রাম,সংরক্ষণ ও চাটনি,"রসুনের আচার, ৫০০ গ্রাম, ম্যারিকো ব্র্যান্ড",74
prod_02050,ম্যারিকো রসুনের আচার ২৫০ গ্রাম,সংরক্ষণ ও চাটনি,"রসুনের আচার, ২৫০ গ্রাম, ম্যারিকো ব্র্যান্ড",36
prod_02051,ম্যারিকো রসুনের আচার ২ কেজি,সংরক্ষণ ও চাটনি,"রসুনের আচার, ২ কেজি, ম্যারিকো ব্র্যান্ড",253
prod_02052,ড্যানিশ রসুনের আচার ২ কেজি,সংরক্ষণ ও চাটনি,"রসুনের আচার, ২ কেজি, ড্যানিশ ব্র্যান্ড",262
prod_02053,ড্যানিশ রসুনের আচার ১ কেজি,সংরক্ষণ ও চাটনি,"রসুনের আচার, ১ কেজি, ড্যানিশ ব্র্যান্ড",135
prod_02054,ড্যানিশ রসুনের আচার ৫ কেজি,সংরক্ষণ ও চাটনি,"রসুনের আচার, ৫ কেজি, ড্যানিশ ব্র্যান্ড",542
prod_02055,আরকু মিষ্টি আমের চাটনি ১ কেজি,সংরক্ষণ ও চাটনি,"মিষ্টি আমের চাটনি, ১ কেজি, আরকু ব্র্যান্ড",187
prod_02056,আরকু মিষ্টি আমের চাটনি ৫ কেজি,সংরক্ষণ ও চাটনি,"মিষ্টি আমের চাটনি, ৫ কেজি, আরকু ব্র্যান্ড",784
prod_02057,আরকু মিষ্টি আমের চাটনি ২৫০ গ্রাম,সংরক্ষণ ও চাটনি,"মিষ্টি আমের চাটনি, ২৫০ গ্রাম, আরকু ব্র্যান্ড",47
prod_02058,কাজী ফার্মস মিষ্টি আমের চাটনি ৫০০ গ্রাম,সংরক্ষণ ও চাটনি,"মিষ্টি আমের চাটনি, ৫০০ গ্রাম, কাজী ফার্মস ব্র্যান্ড",94
prod_02059,কাজী ফার্মস মিষ্টি আমের চাটনি ২৫০ গ্রাম,সংরক্ষণ ও চাটনি,"মিষ্টি আমের চাটনি, ২৫০ গ্রাম, কাজী ফার্মস ব্র্যান্ড",49
prod_02060,কাজী ফার্মস মিষ্টি আমের চাটনি ৫ কেজি,সংরক্ষণ ও চাটনি,"মিষ্টি আমের চাটনি, ৫ কেজি, কাজী ফার্মস ব্র্যান্ড",792
prod_02061,প্রাণ মিষ্টি আমের চাটনি ২ কেজি,সংরক্ষণ ও চাটনি,"মিষ্টি আমের চাটনি, ২ কেজি, প্রাণ ব্র্যান্ড",332
prod_02062,প্রাণ মিষ্টি আমের চাটনি ১ কেজি,সংরক্ষণ ও চাটনি,"মিষ্টি আমের চাটনি, ১ কেজি, প্রাণ ব্র্যান্ড",163
prod_02063,প্রাণ মিষ্টি আমের চাটনি ৫০০ গ্রাম,সংরক্ষণ ও চাটনি,"মিষ্টি আমের চাটনি, ৫০০ গ্রাম, প্রাণ ব্র্যান্ড",91
prod_02064,ইস্পাহানি মিষ্টি আমের চাটনি ৫০০ গ্রাম,সংরক্ষণ ও চাটনি,"মিষ্টি আমের চাটনি, ৫০০ গ্রাম, ইস্পাহানি ব্র্যান্ড",105
prod_02065,ইস্পাহানি মিষ্টি আমের চাটনি ২৫০ গ্রাম,সংরক্ষণ ও চাটনি,"মিষ্টি আমের চাটনি, ২৫০ গ্রাম, ইস্পাহানি ব্র্যান্ড",45
prod_02066,ইস্পাহানি মিষ্টি আমের চাটনি ৫ কেজি,সংরক্ষণ ও চাটনি,"মিষ্টি আমের চাটনি, ৫ কেজি, ইস্পাহানি ব্র্যান্ড",745
prod_02067,ফ্রেশ মিষ্টি আমের চাটনি ৫০০ গ্রাম,সংরক্ষণ ও চাটনি,"মিষ্টি আমের চাটনি, ৫০০ গ্রাম, ফ্রেশ ব্র্যান্ড",106
prod_02068,ফ্রেশ মিষ্টি আমের চাটনি ১ কেজি,সংরক্ষণ ও চাটনি,"মিষ্টি আমের চাটনি, ১ কেজি, ফ্রেশ ব্র্যান্ড",166
prod_02069,ফ্রেশ মিষ্টি আমের চাটনি ৫ কেজি,সংরক্ষণ ও চাটনি,"মিষ্টি আমের চাটনি, ৫ কেজি, ফ্রেশ ব্র্যান্ড",790
prod_02070,সুরভি পেঁয়াজের চাটনি ৫০০ গ্রাম,সংরক্ষণ ও চাটনি,"পেঁয়াজের চাটনি, ৫০০ গ্রাম, সুরভি ব্র্যান্ড",79
prod_02071,সুরভি পেঁয়াজের চাটনি ২ কেজি,সংরক্ষণ ও চাটনি,"পেঁয়াজের চাটনি, ২ কেজি, সুরভি ব্র্যান্ড",241
prod_02072,সুরভি পেঁয়াজের চাটনি ১ কেজি,সংরক্ষণ ও চাটনি,"পেঁয়াজের চাটনি, ১ কেজি, সুরভি ব্র্যান্ড",148
prod_02073,পূর্ণ পেঁয়াজের চাটনি ২ কেজি,সংরক্ষণ ও চাটনি,"পেঁয়াজের চাটনি, ২ কেজি, পূর্ণ ব্র্যান্ড",262
prod_02074,পূর্ণ পেঁয়াজের চাটনি ৫ কেজি,সংরক্ষণ ও চাটনি,"পেঁয়াজের চাটনি, ৫ কেজি, পূর্ণ ব্র্যান্ড",611
prod_02075,পূর্ণ পেঁয়াজের চাটনি ১ কেজি,সংরক্ষণ ও চাটনি,"পেঁয়াজের চাটনি, ১ কেজি, পূর্ণ ব্র্যান্ড",125
prod_02076,ইগলু পেঁয়াজের চাটনি ২৫০ গ্রাম,সংরক্ষণ ও চাটনি,"পেঁয়াজের চাটনি, ২৫০ গ্রাম, ইগলু ব্র্যান্ড",37
prod_02077,ইগলু পেঁয়াজের চাটনি ৫ কেজি,সংরক্ষণ ও চাটনি,"পেঁয়াজের চাটনি, ৫ কেজি, ইগলু ব্র্যান্ড",539
prod_02078,ইগলু পেঁয়াজের চাটনি ৫০০ গ্রাম,সংরক্ষণ ও চাটনি,"পেঁয়াজের চাটনি, ৫০০ গ্রাম, ইগলু ব্র্যান্ড",72
prod_02079,অর্গানিক ফার্ম পেঁয়াজের চাটনি ২৫০ গ্রাম,সংরক্ষণ ও চাটনি,"পেঁয়াজের চাটনি, ২৫০ গ্রাম, অর্গানিক ফার্ম ব্র্যান্ড",35
prod_02080,অর্গানিক ফার্ম পেঁয়াজের চাটনি ৫০০ গ্রাম,সংরক্ষণ ও চাটনি,"পেঁয়াজের চাটনি, ৫০০ গ্রাম, অর্গানিক ফার্ম ব্র্যান্ড",74
prod_02081,অর্গানিক ফার্ম পেঁয়াজের চাটনি ৫ কেজি,সংরক্ষণ ও চাটনি,"পেঁয়াজের চাটনি, ৫ কেজি, অর্গানিক ফার্ম ব্র্যান্ড",507
prod_02082,আরকু পেঁয়াজের চাটনি ১ কেজি,সংরক্ষণ ও চাটনি,"পেঁয়াজের চাটনি, ১ কেজি, আরকু ব্র্যান্ড",142
prod_02083,আরকু পেঁয়াজের চাটনি ২৫০ গ্রাম,সংরক্ষণ ও চাটনি,"পেঁয়াজের চাটনি, ২৫০ গ্রাম, আরকু ব্র্যান্ড",33
prod_02084,আরকু পেঁয়াজের চাটনি ৫০০ গ্রাম,সংরক্ষণ ও চাটনি,"পেঁয়াজের চাটনি, ৫০০ গ্রাম, আরকু ব্র্যান্ড",68
prod_02085,রূপচাঁদা টমেটোর চাটনি ৫০০ গ্রাম,সংরক্ষণ ও চাটনি,"টমেটোর চাটনি, ৫০০ গ্রাম, রূপচাঁদা ব্র্যান্ড",82
prod_02086,রূপচাঁদা টমেটোর চাটনি ২ কেজি,সংরক্ষণ ও চাটনি,"টমেটোর চাটনি, ২ কেজি, রূপচাঁদা ব্র্যান্ড",247
prod_02087,রূপচাঁদা টমেটোর চাটনি ২৫০ গ্রাম,সংরক্ষণ ও চাটনি,"টমেটোর চাটনি, ২৫০ গ্রাম, রূপচাঁদা ব্র্যান্ড",43
prod_02088,তীর টমেটোর চাটনি ২৫০ গ্রাম,সংরক্ষণ ও চাটনি,"টমেটোর চাটনি, ২৫০ গ্রাম, তীর ব্র্যান্ড",41
prod_02089,তীর টমেটোর চাটনি ৫ কেজি,সংরক্ষণ ও চাটনি,"টমেটোর চাটনি, ৫ কেজি, তীর ব্র্যান্ড",624
prod_02090,তীর টমেটোর চাটনি ৫০০ গ্রাম,সংরক্ষণ ও চাটনি,"টমেটোর চাটনি, ৫০০ গ্রাম, তীর ব্র্যান্ড",84
prod_02091,মেঘনা টমেটোর চাটনি ৫০০ গ্রাম,সংরক্ষণ ও চাটনি,"টমেটোর চাটনি, ৫০০ গ্রাম, মেঘনা ব্র্যান্ড",77
prod_02092,মেঘনা টমেটোর চাটনি ২ কেজি,সংরক্ষণ ও চাটনি,"টমেটোর চাটনি, ২ কেজি, মেঘনা ব্র্যান্ড",258
prod_02093,মেঘনা টমেটোর চাটনি ২৫০ গ্রাম,সংরক্ষণ ও চাটনি,"টমেটোর চাটনি, ২৫০ গ্রাম, মেঘনা ব্র্যান্ড",41
prod_02094,রাধুনী টমেটোর চাটনি ১ কেজি,সংরক্ষণ ও চাটনি,"টমেটোর চাটনি, ১ কেজি, রাধুনী ব্র্যান্ড",135
prod_02095,রাধুনী টমেটোর চাটনি ২ কেজি,সংরক্ষণ ও চাটনি,"টমেটোর চাটনি, ২ কেজি, রাধুনী ব্র্যান্ড",265
prod_02096,রাধুনী টমেটোর চাটনি ৫ কেজি,সংরক্ষণ ও চাটনি,"টমেটোর চাটনি, ৫ কেজি, রাধুনী ব্র্যান্ড",582
prod_02097,সুরভি টমেটোর চাটনি ৫০০ গ্রাম,সংরক্ষণ ও চাটনি,"টমেটোর চাটনি, ৫০০ গ্রাম, সুরভি ব্র্যান্ড",79
prod_02098,সুরভি টমেটোর চাটনি ১ কেজি,সংরক্ষণ ও চাটনি,"টমেটোর চাটনি, ১ কেজি, সুরভি ব্র্যান্ড",142
prod_02099,সুরভি টমেটোর চাটনি ২৫০ গ্রাম,সংরক্ষণ ও চাটনি,"টমেটোর চাটনি, ২৫০ গ্রাম, সুরভি ব্র্যান্ড",38
prod_02100,রূপচাঁদা তেঁতুলের চাটনি ২ কেজি,সংরক্ষণ ও চাটনি,"তেঁতুলের চাটনি, ২ কেজি, রূপচাঁদা ব্র্যান্ড",242
prod_02101,রূপচাঁদা তেঁতুলের চাটনি ১ কেজি,সংরক্ষণ ও চাটনি,"তেঁতুলের চাটনি, ১ কেজি, রূপচাঁদা ব্র্যান্ড",127
prod_02102,রূপচাঁদা তেঁতুলের চাটনি ৫ কেজি,সংরক্ষণ ও চাটনি,"তেঁতুলের চাটনি, ৫ কেজি, রূপচাঁদা ব্র্যান্ড",479
prod_02103,ম্যারিকো তেঁতুলের চাটনি ৫০০ গ্রাম,সংরক্ষণ ও চাটনি,"তেঁতুলের চাটনি, ৫০০ গ্রাম, ম্যারিকো ব্র্যান্ড",74
prod_02104,ম্যারিকো তেঁতুলের চাটনি ২ কেজি,সংরক্ষণ ও চাটনি,"তেঁতুলের চাটনি, ২ কেজি, ম্যারিকো ব্র্যান্ড",225
prod_02105,ম্যারিকো তেঁতুলের চাটনি ৫ কেজি,সংরক্ষণ ও চাটনি,"তেঁতুলের চাটনি, ৫ কেজি, ম্যারিকো ব্র্যান্ড",520
prod_02106,ইস্পাহানি তেঁতুলের চাটনি ৫ কেজি,সংরক্ষণ ও চাটনি,"তেঁতুলের চাটনি, ৫ কেজি, ইস্পাহানি ব্র্যান্ড",491
prod_02107,ইস্পাহানি তেঁতুলের চাটনি ২ কেজি,সংরক্ষণ ও চাটনি,"তেঁতুলের চাটনি, ২ কেজি, ইস্পাহানি ব্র্যান্ড",202
prod_02108,ইস্পাহানি তেঁতুলের চাটনি ১ কেজি,সংরক্ষণ ও চাটনি,"তেঁতুলের চাটনি, ১ কেজি, ইস্পাহানি ব্র্যান্ড",134
prod_02109,মেঘনা তেঁতুলের চাটনি ৫ কেজি,সংরক্ষণ ও চাটনি,"তেঁতুলের চাটনি, ৫ কেজি, মেঘনা ব্র্যান্ড",548
prod_02110,মেঘনা তেঁতুলের চাটনি ৫০০ গ্রাম,সংরক্ষণ ও চাটনি,"তেঁতুলের চাটনি, ৫০০ গ্রাম, মেঘনা ব্র্যান্ড",72
prod_02111,মেঘনা তেঁতুলের চাটনি ২ কেজি,সংরক্ষণ ও চাটনি,"তেঁতুলের চাটনি, ২ কেজি, মেঘনা ব্র্যান্ড",225
prod_02112,স্কয়ার তেঁতুলের চাটনি ২ কেজি,সংরক্ষণ ও চাটনি,"তেঁতুলের চাটনি, ২ কেজি, স্কয়ার ব্র্যান্ড",232
prod_02113,স্কয়ার তেঁতুলের চাটনি ৫০০ গ্রাম,সংরক্ষণ ও চাটনি,"তেঁতুলের চাটনি, ৫০০ গ্রাম, স্কয়ার ব্র্যান্ড",73
prod_02114,স্কয়ার তেঁতুলের চাটনি ১ কেজি,সংরক্ষণ ও চাটনি,"তেঁতুলের চাটনি, ১ কেজি, স্কয়ার ব্র্যান্ড",117
prod_02115,ACI কাসুন্দি ২৫০ গ্রাম,সংরক্ষণ ও চাটনি,"বাঙালি কাসুন্দি, ২৫০ গ্রাম, ACI ব্র্যান্ড",50
prod_02116,ACI কাসুন্দি ৫ কেজি,সংরক্ষণ ও চাটনি,"বাঙালি কাসুন্দি, ৫ কেজি, ACI ব্র্যান্ড",659
prod_02117,ACI কাসুন্দি ২ কেজি,সংরক্ষণ ও চাটনি,"বাঙালি কাসুন্দি, ২ কেজি, ACI ব্র্যান্ড",326
prod_02118,স্কয়ার কাসুন্দি ৫০০ গ্রাম,সংরক্ষণ ও চাটনি,"বাঙালি কাসুন্দি, ৫০০ গ্রাম, স্কয়ার ব্র্যান্ড",89
prod_02119,স্কয়ার কাসুন্দি ২৫০ গ্রাম,সংরক্ষণ ও চাটনি,"বাঙালি কাসুন্দি, ২৫০ গ্রাম, স্কয়ার ব্র্যান্ড",43
prod_02120,স্কয়ার কাসুন্দি ৫ কেজি,সংরক্ষণ ও চাটনি,"বাঙালি কাসুন্দি, ৫ কেজি, স্কয়ার ব্র্যান্ড",732
prod_02121,ড্যানিশ কাসুন্দি ২ কেজি,সংরক্ষণ ও চাটনি,"বাঙালি কাসুন্দি, ২ কেজি, ড্যানিশ ব্র্যান্ড",311
prod_02122,ড্যানিশ কাসুন্দি ৫ কেজি,সংরক্ষণ ও চাটনি,"বাঙালি কাসুন্দি, ৫ কেজি, ড্যানিশ ব্র্যান্ড",725
prod_02123,ড্যানিশ কাসুন্দি ১ কেজি,সংরক্ষণ ও চাটনি,"বাঙালি কাসুন্দি, ১ কেজি, ড্যানিশ ব্র্যান্ড",155
prod_02124,মিল্কভিটা কাসুন্দি ৫০০ গ্রাম,সংরক্ষণ ও চাটনি,"বাঙালি কাসুন্দি, ৫০০ গ্রাম, মিল্কভিটা ব্র্যান্ড",103
prod_02125,মিল্কভিটা কাসুন্দি ২৫০ গ্রাম,সংরক্ষণ ও চাটনি,"বাঙালি কাসুন্দি, ২৫০ গ্রাম, মিল্কভিটা ব্র্যান্ড",44
prod_02126,মিল্কভিটা কাসুন্দি ২ কেজি,সংরক্ষণ ও চাটনি,"বাঙালি কাসুন্দি, ২ কেজি, মিল্কভিটা ব্র্যান্ড",303
prod_02127,ফ্রেশ কাসুন্দি ২৫০ গ্রাম,সংরক্ষণ ও চাটনি,"বাঙালি কাসুন্দি, ২৫০ গ্রাম, ফ্রেশ ব্র্যান্ড",43
prod_02128,ফ্রেশ কাসুন্দি ২ কেজি,সংরক্ষণ ও চাটনি,"বাঙালি কাসুন্দি, ২ কেজি, ফ্রেশ ব্র্যান্ড",307
prod_02129,ফ্রেশ কাসুন্দি ১ কেজি,সংরক্ষণ ও চাটনি,"বাঙালি কাসুন্দি, ১ কেজি, ফ্রেশ ব্র্যান্ড",185
prod_02130,ড্যানিশ ভিনেগার ২৫০ মিলি,রান্নার উপাদান,"সাদা ভিনেগার, ২৫০ মিলি, ড্যানিশ ব্র্যান্ড",32
prod_02131,ড্যানিশ ভিনেগার ১ লিটার,রান্নার উপাদান,"সাদা ভিনেগার, ১ লিটার, ড্যানিশ ব্র্যান্ড",117
prod_02132,ড্যানিশ ভিনেগার ৫ লিটার,রান্নার উপাদান,"সাদা ভিনেগার, ৫ লিটার, ড্যানিশ ব্র্যান্ড",386
prod_02133,মেঘনা ভিনেগার ৫০০ মিলি,রান্নার উপাদান,"সাদা ভিনেগার, ৫০০ মিলি, মেঘনা ব্র্যান্ড",56
prod_02134,মেঘনা ভিনেগার ২ লিটার,রান্নার উপাদান,"সাদা ভিনেগার, ২ লিটার, মেঘনা ব্র্যান্ড",198
prod_02135,মেঘনা ভিনেগার ২৫০ মিলি,রান্নার উপাদান,"সাদা ভিনেগার, ২৫০ মিলি, মেঘনা ব্র্যান্ড",30
prod_02136,আরকু ভিনেগার ৫০০ মিলি,রান্নার উপাদান,"সাদা ভিনেগার, ৫০০ মিলি, আরকু ব্র্যান্ড",55
prod_02137,আরকু ভিনেগার ২ লিটার,রান্নার উপাদান,"সাদা ভিনেগার, ২ লিটার, আরকু ব্র্যান্ড",197
prod_02138,আরকু ভিনেগার ১ লিটার,রান্নার উপাদান,"সাদা ভিনেগার, ১ লিটার, আরকু ব্র্যান্ড",104
prod_02139,বসুন্ধরা ভিনেগার ২ লিটার,রান্নার উপাদান,"সাদা ভিনেগার, ২ লিটার, বসুন্ধরা ব্র্যান্ড",179
prod_02140,বসুন্ধরা ভিনেগার ৫ লিটার,রান্নার উপাদান,"সাদা ভিনেগার, ৫ লিটার, বসুন্ধরা ব্র্যান্ড",393
prod_02141,বসুন্ধরা ভিনেগার ২৫০ মিলি,রান্নার উপাদান,"সাদা ভিনেগার, ২৫০ মিলি, বসুন্ধরা ব্র্যান্ড",29
prod_02142,কাজী ফার্মস ভিনেগার ১ লিটার,রান্নার উপাদান,"সাদা ভিনেগার, ১ লিটার, কাজী ফার্মস ব্র্যান্ড",118
prod_02143,কাজী ফার্মস ভিনেগার ৫০০ মিলি,রান্নার উপাদান,"সাদা ভিনেগার, ৫০০ মিলি, কাজী ফার্মস ব্র্যান্ড",59
prod_02144,কাজী ফার্মস ভিনেগার ৫ লিটার,রান্নার উপাদান,"সাদা ভিনেগার, ৫ লিটার, কাজী ফার্মস ব্র্যান্ড",407
prod_02145,স্কয়ার সয়া সস ২ লিটার,রান্নার উপাদান,"প্রামাণিক সয়া সস, ২ লিটার, স্কয়ার ব্র্যান্ড",424
prod_02146,স্কয়ার সয়া সস ১ লিটার,রান্নার উপাদান,"প্রামাণিক সয়া সস, ১ লিটার, স্কয়ার ব্র্যান্ড",254
prod_02147,স্কয়ার সয়া সস ৫ লিটার,রান্নার উপাদান,"প্রামাণিক সয়া সস, ৫ লিটার, স্কয়ার ব্র্যান্ড",955
prod_02148,কাজী ফার্মস সয়া সস ৫ লিটার,রান্নার উপাদান,"প্রামাণিক সয়া সস, ৫ লিটার, কাজী ফার্মস ব্র্যান্ড",1070
prod_02149,কাজী ফার্মস সয়া সস ১ লিটার,রান্নার উপাদান,"প্রামাণিক সয়া সস, ১ লিটার, কাজী ফার্মস ব্র্যান্ড",249
prod_02150,কাজী ফার্মস সয়া সস ৫০০ মিলি,রান্নার উপাদান,"প্রামাণিক সয়া সস, ৫০০ মিলি, কাজী ফার্মস ব্র্যান্ড",137
prod_02151,অর্গানিক ফার্ম সয়া সস ২৫০ মিলি,রান্নার উপাদান,"প্রামাণিক সয়া সস, ২৫০ মিলি, অর্গানিক ফার্ম ব্র্যান্ড",63
prod_02152,অর্গানিক ফার্ম সয়া সস ১ লিটার,রান্নার উপাদান,"প্রামাণিক সয়া সস, ১ লিটার, অর্গানিক ফার্ম ব্র্যান্ড",233
prod_02153,অর্গানিক ফার্ম সয়া সস ২ লিটার,রান্নার উপাদান,"প্রামাণিক সয়া সস, ২ লিটার, অর্গানিক ফার্ম ব্র্যান্ড",482
prod_02154,মেঘনা সয়া সস ২৫০ মিলি,রান্নার উপাদান,"প্রামাণিক সয়া সস, ২৫০ মিলি, মেঘনা ব্র্যান্ড",66
prod_02155,মেঘনা সয়া সস ১ লিটার,রান্নার উপাদান,"প্রামাণিক সয়া সস, ১ লিটার, মেঘনা ব্র্যান্ড",242
prod_02156,মেঘনা সয়া সস ৫ লিটার,রান্নার উপাদান,"প্রামাণিক সয়া সস, ৫ লিটার, মেঘনা ব্র্যান্ড",1033
prod_02157,ড্যানিশ সয়া সস ১ লিটার,রান্নার উপাদান,"প্রামাণিক সয়া সস, ১ লিটার, ড্যানিশ ব্র্যান্ড",228
prod_02158,ড্যানিশ সয়া সস ৫০০ মিলি,রান্নার উপাদান,"প্রামাণিক সয়া সস, ৫০০ মিলি, ড্যানিশ ব্র্যান্ড",135
prod_02159,ড্যানিশ সয়া সস ২৫০ মিলি,রান্নার উপাদান,"প্রামাণিক সয়া সস, ২৫০ মিলি, ড্যানিশ ব্র্যান্ড",64
prod_02160,মেঘনা নারকেল দুধ ১ লিটার,রান্নার উপাদান,"গাঢ় নারকেল দুধ, ১ লিটার, মেঘনা ব্র্যান্ড",194
prod_02161,মেঘনা নারকেল দুধ ২৫০ মিলি,রান্নার উপাদান,"গাঢ় নারকেল দুধ, ২৫০ মিলি, মেঘনা ব্র্যান্ড",59
prod_02162,মেঘনা নারকেল দুধ ৫ লিটার,রান্নার উপাদান,"গাঢ় নারকেল দুধ, ৫ লিটার, মেঘনা ব্র্যান্ড",806
prod_02163,মিল্কভিটা নারকেল দুধ ১ লিটার,রান্নার উপাদান,"গাঢ় নারকেল দুধ, ১ লিটার, মিল্কভিটা ব্র্যান্ড",197
prod_02164,মিল্কভিটা নারকেল দুধ ২ লিটার,রান্নার উপাদান,"গাঢ় নারকেল দুধ, ২ লিটার, মিল্কভিটা ব্র্যান্ড",380
prod_02165,মিল্কভিটা নারকেল দুধ ২৫০ মিলি,রান্নার উপাদান,"গাঢ় নারকেল দুধ, ২৫০ মিলি, মিল্কভিটা ব্র্যান্ড",57
prod_02166,সুরভি নারকেল দুধ ২৫০ মিলি,রান্নার উপাদান,"গাঢ় নারকেল দুধ, ২৫০ মিলি, সুরভি ব্র্যান্ড",57
prod_02167,সুরভি নারকেল দুধ ১ লিটার,রান্নার উপাদান,"গাঢ় নারকেল দুধ, ১ লিটার, সুরভি ব্র্যান্ড",201
prod_02168,সুরভি নারকেল দুধ ৫ লিটার,রান্নার উপাদান,"গাঢ় নারকেল দুধ, ৫ লিটার, সুরভি ব্র্যান্ড",705
prod_02169,কাজী ফার্মস নারকেল দুধ ২৫০ মিলি,রান্নার উপাদান,"গাঢ় নারকেল দুধ, ২৫০ মিলি, কাজী ফার্মস ব্র্যান্ড",59
prod_02170,কাজী ফার্মস নারকেল দুধ ১ লিটার,রান্নার উপাদান,"গাঢ় নারকেল দুধ, ১ লিটার, কাজী ফার্মস ব্র্যান্ড",195
prod_02171,কাজী ফার্মস নারকেল দুধ ৫০০ মিলি,রান্নার উপাদান,"গাঢ় নারকেল দুধ, ৫০০ মিলি, কাজী ফার্মস ব্র্যান্ড",119
prod_02172,বসুন্ধরা নারকেল দুধ ২৫০ মিলি,রান্নার উপাদান,"গাঢ় নারকেল দুধ, ২৫০ মিলি, বসুন্ধরা ব্র্যান্ড",56
prod_02173,বসুন্ধরা নারকেল দুধ ৫০০ মিলি,রান্নার উপাদান,"গাঢ় নারকেল দুধ, ৫০০ মিলি, বসুন্ধরা ব্র্যান্ড",112
prod_02174,বসুন্ধরা নারকেল দুধ ১ লিটার,রান্নার উপাদান,"গাঢ় নারকেল দুধ, ১ লিটার, বসুন্ধরা ব্র্যান্ড",178
prod_02175,পূর্ণ টমেটো সস ১ লিটার,রান্নার উপাদান,"টমেটো কেচাপ, ১ লিটার, পূর্ণ ব্র্যান্ড",144
prod_02176,পূর্ণ টমেটো সস ৫০০ মিলি,রান্নার উপাদান,"টমেটো কেচাপ, ৫০০ মিলি, পূর্ণ ব্র্যান্ড",75
prod_02177,পূর্ণ টমেটো সস ২ লিটার,রান্নার উপাদান,"টমেটো কেচাপ, ২ লিটার, পূর্ণ ব্র্যান্ড",232
prod_02178,আরকু টমেটো সস ২ লিটার,রান্নার উপাদান,"টমেটো কেচাপ, ২ লিটার, আরকু ব্র্যান্ড",259
prod_02179,আরকু টমেটো সস ৫ লিটার,রান্নার উপাদান,"টমেটো কেচাপ, ৫ লিটার, আরকু ব্র্যান্ড",514
prod_02180,আরকু টমেটো সস ১ লিটার,রান্নার উপাদান,"টমেটো কেচাপ, ১ লিটার, আরকু ব্র্যান্ড",142
prod_02181,ACI টমেটো সস ২ লিটার,রান্নার উপাদান,"টমেটো কেচাপ, ২ লিটার, ACI ব্র্যান্ড",247
prod_02182,ACI টমেটো সস ৫০০ মিলি,রান্নার উপাদান,"টমেটো কেচাপ, ৫০০ মিলি, ACI ব্র্যান্ড",79
prod_02183,ACI টমেটো সস ২৫০ মিলি,রান্নার উপাদান,"টমেটো কেচাপ, ২৫০ মিলি, ACI ব্র্যান্ড",41
prod_02184,আফতাব টমেটো সস ৫ লিটার,রান্নার উপাদান,"টমেটো কেচাপ, ৫ লিটার, আফতাব ব্র্যান্ড",513
prod_02185,আফতাব টমেটো সস ২ লিটার,রান্নার উপাদান,"টমেটো কেচাপ, ২ লিটার, আফতাব ব্র্যান্ড",256
prod_02186,আফতাব টমেটো সস ৫০০ মিলি,রান্নার উপাদান,"টমেটো কেচাপ, ৫০০ মিলি, আফতাব ব্র্যান্ড",84
prod_02187,মিল্কভিটা টমেটো সস ৫০০ মিলি,রান্নার উপাদান,"টমেটো কেচাপ, ৫০০ মিলি, মিল্কভিটা ব্র্যান্ড",80
prod_02188,মিল্কভিটা টমেটো সস ৫ লিটার,রান্নার উপাদান,"টমেটো কেচাপ, ৫ লিটার, মিল্কভিটা ব্র্যান্ড",558
prod_02189,মিল্কভিটা টমেটো সস ২ লিটার,রান্নার উপাদান,"টমেটো কেচাপ, ২ লিটার, মিল্কভিটা ব্র্যান্ড",263
prod_02190,ম্যারিকো মরিচ পেস্ট ২৫০ মিলি,রান্নার উপাদান,"মরিচ পেস্ট, ২৫০ মিলি, ম্যারিকো ব্র্যান্ড",45
prod_02191,ম্যারিকো মরিচ পেস্ট ১ লিটার,রান্নার উপাদান,"মরিচ পেস্ট, ১ লিটার, ম্যারিকো ব্র্যান্ড",185
prod_02192,ম্যারিকো মরিচ পেস্ট ৫০০ মিলি,রান্নার উপাদান,"মরিচ পেস্ট, ৫০০ মিলি, ম্যারিকো ব্র্যান্ড",87
prod_02193,কাজী ফার্মস মরিচ পেস্ট ২ লিটার,রান্নার উপাদান,"মরিচ পেস্ট, ২ লিটার, কাজী ফার্মস ব্র্যান্ড",294
prod_02194,কাজী ফার্মস মরিচ পেস্ট ৫ লিটার,রান্নার উপাদান,"মরিচ পেস্ট, ৫ লিটার, কাজী ফার্মস ব্র্যান্ড",641
prod_02195,কাজী ফার্মস মরিচ পেস্ট ৫০০ মিলি,রান্নার উপাদান,"মরিচ পেস্ট, ৫০০ মিলি, কাজী ফার্মস ব্র্যান্ড",96
prod_02196,আফতাব মরিচ পেস্ট ২৫০ মিলি,রান্নার উপাদান,"মরিচ পেস্ট, ২৫০ মিলি, আফতাব ব্র্যান্ড",52
prod_02197,আফতাব মরিচ পেস্ট ১ লিটার,রান্নার উপাদান,"মরিচ পেস্ট, ১ লিটার, আফতাব ব্র্যান্ড",174
prod_02198,আফতাব মরিচ পেস্ট ৫ লিটার,রান্নার উপাদান,"মরিচ পেস্ট, ৫ লিটার, আফতাব ব্র্যান্ড",730
prod_02199,সুরভি মরিচ পেস্ট ২ লিটার,রান্নার উপাদান,"মরিচ পেস্ট, ২ লিটার, সুরভি ব্র্যান্ড",276
prod_02200,সুরভি মরিচ পেস্ট ৫০০ মিলি,রান্নার উপাদান,"মরিচ পেস্ট, ৫০০ মিলি, সুরভি ব্র্যান্ড",101
prod_02201,সুরভি মরিচ পেস্ট ৫ লিটার,রান্নার উপাদান,"মরিচ পেস্ট, ৫ লিটার, সুরভি ব্র্যান্ড",625
prod_02202,মিল্কভিটা মরিচ পেস্ট ১ লিটার,রান্নার উপাদান,"মরিচ পেস্ট, ১ লিটার, মিল্কভিটা ব্র্যান্ড",183
prod_02203,মিল্কভিটা মরিচ পেস্ট ৫০০ মিলি,রান্নার উপাদান,"মরিচ পেস্ট, ৫০০ মিলি, মিল্কভিটা ব্র্যান্ড",87
prod_02204,মিল্কভিটা মরিচ পেস্ট ৫ লিটার,রান্নার উপাদান,"মরিচ পেস্ট, ৫ লিটার, মিল্কভিটা ব্র্যান্ড",605
prod_02205,অর্গানিক ফার্ম রসুন পেস্ট ২৫০ মিলি,রান্নার উপাদান,"তরল রসুন পেস্ট, ২৫০ মিলি, অর্গানিক ফার্ম ব্র্যান্ড",44
prod_02206,অর্গানিক ফার্ম রসুন পেস্ট ১ লিটার,রান্নার উপাদান,"তরল রসুন পেস্ট, ১ লিটার, অর্গানিক ফার্ম ব্র্যান্ড",156
prod_02207,অর্গানিক ফার্ম রসুন পেস্ট ৫০০ মিলি,রান্নার উপাদান,"তরল রসুন পেস্ট, ৫০০ মিলি, অর্গানিক ফার্ম ব্র্যান্ড",94
prod_02208,তীর রসুন পেস্ট ৫০০ মিলি,রান্নার উপাদান,"তরল রসুন পেস্ট, ৫০০ মিলি, তীর ব্র্যান্ড",90
prod_02209,তীর রসুন পেস্ট ৫ লিটার,রান্নার উপাদান,"তরল রসুন পেস্ট, ৫ লিটার, তীর ব্র্যান্ড",599
prod_02210,তীর রসুন পেস্ট ১ লিটার,রান্নার উপাদান,"তরল রসুন পেস্ট, ১ লিটার, তীর ব্র্যান্ড",161
prod_02211,ACI রসুন পেস্ট ৫০০ মিলি,রান্নার উপাদান,"তরল রসুন পেস্ট, ৫০০ মিলি, ACI ব্র্যান্ড",91
prod_02212,ACI রসুন পেস্ট ২৫০ মিলি,রান্নার উপাদান,"তরল রসুন পেস্ট, ২৫০ মিলি, ACI ব্র্যান্ড",46
prod_02213,ACI রসুন পেস্ট ৫ লিটার,রান্নার উপাদান,"তরল রসুন পেস্ট, ৫ লিটার, ACI ব্র্যান্ড",572
prod_02214,প্রাণ রসুন পেস্ট ৫০০ মিলি,রান্নার উপাদান,"তরল রসুন পেস্ট, ৫০০ মিলি, প্রাণ ব্র্যান্ড",84
prod_02215,প্রাণ রসুন পেস্ট ২৫০ মিলি,রান্নার উপাদান,"তরল রসুন পেস্ট, ২৫০ মিলি, প্রাণ ব্র্যান্ড",46
prod_02216,প্রাণ রসুন পেস্ট ৫ লিটার,রান্নার উপাদান,"তরল রসুন পেস্ট, ৫ লিটার, প্রাণ ব্র্যান্ড",601
prod_02217,স্কয়ার রসুন পেস্ট ২ লিটার,রান্নার উপাদান,"তরল রসুন পেস্ট, ২ লিটার, স্কয়ার ব্র্যান্ড",281
prod_02218,স্কয়ার রসুন পেস্ট ২৫০ মিলি,রান্নার উপাদান,"তরল রসুন পেস্ট, ২৫০ মিলি, স্কয়ার ব্র্যান্ড",42
prod_02219,স্কয়ার রসুন পেস্ট ৫ লিটার,রান্নার উপাদান,"তরল রসুন পেস্ট, ৫ লিটার, স্কয়ার ব্র্যান্ড",674
prod_02220,মেঘনা আদা পেস্ট ৫০০ মিলি,রান্নার উপাদান,"তাজা আদা পেস্ট, ৫০০ মিলি, মেঘনা ব্র্যান্ড",93
prod_02221,মেঘনা আদা পেস্ট ২ লিটার,রান্নার উপাদান,"তাজা আদা পেস্ট, ২ লিটার, মেঘনা ব্র্যান্ড",250
prod_02222,মেঘনা আদা পেস্ট ১ লিটার,রান্নার উপাদান,"তাজা আদা পেস্ট, ১ লিটার, মেঘনা ব্র্যান্ড",147
prod_02223,ফ্রেশ আদা পেস্ট ৫ লিটার,রান্নার উপাদান,"তাজা আদা পেস্ট, ৫ লিটার, ফ্রেশ ব্র্যান্ড",559
prod_02224,ফ্রেশ আদা পেস্ট ২৫০ মিলি,রান্নার উপাদান,"তাজা আদা পেস্ট, ২৫০ মিলি, ফ্রেশ ব্র্যান্ড",46
prod_02225,ফ্রেশ আদা পেস্ট ২ লিটার,রান্নার উপাদান,"তাজা আদা পেস্ট, ২ লিটার, ফ্রেশ ব্র্যান্ড",275
prod_02226,প্রাণ আদা পেস্ট ২৫০ মিলি,রান্নার উপাদান,"তাজা আদা পেস্ট, ২৫০ মিলি, প্রাণ ব্র্যান্ড",46
prod_02227,প্রাণ আদা পেস্ট ৫ লিটার,রান্নার উপাদান,"তাজা আদা পেস্ট, ৫ লিটার, প্রাণ ব্র্যান্ড",571
prod_02228,প্রাণ আদা পেস্ট ২ লিটার,রান্নার উপাদান,"তাজা আদা পেস্ট, ২ লিটার, প্রাণ ব্র্যান্ড",271
prod_02229,ACI আদা পেস্ট ৫০০ মিলি,রান্নার উপাদান,"তাজা আদা পেস্ট, ৫০০ মিলি, ACI ব্র্যান্ড",88
prod_02230,ACI আদা পেস্ট ২৫০ মিলি,রান্নার উপাদান,"তাজা আদা পেস্ট, ২৫০ মিলি, ACI ব্র্যান্ড",41
prod_02231,ACI আদা পেস্ট ৫ লিটার,রান্নার উপাদান,"তাজা আদা পেস্ট, ৫ লিটার, ACI ব্র্যান্ড",571
prod_02232,পূর্ণ আদা পেস্ট ৫ লিটার,রান্নার উপাদান,"তাজা আদা পেস্ট, ৫ লিটার, পূর্ণ ব্র্যান্ড",609
prod_02233,পূর্ণ আদা পেস্ট ১ লিটার,রান্নার উপাদান,"তাজা আদা পেস্ট, ১ লিটার, পূর্ণ ব্র্যান্ড",164
prod_02234,পূর্ণ আদা পেস্ট ২৫০ মিলি,রান্নার উপাদান,"তাজা আদা পেস্ট, ২৫০ মিলি, পূর্ণ ব্র্যান্ড",45
prod_02235,প্রাণ বেকিং পাউডার ১ লিটার,রান্নার উপাদান,"বেকিং পাউডার, ১ লিটার, প্রাণ ব্র্যান্ড",83
prod_02236,প্রাণ বেকিং পাউডার ২ লিটার,রান্নার উপাদান,"বেকিং পাউডার, ২ লিটার, প্রাণ ব্র্যান্ড",167
prod_02237,প্রাণ বেকিং পাউডার ৫ লিটার,রান্নার উপাদান,"বেকিং পাউডার, ৫ লিটার, প্রাণ ব্র্যান্ড",351
prod_02238,কাজী ফার্মস বেকিং পাউডার ৫ লিটার,রান্নার উপাদান,"বেকিং পাউডার, ৫ লিটার, কাজী ফার্মস ব্র্যান্ড",331
prod_02239,কাজী ফার্মস বেকিং পাউডার ৫০০ মিলি,রান্নার উপাদান,"বেকিং পাউডার, ৫০০ মিলি, কাজী ফার্মস ব্র্যান্ড",46
prod_02240,কাজী ফার্মস বেকিং পাউডার ২ লিটার,রান্নার উপাদান,"বেকিং পাউডার, ২ লিটার, কাজী ফার্মস ব্র্যান্ড",175
prod_02241,বসুন্ধরা বেকিং পাউডার ৫ লিটার,রান্নার উপাদান,"বেকিং পাউডার, ৫ লিটার, বসুন্ধরা ব্র্যান্ড",352
prod_02242,বসুন্ধরা বেকিং পাউডার ১ লিটার,রান্নার উপাদান,"বেকিং পাউডার, ১ লিটার, বসুন্ধরা ব্র্যান্ড",84
prod_02243,বসুন্ধরা বেকিং পাউডার ৫০০ মিলি,রান্নার উপাদান,"বেকিং পাউডার, ৫০০ মিলি, বসুন্ধরা ব্র্যান্ড",46
prod_02244,সুরভি বেকিং পাউডার ৫ লিটার,রান্নার উপাদান,"বেকিং পাউডার, ৫ লিটার, সুরভি ব্র্যান্ড",336
prod_02245,সুরভি বেকিং পাউডার ৫০০ মিলি,রান্নার উপাদান,"বেকিং পাউডার, ৫০০ মিলি, সুরভি ব্র্যান্ড",52
prod_02246,সুরভি বেকিং পাউডার ২৫০ মিলি,রান্নার উপাদান,"বেকিং পাউডার, ২৫০ মিলি, সুরভি ব্র্যান্ড",25
prod_02247,তীর বেকিং পাউডার ৫০০ মিলি,রান্নার উপাদান,"বেকিং পাউডার, ৫০০ মিলি, তীর ব্র্যান্ড",51
prod_02248,তীর বেকিং পাউডার ২ লিটার,রান্নার উপাদান,"বেকিং পাউডার, ২ লিটার, তীর ব্র্যান্ড",162
prod_02249,তীর বেকিং পাউডার ২৫০ মিলি,রান্নার উপাদান,"বেকিং পাউডার, ২৫০ মিলি, তীর ব্র্যান্ড",23
prod_02250,রাধুনী ইস্ট ১ লিটার,রান্নার উপাদান,"ড্রাই ইস্ট, ১ লিটার, রাধুনী ব্র্যান্ড",97
prod_02251,রাধুনী ইস্ট ৫০০ মিলি,রান্নার উপাদান,"ড্রাই ইস্ট, ৫০০ মিলি, রাধুনী ব্র্যান্ড",57
prod_02252,রাধুনী ইস্ট ৫ লিটার,রান্নার উপাদান,"ড্রাই ইস্ট, ৫ লিটার, রাধুনী ব্র্যান্ড",459
prod_02253,কাজী ফার্মস ইস্ট ২ লিটার,রান্নার উপাদান,"ড্রাই ইস্ট, ২ লিটার, কাজী ফার্মস ব্র্যান্ড",201
prod_02254,কাজী ফার্মস ইস্ট ১ লিটার,রান্নার উপাদান,"ড্রাই ইস্ট, ১ লিটার, কাজী ফার্মস ব্র্যান্ড",114
prod_02255,কাজী ফার্মস ইস্ট ৫০০ মিলি,রান্নার উপাদান,"ড্রাই ইস্ট, ৫০০ মিলি, কাজী ফার্মস ব্র্যান্ড",61
prod_02256,মিল্কভিটা ইস্ট ১ লিটার,রান্নার উপাদান,"ড্রাই ইস্ট, ১ লিটার, মিল্কভিটা ব্র্যান্ড",99
prod_02257,মিল্কভিটা ইস্ট ৫০০ মিলি,রান্নার উপাদান,"ড্রাই ইস্ট, ৫০০ মিলি, মিল্কভিটা ব্র্যান্ড",56
prod_02258,মিল্কভিটা ইস্ট ২৫০ মিলি,রান্নার উপাদান,"ড্রাই ইস্ট, ২৫০ মিলি, মিল্কভিটা ব্র্যান্ড",31
prod_02259,ফ্রেশ ইস্ট ৫ লিটার,রান্নার উপাদান,"ড্রাই ইস্ট, ৫ লিটার, ফ্রেশ ব্র্যান্ড",425
prod_02260,ফ্রেশ ইস্ট ১ লিটার,রান্নার উপাদান,"ড্রাই ইস্ট, ১ লিটার, ফ্রেশ ব্র্যান্ড",102
prod_02261,ফ্রেশ ইস্ট ২ লিটার,রান্নার উপাদান,"ড্রাই ইস্ট, ২ লিটার, ফ্রেশ ব্র্যান্ড",181
prod_02262,ইস্পাহানি ইস্ট ২৫০ মিলি,রান্নার উপাদান,"ড্রাই ইস্ট, ২৫০ মিলি, ইস্পাহানি ব্র্যান্ড",31
prod_02263,ইস্পাহানি ইস্ট ১ লিটার,রান্নার উপাদান,"ড্রাই ইস্ট, ১ লিটার, ইস্পাহানি ব্র্যান্ড",107
prod_02264,ইস্পাহানি ইস্ট ৫ লিটার,রান্নার উপাদান,"ড্রাই ইস্ট, ৫ লিটার, ইস্পাহানি ব্র্যান্ড",420
prod_02265,অর্গানিক ফার্ম কর্নফ্লাওয়ার ২ লিটার,রান্নার উপাদান,"কর্নফ্লাওয়ার, ২ লিটার, অর্গানিক ফার্ম ব্র্যান্ড",208
prod_02266,অর্গানিক ফার্ম কর্নফ্লাওয়ার ৫ লিটার,রান্নার উপাদান,"কর্নফ্লাওয়ার, ৫ লিটার, অর্গানিক ফার্ম ব্র্যান্ড",463
prod_02267,অর্গানিক ফার্ম কর্নফ্লাওয়ার ২৫০ মিলি,রান্নার উপাদান,"কর্নফ্লাওয়ার, ২৫০ মিলি, অর্গানিক ফার্ম ব্র্যান্ড",34
prod_02268,রূপচাঁদা কর্নফ্লাওয়ার ২৫০ মিলি,রান্নার উপাদান,"কর্নফ্লাওয়ার, ২৫০ মিলি, রূপচাঁদা ব্র্যান্ড",33
prod_02269,রূপচাঁদা কর্নফ্লাওয়ার ১ লিটার,রান্নার উপাদান,"কর্নফ্লাওয়ার, ১ লিটার, রূপচাঁদা ব্র্যান্ড",130
prod_02270,রূপচাঁদা কর্নফ্লাওয়ার ৫০০ মিলি,রান্নার উপাদান,"কর্নফ্লাওয়ার, ৫০০ মিলি, রূপচাঁদা ব্র্যান্ড",65
prod_02271,মেঘনা কর্নফ্লাওয়ার ৫০০ মিলি,রান্নার উপাদান,"কর্নফ্লাওয়ার, ৫০০ মিলি, মেঘনা ব্র্যান্ড",75
prod_02272,মেঘনা কর্নফ্লাওয়ার ২৫০ মিলি,রান্নার উপাদান,"কর্নফ্লাওয়ার, ২৫০ মিলি, মেঘনা ব্র্যান্ড",38
prod_02273,মেঘনা কর্নফ্লাওয়ার ২ লিটার,রান্নার উপাদান,"কর্নফ্লাওয়ার, ২ লিটার, মেঘনা ব্র্যান্ড",240
prod_02274,ইস্পাহানি কর্নফ্লাওয়ার ২ লিটার,রান্নার উপাদান,"কর্নফ্লাওয়ার, ২ লিটার, ইস্পাহানি ব্র্যান্ড",241
prod_02275,ইস্পাহানি কর্নফ্লাওয়ার ১ লিটার,রান্নার উপাদান,"কর্নফ্লাওয়ার, ১ লিটার, ইস্পাহানি ব্র্যান্ড",124
prod_02276,ইস্পাহানি কর্নফ্লাওয়ার ৫০০ মিলি,রান্নার উপাদান,"কর্নফ্লাওয়ার, ৫০০ মিলি, ইস্পাহানি ব্র্যান্ড",73
prod_02277,পূর্ণ কর্নফ্লাওয়ার ৫ লিটার,রান্নার উপাদান,"কর্নফ্লাওয়ার, ৫ লিটার, পূর্ণ ব্র্যান্ড",471
prod_02278,পূর্ণ কর্নফ্লাওয়ার ২ লিটার,রান্নার উপাদান,"কর্নফ্লাওয়ার, ২ লিটার, পূর্ণ ব্র্যান্ড",228
prod_02279,পূর্ণ কর্নফ্লাওয়ার ১ লিটার,রান্নার উপাদান,"কর্নফ্লাওয়ার, ১ লিটার, পূর্ণ ব্র্যান্ড",132
prod_02280,অর্গানিক ফার্ম চিকেন স্টক ২ লিটার,স্টক ও সস,"মুরগির স্টক, ২ লিটার, অর্গানিক ফার্ম ব্র্যান্ড",757
prod_02281,অর্গানিক ফার্ম চিকেন স্টক ৫ লিটার,স্টক ও সস,"মুরগির স্টক, ৫ লিটার, অর্গানিক ফার্ম ব্র্যান্ড",1461
prod_02282,অর্গানিক ফার্ম চিকেন স্টক ২৫০ মিলি,স্টক ও সস,"মুরগির স্টক, ২৫০ মিলি, অর্গানিক ফার্ম ব্র্যান্ড",110
prod_02283,কাজী ফার্মস চিকেন স্টক ২৫০ মিলি,স্টক ও সস,"মুরগির স্টক, ২৫০ মিলি, কাজী ফার্মস ব্র্যান্ড",115
prod_02284,কাজী ফার্মস চিকেন স্টক ২ লিটার,স্টক ও সস,"মুরগির স্টক, ২ লিটার, কাজী ফার্মস ব্র্যান্ড",769
prod_02285,কাজী ফার্মস চিকেন স্টক ১ লিটার,স্টক ও সস,"মুরগির স্টক, ১ লিটার, কাজী ফার্মস ব্র্যান্ড",371
prod_02286,আফতাব চিকেন স্টক ২ লিটার,স্টক ও সস,"মুরগির স্টক, ২ লিটার, আফতাব ব্র্যান্ড",742
prod_02287,আফতাব চিকেন স্টক ৫ লিটার,স্টক ও সস,"মুরগির স্টক, ৫ লিটার, আফতাব ব্র্যান্ড",1474
prod_02288,আফতাব চিকেন স্টক ৫০০ মিলি,স্টক ও সস,"মুরগির স্টক, ৫০০ মিলি, আফতাব ব্র্যান্ড",205
prod_02289,আরকু চিকেন স্টক ১ লিটার,স্টক ও সস,"মুরগির স্টক, ১ লিটার, আরকু ব্র্যান্ড",397
prod_02290,আরকু চিকেন স্টক ২৫০ মিলি,স্টক ও সস,"মুরগির স্টক, ২৫০ মিলি, আরকু ব্র্যান্ড",102
prod_02291,আরকু চিকেন স্টক ৫ লিটার,স্টক ও সস,"মুরগির স্টক, ৫ লিটার, আরকু ব্র্যান্ড",1641
prod_02292,ফ্রেশ চিকেন স্টক ২ লিটার,স্টক ও সস,"মুরগির স্টক, ২ লিটার, ফ্রেশ ব্র্যান্ড",704
prod_02293,ফ্রেশ চিকেন স্টক ২৫০ মিলি,স্টক ও সস,"মুরগির স্টক, ২৫০ মিলি, ফ্রেশ ব্র্যান্ড",102
prod_02294,ফ্রেশ চিকেন স্টক ১ লিটার,স্টক ও সস,"মুরগির স্টক, ১ লিটার, ফ্রেশ ব্র্যান্ড",402
prod_02295,কাজী ফার্মস ভ্যাজিটেবল স্টক ২ লিটার,স্টক ও সস,"শাকসবজির স্টক, ২ লিটার, কাজী ফার্মস ব্র্যান্ড",570
prod_02296,কাজী ফার্মস ভ্যাজিটেবল স্টক ২৫০ মিলি,স্টক ও সস,"শাকসবজির স্টক, ২৫০ মিলি, কাজী ফার্মস ব্র্যান্ড",97
prod_02297,কাজী ফার্মস ভ্যাজিটেবল স্টক ৫ লিটার,স্টক ও সস,"শাকসবজির স্টক, ৫ লিটার, কাজী ফার্মস ব্র্যান্ড",1359
prod_02298,তীর ভ্যাজিটেবল স্টক ২ লিটার,স্টক ও সস,"শাকসবজির স্টক, ২ লিটার, তীর ব্র্যান্ড",555
prod_02299,তীর ভ্যাজিটেবল স্টক ২৫০ মিলি,স্টক ও সস,"শাকসবজির স্টক, ২৫০ মিলি, তীর ব্র্যান্ড",92
prod_02300,তীর ভ্যাজিটেবল স্টক ৫০০ মিলি,স্টক ও সস,"শাকসবজির স্টক, ৫০০ মিলি, তীর ব্র্যান্ড",187
prod_02301,পূর্ণ ভ্যাজিটেবল স্টক ৫০০ মিলি,স্টক ও সস,"শাকসবজির স্টক, ৫০০ মিলি, পূর্ণ ব্র্যান্ড",166
prod_02302,পূর্ণ ভ্যাজিটেবল স্টক ২৫০ মিলি,স্টক ও সস,"শাকসবজির স্টক, ২৫০ মিলি, পূর্ণ ব্র্যান্ড",89
prod_02303,পূর্ণ ভ্যাজিটেবল স্টক ২ লিটার,স্টক ও সস,"শাকসবজির স্টক, ২ লিটার, পূর্ণ ব্র্যান্ড",560
prod_02304,ড্যানিশ ভ্যাজিটেবল স্টক ৫ লিটার,স্টক ও সস,"শাকসবজির স্টক, ৫ লিটার, ড্যানিশ ব্র্যান্ড",1333
prod_02305,ড্যানিশ ভ্যাজিটেবল স্টক ২ লিটার,স্টক ও সস,"শাকসবজির স্টক, ২ লিটার, ড্যানিশ ব্র্যান্ড",577
prod_02306,ড্যানিশ ভ্যাজিটেবল স্টক ১ লিটার,স্টক ও সস,"শাকসবজির স্টক, ১ লিটার, ড্যানিশ ব্র্যান্ড",353
prod_02307,স্কয়ার ভ্যাজিটেবল স্টক ২ লিটার,স্টক ও সস,"শাকসবজির স্টক, ২ লিটার, স্কয়ার ব্র্যান্ড",606
prod_02308,স্কয়ার ভ্যাজিটেবল স্টক ৫ লিটার,স্টক ও সস,"শাকসবজির স্টক, ৫ লিটার, স্কয়ার ব্র্যান্ড",1363
prod_02309,স্কয়ার ভ্যাজিটেবল স্টক ২৫০ মিলি,স্টক ও সস,"শাকসবজির স্টক, ২৫০ মিলি, স্কয়ার ব্র্যান্ড",91
prod_02310,তীর মাংস স্টক ২ লিটার,স্টক ও সস,"গরুর মাংসের স্টক, ২ লিটার, তীর ব্র্যান্ড",836
prod_02311,তীর মাংস স্টক ১ লিটার,স্টক ও সস,"গরুর মাংসের স্টক, ১ লিটার, তীর ব্র্যান্ড",491
prod_02312,তীর মাংস স্টক ৫০০ মিলি,স্টক ও সস,"গরুর মাংসের স্টক, ৫০০ মিলি, তীর ব্র্যান্ড",239
prod_02313,ইস্পাহানি মাংস স্টক ৫০০ মিলি,স্টক ও সস,"গরুর মাংসের স্টক, ৫০০ মিলি, ইস্পাহানি ব্র্যান্ড",273
prod_02314,ইস্পাহানি মাংস স্টক ২৫০ মিলি,স্টক ও সস,"গরুর মাংসের স্টক, ২৫০ মিলি, ইস্পাহানি ব্র্যান্ড",112
prod_02315,ইস্পাহানি মাংস স্টক ২ লিটার,স্টক ও সস,"গরুর মাংসের স্টক, ২ লিটার, ইস্পাহানি ব্র্যান্ড",842
prod_02316,অর্গানিক ফার্ম মাংস স্টক ২৫০ মিলি,স্টক ও সস,"গরুর মাংসের স্টক, ২৫০ মিলি, অর্গানিক ফার্ম ব্র্যান্ড",133
prod_02317,অর্গানিক ফার্ম মাংস স্টক ২ লিটার,স্টক ও সস,"গরুর মাংসের স্টক, ২ লিটার, অর্গানিক ফার্ম ব্র্যান্ড",806
prod_02318,অর্গানিক ফার্ম মাংস স্টক ৫০০ মিলি,স্টক ও সস,"গরুর মাংসের স্টক, ৫০০ মিলি, অর্গানিক ফার্ম ব্র্যান্ড",225
prod_02319,মিল্কভিটা মাংস স্টক ২ লিটার,স্টক ও সস,"গরুর মাংসের স্টক, ২ লিটার, মিল্কভিটা ব্র্যান্ড",814
prod_02320,মিল্কভিটা মাংস স্টক ৫০০ মিলি,স্টক ও সস,"গরুর মাংসের স্টক, ৫০০ মিলি, মিল্কভিটা ব্র্যান্ড",248
prod_02321,মিল্কভিটা মাংস স্টক ২৫০ মিলি,স্টক ও সস,"গরুর মাংসের স্টক, ২৫০ মিলি, মিল্কভিটা ব্র্যান্ড",122
prod_02322,আরকু মাংস স্টক ২৫০ মিলি,স্টক ও সস,"গরুর মাংসের স্টক, ২৫০ মিলি, আরকু ব্র্যান্ড",134
prod_02323,আরকু মাংস স্টক ৫ লিটার,স্টক ও সস,"গরুর মাংসের স্টক, ৫ লিটার, আরকু ব্র্যান্ড",1672
prod_02324,আরকু মাংস স্টক ২ লিটার,স্টক ও সস,"গরুর মাংসের স্টক, ২ লিটার, আরকু ব্র্যান্ড",820
prod_02325,ম্যারিকো ফিশ সস ১ লিটার,স্টক ও সস,"মাছের সস, ১ লিটার, ম্যারিকো ব্র্যান্ড",250
prod_02326,ম্যারিকো ফিশ সস ২৫০ মিলি,স্টক ও সস,"মাছের সস, ২৫০ মিলি, ম্যারিকো ব্র্যান্ড",67
prod_02327,ম্যারিকো ফিশ সস ২ লিটার,স্টক ও সস,"মাছের সস, ২ লিটার, ম্যারিকো ব্র্যান্ড",444
prod_02328,আরকু ফিশ সস ১ লিটার,স্টক ও সস,"মাছের সস, ১ লিটার, আরকু ব্র্যান্ড",212
prod_02329,আরকু ফিশ সস ৫ লিটার,স্টক ও সস,"মাছের সস, ৫ লিটার, আরকু ব্র্যান্ড",894
prod_02330,আরকু ফিশ সস ২৫০ মিলি,স্টক ও সস,"মাছের সস, ২৫০ মিলি, আরকু ব্র্যান্ড",60
prod_02331,ইস্পাহানি ফিশ সস ১ লিটার,স্টক ও সস,"মাছের সস, ১ লিটার, ইস্পাহানি ব্র্যান্ড",245
prod_02332,ইস্পাহানি ফিশ সস ৫০০ মিলি,স্টক ও সস,"মাছের সস, ৫০০ মিলি, ইস্পাহানি ব্র্যান্ড",126
prod_02333,ইস্পাহানি ফিশ সস ২ লিটার,স্টক ও সস,"মাছের সস, ২ লিটার, ইস্পাহানি ব্র্যান্ড",377
prod_02334,তীর ফিশ সস ১ লিটার,স্টক ও সস,"মাছের সস, ১ লিটার, তীর ব্র্যান্ড",252
prod_02335,তীর ফিশ সস ৫ লিটার,স্টক ও সস,"মাছের সস, ৫ লিটার, তীর ব্র্যান্ড",968
prod_02336,তীর ফিশ সস ৫০০ মিলি,স্টক ও সস,"মাছের সস, ৫০০ মিলি, তীর ব্র্যান্ড",136
prod_02337,মিল্কভিটা ফিশ সস ৫ লিটার,স্টক ও সস,"মাছের সস, ৫ লিটার, মিল্কভিটা ব্র্যান্ড",904
prod_02338,মিল্কভিটা ফিশ সস ২৫০ মিলি,স্টক ও সস,"মাছের সস, ২৫০ মিলি, মিল্কভিটা ব্র্যান্ড",60
prod_02339,মিল্কভিটা ফিশ সস ৫০০ মিলি,স্টক ও সস,"মাছের সস, ৫০০ মিলি, মিল্কভিটা ব্র্যান্ড",139
prod_02340,স্কয়ার ওয়েস্টার সস ৫০০ মিলি,স্টক ও সস,"ওয়েস্টার সস, ৫০০ মিলি, স্কয়ার ব্র্যান্ড",162
prod_02341,স্কয়ার ওয়েস্টার সস ২৫০ মিলি,স্টক ও সস,"ওয়েস্টার সস, ২৫০ মিলি, স্কয়ার ব্র্যান্ড",87
prod_02342,স্কয়ার ওয়েস্টার সস ২ লিটার,স্টক ও সস,"ওয়েস্টার সস, ২ লিটার, স্কয়ার ব্র্যান্ড",514
prod_02343,আফতাব ওয়েস্টার সস ২৫০ মিলি,স্টক ও সস,"ওয়েস্টার সস, ২৫০ মিলি, আফতাব ব্র্যান্ড",83
prod_02344,আফতাব ওয়েস্টার সস ২ লিটার,স্টক ও সস,"ওয়েস্টার সস, ২ লিটার, আফতাব ব্র্যান্ড",556
prod_02345,আফতাব ওয়েস্টার সস ১ লিটার,স্টক ও সস,"ওয়েস্টার সস, ১ লিটার, আফতাব ব্র্যান্ড",316
prod_02346,ড্যানিশ ওয়েস্টার সস ১ লিটার,স্টক ও সস,"ওয়েস্টার সস, ১ লিটার, ড্যানিশ ব্র্যান্ড",308
prod_02347,ড্যানিশ ওয়েস্টার সস ২ লিটার,স্টক ও সস,"ওয়েস্টার সস, ২ লিটার, ড্যানিশ ব্র্যান্ড",487
prod_02348,ড্যানিশ ওয়েস্টার সস ৫ লিটার,স্টক ও সস,"ওয়েস্টার সস, ৫ লিটার, ড্যানিশ ব্র্যান্ড",1136
prod_02349,মিল্কভিটা ওয়েস্টার সস ৫ লিটার,স্টক ও সস,"ওয়েস্টার সস, ৫ লিটার, মিল্কভিটা ব্র্যান্ড",1145
prod_02350,মিল্কভিটা ওয়েস্টার সস ১ লিটার,স্টক ও সস,"ওয়েস্টার সস, ১ লিটার, মিল্কভিটা ব্র্যান্ড",287
prod_02351,মিল্কভিটা ওয়েস্টার সস ২৫০ মিলি,স্টক ও সস,"ওয়েস্টার সস, ২৫০ মিলি, মিল্কভিটা ব্র্যান্ড",83
prod_02352,ম্যারিকো ওয়েস্টার সস ২ লিটার,স্টক ও সস,"ওয়েস্টার সস, ২ লিটার, ম্যারিকো ব্র্যান্ড",551
prod_02353,ম্যারিকো ওয়েস্টার সস ৫ লিটার,স্টক ও সস,"ওয়েস্টার সস, ৫ লিটার, ম্যারিকো ব্র্যান্ড",1060
prod_02354,ম্যারিকো ওয়েস্টার সস ২৫০ মিলি,স্টক ও সস,"ওয়েস্টার সস, ২৫০ মিলি, ম্যারিকো ব্র্যান্ড",76
prod_02355,ম্যারিকো হট সস ২৫০ মিলি,স্টক ও সস,"হট চিলি সস, ২৫০ মিলি, ম্যারিকো ব্র্যান্ড",54
prod_02356,ম্যারিকো হট সস ৫০০ মিলি,স্টক ও সস,"হট চিলি সস, ৫০০ মিলি, ম্যারিকো ব্র্যান্ড",98
prod_02357,ম্যারিকো হট সস ১ লিটার,স্টক ও সস,"হট চিলি সস, ১ লিটার, ম্যারিকো ব্র্যান্ড",174
prod_02358,প্রাণ হট সস ৫ লিটার,স্টক ও সস,"হট চিলি সস, ৫ লিটার, প্রাণ ব্র্যান্ড",719
prod_02359,প্রাণ হট সস ৫০০ মিলি,স্টক ও সস,"হট চিলি সস, ৫০০ মিলি, প্রাণ ব্র্যান্ড",103
prod_02360,প্রাণ হট সস ২৫০ মিলি,স্টক ও সস,"হট চিলি সস, ২৫০ মিলি, প্রাণ ব্র্যান্ড",47
prod_02361,ফ্রেশ হট সস ২৫০ মিলি,স্টক ও সস,"হট চিলি সস, ২৫০ মিলি, ফ্রেশ ব্র্যান্ড",50
prod_02362,ফ্রেশ হট সস ১ লিটার,স্টক ও সস,"হট চিলি সস, ১ লিটার, ফ্রেশ ব্র্যান্ড",173
prod_02363,ফ্রেশ হট সস ৫০০ মিলি,স্টক ও সস,"হট চিলি সস, ৫০০ মিলি, ফ্রেশ ব্র্যান্ড",90
prod_02364,মিল্কভিটা হট সস ১ লিটার,স্টক ও সস,"হট চিলি সস, ১ লিটার, মিল্কভিটা ব্র্যান্ড",188
prod_02365,মিল্কভিটা হট সস ৫ লিটার,স্টক ও সস,"হট চিলি সস, ৫ লিটার, মিল্কভিটা ব্র্যান্ড",716
prod_02366,মিল্কভিটা হট সস ৫০০ মিলি,স্টক ও সস,"হট চিলি সস, ৫০০ মিলি, মিল্কভিটা ব্র্যান্ড",90
prod_02367,ইগলু হট সস ৫০০ মিলি,স্টক ও সস,"হট চিলি সস, ৫০০ মিলি, ইগলু ব্র্যান্ড",106
prod_02368,ইগলু হট সস ৫ লিটার,স্টক ও সস,"হট চিলি সস, ৫ লিটার, ইগলু ব্র্যান্ড",759
prod_02369,ইগলু হট সস ২ লিটার,স্টক ও সস,"হট চিলি সস, ২ লিটার, ইগলু ব্র্যান্ড",318
prod_02370,রূপচাঁদা মেয়োনেজ ২ লিটার,স্টক ও সস,"ক্রিমি মেয়োনেজ, ২ লিটার, রূপচাঁদা ব্র্যান্ড",405
prod_02371,রূপচাঁদা মেয়োনেজ ১ লিটার,স্টক ও সস,"ক্রিমি মেয়োনেজ, ১ লিটার, রূপচাঁদা ব্র্যান্ড",212
prod_02372,রূপচাঁদা মেয়োনেজ ৫০০ মিলি,স্টক ও সস,"ক্রিমি মেয়োনেজ, ৫০০ মিলি, রূপচাঁদা ব্র্যান্ড",125
prod_02373,আরকু মেয়োনেজ ৫ লিটার,স্টক ও সস,"ক্রিমি মেয়োনেজ, ৫ লিটার, আরকু ব্র্যান্ড",877
prod_02374,আরকু মেয়োনেজ ১ লিটার,স্টক ও সস,"ক্রিমি মেয়োনেজ, ১ লিটার, আরকু ব্র্যান্ড",208
prod_02375,আরকু মেয়োনেজ ২ লিটার,স্টক ও সস,"ক্রিমি মেয়োনেজ, ২ লিটার, আরকু ব্র্যান্ড",386
prod_02376,তীর মেয়োনেজ ৫০০ মিলি,স্টক ও সস,"ক্রিমি মেয়োনেজ, ৫০০ মিলি, তীর ব্র্যান্ড",109
prod_02377,তীর মেয়োনেজ ১ লিটার,স্টক ও সস,"ক্রিমি মেয়োনেজ, ১ লিটার, তীর ব্র্যান্ড",200
prod_02378,তীর মেয়োনেজ ৫ লিটার,স্টক ও সস,"ক্রিমি মেয়োনেজ, ৫ লিটার, তীর ব্র্যান্ড",897
prod_02379,অর্গানিক ফার্ম মেয়োনেজ ১ লিটার,স্টক ও সস,"ক্রিমি মেয়োনেজ, ১ লিটার, অর্গানিক ফার্ম ব্র্যান্ড",217
prod_02380,অর্গানিক ফার্ম মেয়োনেজ ২ লিটার,স্টক ও সস,"ক্রিমি মেয়োনেজ, ২ লিটার, অর্গানিক ফার্ম ব্র্যান্ড",358
prod_02381,অর্গানিক ফার্ম মেয়োনেজ ৫ লিটার,স্টক ও সস,"ক্রিমি মেয়োনেজ, ৫ লিটার, অর্গানিক ফার্ম ব্র্যান্ড",857
prod_02382,কাজী ফার্মস মেয়োনেজ ৫০০ মিলি,স্টক ও সস,"ক্রিমি মেয়োনেজ, ৫০০ মিলি, কাজী ফার্মস ব্র্যান্ড",124
prod_02383,কাজী ফার্মস মেয়োনেজ ২৫০ মিলি,স্টক ও সস,"ক্রিমি মেয়োনেজ, ২৫০ মিলি, কাজী ফার্মস ব্র্যান্ড",57
prod_02384,কাজী ফার্মস মেয়োনেজ ৫ লিটার,স্টক ও সস,"ক্রিমি মেয়োনেজ, ৫ লিটার, কাজী ফার্মস ব্র্যান্ড",761
prod_02385,ড্যানিশ মাস্টার্ড সস ২ লিটার,স্টক ও সস,"মাস্টার্ড সস, ২ লিটার, ড্যানিশ ব্র্যান্ড",353
prod_02386,ড্যানিশ মাস্টার্ড সস ১ লিটার,স্টক ও সস,"মাস্টার্ড সস, ১ লিটার, ড্যানিশ ব্র্যান্ড",185
prod_02387,ড্যানিশ মাস্টার্ড সস ২৫০ মিলি,স্টক ও সস,"মাস্টার্ড সস, ২৫০ মিলি, ড্যানিশ ব্র্যান্ড",53
prod_02388,রাধুনী মাস্টার্ড সস ২৫০ মিলি,স্টক ও সস,"মাস্টার্ড সস, ২৫০ মিলি, রাধুনী ব্র্যান্ড",54
prod_02389,রাধুনী মাস্টার্ড সস ৫০০ মিলি,স্টক ও সস,"মাস্টার্ড সস, ৫০০ মিলি, রাধুনী ব্র্যান্ড",99
prod_02390,রাধুনী মাস্টার্ড সস ৫ লিটার,স্টক ও সস,"মাস্টার্ড সস, ৫ লিটার, রাধুনী ব্র্যান্ড",767
prod_02391,রূপচাঁদা মাস্টার্ড সস ৫ লিটার,স্টক ও সস,"মাস্টার্ড সস, ৫ লিটার, রূপচাঁদা ব্র্যান্ড",745
prod_02392,রূপচাঁদা মাস্টার্ড সস ৫০০ মিলি,স্টক ও সস,"মাস্টার্ড সস, ৫০০ মিলি, রূপচাঁদা ব্র্যান্ড",109
prod_02393,রূপচাঁদা মাস্টার্ড সস ২৫০ মিলি,স্টক ও সস,"মাস্টার্ড সস, ২৫০ মিলি, রূপচাঁদা ব্র্যান্ড",59
prod_02394,সুরভি মাস্টার্ড সস ১ লিটার,স্টক ও সস,"মাস্টার্ড সস, ১ লিটার, সুরভি ব্র্যান্ড",208
prod_02395,সুরভি মাস্টার্ড সস ৫ লিটার,স্টক ও সস,"মাস্টার্ড সস, ৫ লিটার, সুরভি ব্র্যান্ড",708
prod_02396,সুরভি মাস্টার্ড সস ২৫০ মিলি,স্টক ও সস,"মাস্টার্ড সস, ২৫০ মিলি, সুরভি ব্র্যান্ড",60
prod_02397,মেঘনা মাস্টার্ড সস ৫ লিটার,স্টক ও সস,"মাস্টার্ড সস, ৫ লিটার, মেঘনা ব্র্যান্ড",804
prod_02398,মেঘনা মাস্টার্ড সস ৫০০ মিলি,স্টক ও সস,"মাস্টার্ড সস, ৫০০ মিলি, মেঘনা ব্র্যান্ড",109
prod_02399,মেঘনা মাস্টার্ড সস ২৫০ মিলি,স্টক ও সস,"মাস্টার্ড সস, ২৫০ মিলি, মেঘনা ব্র্যান্ড",57
prod_02400,আফতাব ওটস ৫ কেজি,স্বাস্থ্য খাদ্য,"রোলড ওটস, ৫ কেজি, আফতাব ব্র্যান্ড",1341
prod_02401,আফতাব ওটস ২৫০ গ্রাম,স্বাস্থ্য খাদ্য,"রোলড ওটস, ২৫০ গ্রাম, আফতাব ব্র্যান্ড",81
prod_02402,আফতাব ওটস ৫০০ গ্রাম,স্বাস্থ্য খাদ্য,"রোলড ওটস, ৫০০ গ্রাম, আফতাব ব্র্যান্ড",180
prod_02403,ফ্রেশ ওটস ১ কেজি,স্বাস্থ্য খাদ্য,"রোলড ওটস, ১ কেজি, ফ্রেশ ব্র্যান্ড",340
prod_02404,ফ্রেশ ওটস ২৫০ গ্রাম,স্বাস্থ্য খাদ্য,"রোলড ওটস, ২৫০ গ্রাম, ফ্রেশ ব্র্যান্ড",92
prod_02405,ফ্রেশ ওটস ৫ কেজি,স্বাস্থ্য খাদ্য,"রোলড ওটস, ৫ কেজি, ফ্রেশ ব্র্যান্ড",1271
prod_02406,প্রাণ ওটস ৫০০ গ্রাম,স্বাস্থ্য খাদ্য,"রোলড ওটস, ৫০০ গ্রাম, প্রাণ ব্র্যান্ড",171
prod_02407,প্রাণ ওটস ৫ কেজি,স্বাস্থ্য খাদ্য,"রোলড ওটস, ৫ কেজি, প্রাণ ব্র্যান্ড",1301
prod_02408,প্রাণ ওটস ২ কেজি,স্বাস্থ্য খাদ্য,"রোলড ওটস, ২ কেজি, প্রাণ ব্র্যান্ড",569
prod_02409,ACI ওটস ২৫০ গ্রাম,স্বাস্থ্য খাদ্য,"রোলড ওটস, ২৫০ গ্রাম, ACI ব্র্যান্ড",83
prod_02410,ACI ওটস ১ কেজি,স্বাস্থ্য খাদ্য,"রোলড ওটস, ১ কেজি, ACI ব্র্যান্ড",299
prod_02411,ACI ওটস ৫ কেজি,স্বাস্থ্য খাদ্য,"রোলড ওটস, ৫ কেজি, ACI ব্র্যান্ড",1473
prod_02412,আরকু ওটস ৫ কেজি,স্বাস্থ্য খাদ্য,"রোলড ওটস, ৫ কেজি, আরকু ব্র্যান্ড",1361
prod_02413,আরকু ওটস ২৫০ গ্রাম,স্বাস্থ্য খাদ্য,"রোলড ওটস, ২৫০ গ্রাম, আরকু ব্র্যান্ড",90
prod_02414,আরকু ওটস ২ কেজি,স্বাস্থ্য খাদ্য,"রোলড ওটস, ২ কেজি, আরকু ব্র্যান্ড",549
prod_02415,ACI কিনোয়া ১ কেজি,স্বাস্থ্য খাদ্য,"অর্গানিক কিনোয়া, ১ কেজি, ACI ব্র্যান্ড",622
prod_02416,ACI কিনোয়া ৫ কেজি,স্বাস্থ্য খাদ্য,"অর্গানিক কিনোয়া, ৫ কেজি, ACI ব্র্যান্ড",2430
prod_02417,ACI কিনোয়া ২ কেজি,স্বাস্থ্য খাদ্য,"অর্গানিক কিনোয়া, ২ কেজি, ACI ব্র্যান্ড",1113
prod_02418,মিল্কভিটা কিনোয়া ২৫০ গ্রাম,স্বাস্থ্য খাদ্য,"অর্গানিক কিনোয়া, ২৫০ গ্রাম, মিল্কভিটা ব্র্যান্ড",159
prod_02419,মিল্কভিটা কিনোয়া ৫ কেজি,স্বাস্থ্য খাদ্য,"অর্গানিক কিনোয়া, ৫ কেজি, মিল্কভিটা ব্র্যান্ড",2586
prod_02420,মিল্কভিটা কিনোয়া ৫০০ গ্রাম,স্বাস্থ্য খাদ্য,"অর্গানিক কিনোয়া, ৫০০ গ্রাম, মিল্কভিটা ব্র্যান্ড",327
prod_02421,সুরভি কিনোয়া ৫ কেজি,স্বাস্থ্য খাদ্য,"অর্গানিক কিনোয়া, ৫ কেজি, সুরভি ব্র্যান্ড",2549
prod_02422,সুরভি কিনোয়া ২ কেজি,স্বাস্থ্য খাদ্য,"অর্গানিক কিনোয়া, ২ কেজি, সুরভি ব্র্যান্ড",1082
prod_02423,সুরভি কিনোয়া ১ কেজি,স্বাস্থ্য খাদ্য,"অর্গানিক কিনোয়া, ১ কেজি, সুরভি ব্র্যান্ড",591
prod_02424,ইস্পাহানি কিনোয়া ৫ কেজি,স্বাস্থ্য খাদ্য,"অর্গানিক কিনোয়া, ৫ কেজি, ইস্পাহানি ব্র্যান্ড",2660
prod_02425,ইস্পাহানি কিনোয়া ২৫০ গ্রাম,স্বাস্থ্য খাদ্য,"অর্গানিক কিনোয়া, ২৫০ গ্রাম, ইস্পাহানি ব্র্যান্ড",160
prod_02426,ইস্পাহানি কিনোয়া ৫০০ গ্রাম,স্বাস্থ্য খাদ্য,"অর্গানিক কিনোয়া, ৫০০ গ্রাম, ইস্পাহানি ব্র্যান্ড",371
prod_02427,রাধুনী কিনোয়া ২ কেজি,স্বাস্থ্য খাদ্য,"অর্গানিক কিনোয়া, ২ কেজি, রাধুনী ব্র্যান্ড",1077
prod_02428,রাধুনী কিনোয়া ২৫০ গ্রাম,স্বাস্থ্য খাদ্য,"অর্গানিক কিনোয়া, ২৫০ গ্রাম, রাধুনী ব্র্যান্ড",180
prod_02429,রাধুনী কিনোয়া ৫০০ গ্রাম,স্বাস্থ্য খাদ্য,"অর্গানিক কিনোয়া, ৫০০ গ্রাম, রাধুনী ব্র্যান্ড",368
prod_02430,রূপচাঁদা চিয়া সিড ১ কেজি,স্বাস্থ্য খাদ্য,"চিয়া সিড, ১ কেজি, রূপচাঁদা ব্র্যান্ড",561
prod_02431,রূপচাঁদা চিয়া সিড ২ কেজি,স্বাস্থ্য খাদ্য,"চিয়া সিড, ২ কেজি, রূপচাঁদা ব্র্যান্ড",991
prod_02432,রূপচাঁদা চিয়া সিড ২৫০ গ্রাম,স্বাস্থ্য খাদ্য,"চিয়া সিড, ২৫০ গ্রাম, রূপচাঁদা ব্র্যান্ড",158
prod_02433,সুরভি চিয়া সিড ১ কেজি,স্বাস্থ্য খাদ্য,"চিয়া সিড, ১ কেজি, সুরভি ব্র্যান্ড",489
prod_02434,সুরভি চিয়া সিড ২ কেজি,স্বাস্থ্য খাদ্য,"চিয়া সিড, ২ কেজি, সুরভি ব্র্যান্ড",955
prod_02435,সুরভি চিয়া সিড ৫০০ গ্রাম,স্বাস্থ্য খাদ্য,"চিয়া সিড, ৫০০ গ্রাম, সুরভি ব্র্যান্ড",291
prod_02436,মিল্কভিটা চিয়া সিড ২ কেজি,স্বাস্থ্য খাদ্য,"চিয়া সিড, ২ কেজি, মিল্কভিটা ব্র্যান্ড",1011
prod_02437,মিল্কভিটা চিয়া সিড ৫০০ গ্রাম,স্বাস্থ্য খাদ্য,"চিয়া সিড, ৫০০ গ্রাম, মিল্কভিটা ব্র্যান্ড",306
prod_02438,মিল্কভিটা চিয়া সিড ৫ কেজি,স্বাস্থ্য খাদ্য,"চিয়া সিড, ৫ কেজি, মিল্কভিটা ব্র্যান্ড",2082
prod_02439,তীর চিয়া সিড ২৫০ গ্রাম,স্বাস্থ্য খাদ্য,"চিয়া সিড, ২৫০ গ্রাম, তীর ব্র্যান্ড",158
prod_02440,তীর চিয়া সিড ২ কেজি,স্বাস্থ্য খাদ্য,"চিয়া সিড, ২ কেজি, তীর ব্র্যান্ড",926
prod_02441,তীর চিয়া সিড ১ কেজি,স্বাস্থ্য খাদ্য,"চিয়া সিড, ১ কেজি, তীর ব্র্যান্ড",556
prod_02442,বসুন্ধরা চিয়া সিড ১ কেজি,স্বাস্থ্য খাদ্য,"চিয়া সিড, ১ কেজি, বসুন্ধরা ব্র্যান্ড",549
prod_02443,বসুন্ধরা চিয়া সিড ২ কেজি,স্বাস্থ্য খাদ্য,"চিয়া সিড, ২ কেজি, বসুন্ধরা ব্র্যান্ড",909
prod_02444,বসুন্ধরা চিয়া সিড ৫০০ গ্রাম,স্বাস্থ্য খাদ্য,"চিয়া সিড, ৫০০ গ্রাম, বসুন্ধরা ব্র্যান্ড",284
prod_02445,ইস্পাহানি ফ্ল্যাক্স সিড ৫০০ গ্রাম,স্বাস্থ্য খাদ্য,"ফ্ল্যাক্স সিড, ৫০০ গ্রাম, ইস্পাহানি ব্র্যান্ড",253
prod_02446,ইস্পাহানি ফ্ল্যাক্স সিড ২ কেজি,স্বাস্থ্য খাদ্য,"ফ্ল্যাক্স সিড, ২ কেজি, ইস্পাহানি ব্র্যান্ড",774
prod_02447,ইস্পাহানি ফ্ল্যাক্স সিড ৫ কেজি,স্বাস্থ্য খাদ্য,"ফ্ল্যাক্স সিড, ৫ কেজি, ইস্পাহানি ব্র্যান্ড",1947
prod_02448,রূপচাঁদা ফ্ল্যাক্স সিড ৫০০ গ্রাম,স্বাস্থ্য খাদ্য,"ফ্ল্যাক্স সিড, ৫০০ গ্রাম, রূপচাঁদা ব্র্যান্ড",271
prod_02449,রূপচাঁদা ফ্ল্যাক্স সিড ২৫০ গ্রাম,স্বাস্থ্য খাদ্য,"ফ্ল্যাক্স সিড, ২৫০ গ্রাম, রূপচাঁদা ব্র্যান্ড",126
prod_02450,রূপচাঁদা ফ্ল্যাক্স সিড ১ কেজি,স্বাস্থ্য খাদ্য,"ফ্ল্যাক্স সিড, ১ কেজি, রূপচাঁদা ব্র্যান্ড",448
prod_02451,পূর্ণ ফ্ল্যাক্স সিড ৫ কেজি,স্বাস্থ্য খাদ্য,"ফ্ল্যাক্স সিড, ৫ কেজি, পূর্ণ ব্র্যান্ড",1895
prod_02452,পূর্ণ ফ্ল্যাক্স সিড ২ কেজি,স্বাস্থ্য খাদ্য,"ফ্ল্যাক্স সিড, ২ কেজি, পূর্ণ ব্র্যান্ড",851
prod_02453,পূর্ণ ফ্ল্যাক্স সিড ৫০০ গ্রাম,স্বাস্থ্য খাদ্য,"ফ্ল্যাক্স সিড, ৫০০ গ্রাম, পূর্ণ ব্র্যান্ড",233
prod_02454,রাধুনী ফ্ল্যাক্স সিড ২ কেজি,স্বাস্থ্য খাদ্য,"ফ্ল্যাক্স সিড, ২ কেজি, রাধুনী ব্র্যান্ড",737
prod_02455,রাধুনী ফ্ল্যাক্স সিড ২৫০ গ্রাম,স্বাস্থ্য খাদ্য,"ফ্ল্যাক্স সিড, ২৫০ গ্রাম, রাধুনী ব্র্যান্ড",132
prod_02456,রাধুনী ফ্ল্যাক্স সিড ১ কেজি,স্বাস্থ্য খাদ্য,"ফ্ল্যাক্স সিড, ১ কেজি, রাধুনী ব্র্যান্ড",474
prod_02457,স্কয়ার ফ্ল্যাক্স সিড ২ কেজি,স্বাস্থ্য খাদ্য,"ফ্ল্যাক্স সিড, ২ কেজি, স্কয়ার ব্র্যান্ড",823
prod_02458,স্কয়ার ফ্ল্যাক্স সিড ১ কেজি,স্বাস্থ্য খাদ্য,"ফ্ল্যাক্স সিড, ১ কেজি, স্কয়ার ব্র্যান্ড",410
prod_02459,স্কয়ার ফ্ল্যাক্স সিড ৫০০ গ্রাম,স্বাস্থ্য খাদ্য,"ফ্ল্যাক্স সিড, ৫০০ গ্রাম, স্কয়ার ব্র্যান্ড",235
prod_02460,তীর প্রোটিন পাউডার ২ কেজি,স্বাস্থ্য খাদ্য,"হোয়ে প্রোটিন, ২ কেজি, তীর ব্র্যান্ড",2619
prod_02461,তীর প্রোটিন পাউডার ১ কেজি,স্বাস্থ্য খাদ্য,"হোয়ে প্রোটিন, ১ কেজি, তীর ব্র্যান্ড",1424
prod_02462,তীর প্রোটিন পাউডার ৫০০ গ্রাম,স্বাস্থ্য খাদ্য,"হোয়ে প্রোটিন, ৫০০ গ্রাম, তীর ব্র্যান্ড",752
prod_02463,মিল্কভিটা প্রোটিন পাউডার ১ কেজি,স্বাস্থ্য খাদ্য,"হোয়ে প্রোটিন, ১ কেজি, মিল্কভিটা ব্র্যান্ড",1524
prod_02464,মিল্কভিটা প্রোটিন পাউডার ৫ কেজি,স্বাস্থ্য খাদ্য,"হোয়ে প্রোটিন, ৫ কেজি, মিল্কভিটা ব্র্যান্ড",6215
prod_02465,মিল্কভিটা প্রোটিন পাউডার ২ কেজি,স্বাস্থ্য খাদ্য,"হোয়ে প্রোটিন, ২ কেজি, মিল্কভিটা ব্র্যান্ড",2774
prod_02466,প্রাণ প্রোটিন পাউডার ২ কেজি,স্বাস্থ্য খাদ্য,"হোয়ে প্রোটিন, ২ কেজি, প্রাণ ব্র্যান্ড",2602
prod_02467,প্রাণ প্রোটিন পাউডার ১ কেজি,স্বাস্থ্য খাদ্য,"হোয়ে প্রোটিন, ১ কেজি, প্রাণ ব্র্যান্ড",1472
prod_02468,প্রাণ প্রোটিন পাউডার ২৫০ গ্রাম,স্বাস্থ্য খাদ্য,"হোয়ে প্রোটিন, ২৫০ গ্রাম, প্রাণ ব্র্যান্ড",400
prod_02469,অর্গানিক ফার্ম প্রোটিন পাউডার ৫০০ গ্রাম,স্বাস্থ্য খাদ্য,"হোয়ে প্রোটিন, ৫০০ গ্রাম, অর্গানিক ফার্ম ব্র্যান্ড",779
prod_02470,অর্গানিক ফার্ম প্রোটিন পাউডার ১ কেজি,স্বাস্থ্য খাদ্য,"হোয়ে প্রোটিন, ১ কেজি, অর্গানিক ফার্ম ব্র্যান্ড",1454
prod_02471,অর্গানিক ফার্ম প্রোটিন পাউডার ২৫০ গ্রাম,স্বাস্থ্য খাদ্য,"হোয়ে প্রোটিন, ২৫০ গ্রাম, অর্গানিক ফার্ম ব্র্যান্ড",364
prod_02472,আফতাব প্রোটিন পাউডার ৫ কেজি,স্বাস্থ্য খাদ্য,"হোয়ে প্রোটিন, ৫ কেজি, আফতাব ব্র্যান্ড",6433
prod_02473,আফতাব প্রোটিন পাউডার ১ কেজি,স্বাস্থ্য খাদ্য,"হোয়ে প্রোটিন, ১ কেজি, আফতাব ব্র্যান্ড",1545
prod_02474,আফতাব প্রোটিন পাউডার ২৫০ গ্রাম,স্বাস্থ্য খাদ্য,"হোয়ে প্রোটিন, ২৫০ গ্রাম, আফতাব ব্র্যান্ড",378
prod_02475,মিল্কভিটা গ্রানোলা ২ কেজি,স্বাস্থ্য খাদ্য,"মিক্সড গ্রানোলা, ২ কেজি, মিল্কভিটা ব্র্যান্ড",844
prod_02476,মিল্কভিটা গ্রানোলা ৫ কেজি,স্বাস্থ্য খাদ্য,"মিক্সড গ্রানোলা, ৫ কেজি, মিল্কভিটা ব্র্যান্ড",1962
prod_02477,মিল্কভিটা গ্রানোলা ১ কেজি,স্বাস্থ্য খাদ্য,"মিক্সড গ্রানোলা, ১ কেজি, মিল্কভিটা ব্র্যান্ড",467
prod_02478,পূর্ণ গ্রানোলা ৫ কেজি,স্বাস্থ্য খাদ্য,"মিক্সড গ্রানোলা, ৫ কেজি, পূর্ণ ব্র্যান্ড",2242
prod_02479,পূর্ণ গ্রানোলা ২ কেজি,স্বাস্থ্য খাদ্য,"মিক্সড গ্রানোলা, ২ কেজি, পূর্ণ ব্র্যান্ড",834
prod_02480,পূর্ণ গ্রানোলা ৫০০ গ্রাম,স্বাস্থ্য খাদ্য,"মিক্সড গ্রানোলা, ৫০০ গ্রাম, পূর্ণ ব্র্যান্ড",307
prod_02481,স্কয়ার গ্রানোলা ৫০০ গ্রাম,স্বাস্থ্য খাদ্য,"মিক্সড গ্রানোলা, ৫০০ গ্রাম, স্কয়ার ব্র্যান্ড",256
prod_02482,স্কয়ার গ্রানোলা ৫ কেজি,স্বাস্থ্য খাদ্য,"মিক্সড গ্রানোলা, ৫ কেজি, স্কয়ার ব্র্যান্ড",1896
prod_02483,স্কয়ার গ্রানোলা ২৫০ গ্রাম,স্বাস্থ্য খাদ্য,"মিক্সড গ্রানোলা, ২৫০ গ্রাম, স্কয়ার ব্র্যান্ড",146
prod_02484,অর্গানিক ফার্ম গ্রানোলা ২ কেজি,স্বাস্থ্য খাদ্য,"মিক্সড গ্রানোলা, ২ কেজি, অর্গানিক ফার্ম ব্র্যান্ড",821
prod_02485,অর্গানিক ফার্ম গ্রানোলা ৫ কেজি,স্বাস্থ্য খাদ্য,"মিক্সড গ্রানোলা, ৫ কেজি, অর্গানিক ফার্ম ব্র্যান্ড",2159
prod_02486,অর্গানিক ফার্ম গ্রানোলা ২৫০ গ্রাম,স্বাস্থ্য খাদ্য,"মিক্সড গ্রানোলা, ২৫০ গ্রাম, অর্গানিক ফার্ম ব্র্যান্ড",137
prod_02487,আফতাব গ্রানোলা ২ কেজি,স্বাস্থ্য খাদ্য,"মিক্সড গ্রানোলা, ২ কেজি, আফতাব ব্র্যান্ড",838
prod_02488,আফতাব গ্রানোলা ৫ কেজি,স্বাস্থ্য খাদ্য,"মিক্সড গ্রানোলা, ৫ কেজি, আফতাব ব্র্যান্ড",2103
prod_02489,আফতাব গ্রানোলা ১ কেজি,স্বাস্থ্য খাদ্য,"মিক্সড গ্রানোলা, ১ কেজি, আফতাব ব্র্যান্ড",509
prod_02490,ইগলু পিনাট বাটার ২ কেজি,স্বাস্থ্য খাদ্য,"পিনাট বাটার, ২ কেজি, ইগলু ব্র্যান্ড",1023
prod_02491,ইগলু পিনাট বাটার ২৫০ গ্রাম,স্বাস্থ্য খাদ্য,"পিনাট বাটার, ২৫০ গ্রাম, ইগলু ব্র্যান্ড",167
prod_02492,ইগলু পিনাট বাটার ১ কেজি,স্বাস্থ্য খাদ্য,"পিনাট বাটার, ১ কেজি, ইগলু ব্র্যান্ড",600
prod_02493,পূর্ণ পিনাট বাটার ১ কেজি,স্বাস্থ্য খাদ্য,"পিনাট বাটার, ১ কেজি, পূর্ণ ব্র্যান্ড",584
prod_02494,পূর্ণ পিনাট বাটার ২ কেজি,স্বাস্থ্য খাদ্য,"পিনাট বাটার, ২ কেজি, পূর্ণ ব্র্যান্ড",928
prod_02495,পূর্ণ পিনাট বাটার ৫ কেজি,স্বাস্থ্য খাদ্য,"পিনাট বাটার, ৫ কেজি, পূর্ণ ব্র্যান্ড",2178
prod_02496,মেঘনা পিনাট বাটার ২ কেজি,স্বাস্থ্য খাদ্য,"পিনাট বাটার, ২ কেজি, মেঘনা ব্র্যান্ড",1040
prod_02497,মেঘনা পিনাট বাটার ১ কেজি,স্বাস্থ্য খাদ্য,"পিনাট বাটার, ১ কেজি, মেঘনা ব্র্যান্ড",629
prod_02498,মেঘনা পিনাট বাটার ২৫০ গ্রাম,স্বাস্থ্য খাদ্য,"পিনাট বাটার, ২৫০ গ্রাম, মেঘনা ব্র্যান্ড",146
prod_02499,সুরভি পিনাট বাটার ৫ কেজি,স্বাস্থ্য খাদ্য,"পিনাট বাটার, ৫ কেজি, সুরভি ব্র্যান্ড",2408
prod_02500,সুরভি পিনাট বাটার ১ কেজি,স্বাস্থ্য খাদ্য,"পিনাট বাটার, ১ কেজি, সুরভি ব্র্যান্ড",578
prod_02501,সুরভি পিনাট বাটার ৫০০ গ্রাম,স্বাস্থ্য খাদ্য,"পিনাট বাটার, ৫০০ গ্রাম, সুরভি ব্র্যান্ড",327
prod_02502,ইস্পাহানি পিনাট বাটার ৫০০ গ্রাম,স্বাস্থ্য খাদ্য,"পিনাট বাটার, ৫০০ গ্রাম, ইস্পাহানি ব্র্যান্ড",335
prod_02503,ইস্পাহানি পিনাট বাটার ২ কেজি,স্বাস্থ্য খাদ্য,"পিনাট বাটার, ২ কেজি, ইস্পাহানি ব্র্যান্ড",1118
prod_02504,ইস্পাহানি পিনাট বাটার ১ কেজি,স্বাস্থ্য খাদ্য,"পিনাট বাটার, ১ কেজি, ইস্পাহানি ব্র্যান্ড",527
prod_02505,কাজী ফার্মস অ্যালমন্ড মিল্ক ৫ কেজি,স্বাস্থ্য খাদ্য,"অ্যালমন্ড মিল্ক, ৫ কেজি, কাজী ফার্মস ব্র্যান্ড",1857
prod_02506,কাজী ফার্মস অ্যালমন্ড মিল্ক ২৫০ গ্রাম,স্বাস্থ্য খাদ্য,"অ্যালমন্ড মিল্ক, ২৫০ গ্রাম, কাজী ফার্মস ব্র্যান্ড",135
prod_02507,কাজী ফার্মস অ্যালমন্ড মিল্ক ৫০০ গ্রাম,স্বাস্থ্য খাদ্য,"অ্যালমন্ড মিল্ক, ৫০০ গ্রাম, কাজী ফার্মস ব্র্যান্ড",253
prod_02508,মিল্কভিটা অ্যালমন্ড মিল্ক ১ কেজি,স্বাস্থ্য খাদ্য,"অ্যালমন্ড মিল্ক, ১ কেজি, মিল্কভিটা ব্র্যান্ড",491
prod_02509,মিল্কভিটা অ্যালমন্ড মিল্ক ২ কেজি,স্বাস্থ্য খাদ্য,"অ্যালমন্ড মিল্ক, ২ কেজি, মিল্কভিটা ব্র্যান্ড",847
prod_02510,মিল্কভিটা অ্যালমন্ড মিল্ক ৫০০ গ্রাম,স্বাস্থ্য খাদ্য,"অ্যালমন্ড মিল্ক, ৫০০ গ্রাম, মিল্কভিটা ব্র্যান্ড",239
prod_02511,ACI অ্যালমন্ড মিল্ক ২৫০ গ্রাম,স্বাস্থ্য খাদ্য,"অ্যালমন্ড মিল্ক, ২৫০ গ্রাম, ACI ব্র্যান্ড",132
prod_02512,ACI অ্যালমন্ড মিল্ক ১ কেজি,স্বাস্থ্য খাদ্য,"অ্যালমন্ড মিল্ক, ১ কেজি, ACI ব্র্যান্ড",428
prod_02513,ACI অ্যালমন্ড মিল্ক ২ কেজি,স্বাস্থ্য খাদ্য,"অ্যালমন্ড মিল্ক, ২ কেজি, ACI ব্র্যান্ড",820
prod_02514,আরকু অ্যালমন্ড মিল্ক ৫ কেজি,স্বাস্থ্য খাদ্য,"অ্যালমন্ড মিল্ক, ৫ কেজি, আরকু ব্র্যান্ড",1706
prod_02515,আরকু অ্যালমন্ড মিল্ক ৫০০ গ্রাম,স্বাস্থ্য খাদ্য,"অ্যালমন্ড মিল্ক, ৫০০ গ্রাম, আরকু ব্র্যান্ড",274
prod_02516,আরকু অ্যালমন্ড মিল্ক ১ কেজি,স্বাস্থ্য খাদ্য,"অ্যালমন্ড মিল্ক, ১ কেজি, আরকু ব্র্যান্ড",477
prod_02517,স্কয়ার অ্যালমন্ড মিল্ক ৫ কেজি,স্বাস্থ্য খাদ্য,"অ্যালমন্ড মিল্ক, ৫ কেজি, স্কয়ার ব্র্যান্ড",1869
prod_02518,স্কয়ার অ্যালমন্ড মিল্ক ২৫০ গ্রাম,স্বাস্থ্য খাদ্য,"অ্যালমন্ড মিল্ক, ২৫০ গ্রাম, স্কয়ার ব্র্যান্ড",115
prod_02519,স্কয়ার অ্যালমন্ড মিল্ক ৫০০ গ্রাম,স্বাস্থ্য খাদ্য,"অ্যালমন্ড মিল্ক, ৫০০ গ্রাম, স্কয়ার ব্র্যান্ড",228
prod_02520,বসুন্ধরা আম ১ কেজি,ফল,"হিমসাগর আম, ১ কেজি, বসুন্ধরা ব্র্যান্ড",332
prod_02521,বসুন্ধরা আম ২৫০ গ্রাম,ফল,"হিমসাগর আম, ২৫০ গ্রাম, বসুন্ধরা ব্র্যান্ড",93
prod_02522,বসুন্ধরা আম ৫ কেজি,ফল,"হিমসাগর আম, ৫ কেজি, বসুন্ধরা ব্র্যান্ড",1527
prod_02523,অর্গানিক ফার্ম আম ৫০০ গ্রাম,ফল,"হিমসাগর আম, ৫০০ গ্রাম, অর্গানিক ফার্ম ব্র্যান্ড",212
prod_02524,অর্গানিক ফার্ম আম ২ কেজি,ফল,"হিমসাগর আম, ২ কেজি, অর্গানিক ফার্ম ব্র্যান্ড",609
prod_02525,অর্গানিক ফার্ম আম ৫ কেজি,ফল,"হিমসাগর আম, ৫ কেজি, অর্গানিক ফার্ম ব্র্যান্ড",1560
prod_02526,তীর আম ২ কেজি,ফল,"হিমসাগর আম, ২ কেজি, তীর ব্র্যান্ড",686
prod_02527,তীর আম ৫০০ গ্রাম,ফল,"হিমসাগর আম, ৫০০ গ্রাম, তীর ব্র্যান্ড",193
prod_02528,তীর আম ১ কেজি,ফল,"হিমসাগর আম, ১ কেজি, তীর ব্র্যান্ড",330
prod_02529,মিল্কভিটা আম ৫০০ গ্রাম,ফল,"হিমসাগর আম, ৫০০ গ্রাম, মিল্কভিটা ব্র্যান্ড",210
prod_02530,মিল্কভিটা আম ৫ কেজি,ফল,"হিমসাগর আম, ৫ কেজি, মিল্কভিটা ব্র্যান্ড",1473
prod_02531,মিল্কভিটা আম ২ কেজি,ফল,"হিমসাগর আম, ২ কেজি, মিল্কভিটা ব্র্যান্ড",625
prod_02532,আফতাব আম ২ কেজি,ফল,"হিমসাগর আম, ২ কেজি, আফতাব ব্র্যান্ড",649
prod_02533,আফতাব আম ৫০০ গ্রাম,ফল,"হিমসাগর আম, ৫০০ গ্রাম, আফতাব ব্র্যান্ড",213
prod_02534,আফতাব আম ২৫০ গ্রাম,ফল,"হিমসাগর আম, ২৫০ গ্রাম, আফতাব ব্র্যান্ড",91
prod_02535,বসুন্ধরা কলা ২ কেজি,ফল,"সবুজ কলা, ২ কেজি, বসুন্ধরা ব্র্যান্ড",159
prod_02536,বসুন্ধরা কলা ৫ কেজি,ফল,"সবুজ কলা, ৫ কেজি, বসুন্ধরা ব্র্যান্ড",408
prod_02537,বসুন্ধরা কলা ৫০০ গ্রাম,ফল,"সবুজ কলা, ৫০০ গ্রাম, বসুন্ধরা ব্র্যান্ড",54
prod_02538,ফ্রেশ কলা ৫০০ গ্রাম,ফল,"সবুজ কলা, ৫০০ গ্রাম, ফ্রেশ ব্র্যান্ড",52
prod_02539,ফ্রেশ কলা ২ কেজি,ফল,"সবুজ কলা, ২ কেজি, ফ্রেশ ব্র্যান্ড",159
prod_02540,ফ্রেশ কলা ১ কেজি,ফল,"সবুজ কলা, ১ কেজি, ফ্রেশ ব্র্যান্ড",83
prod_02541,আরকু কলা ২ কেজি,ফল,"সবুজ কলা, ২ কেজি, আরকু ব্র্যান্ড",173
prod_02542,আরকু কলা ২৫০ গ্রাম,ফল,"সবুজ কলা, ২৫০ গ্রাম, আরকু ব্র্যান্ড",24
prod_02543,আরকু কলা ৫০০ গ্রাম,ফল,"সবুজ কলা, ৫০০ গ্রাম, আরকু ব্র্যান্ড",51
prod_02544,ইস্পাহানি কলা ৫ কেজি,ফল,"সবুজ কলা, ৫ কেজি, ইস্পাহানি ব্র্যান্ড",406
prod_02545,ইস্পাহানি কলা ২৫০ গ্রাম,ফল,"সবুজ কলা, ২৫০ গ্রাম, ইস্পাহানি ব্র্যান্ড",25
prod_02546,ইস্পাহানি কলা ২ কেজি,ফল,"সবুজ কলা, ২ কেজি, ইস্পাহানি ব্র্যান্ড",174
prod_02547,ইগলু কলা ২ কেজি,ফল,"সবুজ কলা, ২ কেজি, ইগলু ব্র্যান্ড",152
prod_02548,ইগলু কলা ১ কেজি,ফল,"সবুজ কলা, ১ কেজি, ইগলু ব্র্যান্ড",95
prod_02549,ইগলু কলা ৫০০ গ্রাম,ফল,"সবুজ কলা, ৫০০ গ্রাম, ইগলু ব্র্যান্ড",47
prod_02550,মিল্কভিটা আপেল ৫ কেজি,ফল,"ফুজি আপেল, ৫ কেজি, মিল্কভিটা ব্র্যান্ড",1946
prod_02551,মিল্কভিটা আপেল ১ কেজি,ফল,"ফুজি আপেল, ১ কেজি, মিল্কভিটা ব্র্যান্ড",421
prod_02552,মিল্কভিটা আপেল ২ কেজি,ফল,"ফুজি আপেল, ২ কেজি, মিল্কভিটা ব্র্যান্ড",807
prod_02553,পূর্ণ আপেল ২৫০ গ্রাম,ফল,"ফুজি আপেল, ২৫০ গ্রাম, পূর্ণ ব্র্যান্ড",122
prod_02554,পূর্ণ আপেল ৫ কেজি,ফল,"ফুজি আপেল, ৫ কেজি, পূর্ণ ব্র্যান্ড",1884
prod_02555,পূর্ণ আপেল ২ কেজি,ফল,"ফুজি আপেল, ২ কেজি, পূর্ণ ব্র্যান্ড",829
prod_02556,ইগলু আপেল ১ কেজি,ফল,"ফুজি আপেল, ১ কেজি, ইগলু ব্র্যান্ড",430
prod_02557,ইগলু আপেল ৫০০ গ্রাম,ফল,"ফুজি আপেল, ৫০০ গ্রাম, ইগলু ব্র্যান্ড",234
prod_02558,ইগলু আপেল ৫ কেজি,ফল,"ফুজি আপেল, ৫ কেজি, ইগলু ব্র্যান্ড",1696
prod_02559,সুরভি আপেল ২৫০ গ্রাম,ফল,"ফুজি আপেল, ২৫০ গ্রাম, সুরভি ব্র্যান্ড",128
prod_02560,সুরভি আপেল ৫ কেজি,ফল,"ফুজি আপেল, ৫ কেজি, সুরভি ব্র্যান্ড",2000
prod_02561,সুরভি আপেল ১ কেজি,ফল,"ফুজি আপেল, ১ কেজি, সুরভি ব্র্যান্ড",490
prod_02562,ম্যারিকো আপেল ২৫০ গ্রাম,ফল,"ফুজি আপেল, ২৫০ গ্রাম, ম্যারিকো ব্র্যান্ড",133
prod_02563,ম্যারিকো আপেল ৫ কেজি,ফল,"ফুজি আপেল, ৫ কেজি, ম্যারিকো ব্র্যান্ড",1736
prod_02564,ম্যারিকো আপেল ২ কেজি,ফল,"ফুজি আপেল, ২ কেজি, ম্যারিকো ব্র্যান্ড",825
prod_02565,মিল্কভিটা কমলা ১ কেজি,ফল,"নাগপুরি কমলা, ১ কেজি, মিল্কভিটা ব্র্যান্ড",352
prod_02566,মিল্কভিটা কমলা ২ কেজি,ফল,"নাগপুরি কমলা, ২ কেজি, মিল্কভিটা ব্র্যান্ড",591
prod_02567,মিল্কভিটা কমলা ৫ কেজি,ফল,"নাগপুরি কমলা, ৫ কেজি, মিল্কভিটা ব্র্যান্ড",1464
prod_02568,ইস্পাহানি কমলা ১ কেজি,ফল,"নাগপুরি কমলা, ১ কেজি, ইস্পাহানি ব্র্যান্ড",350
prod_02569,ইস্পাহানি কমলা ২ কেজি,ফল,"নাগপুরি কমলা, ২ কেজি, ইস্পাহানি ব্র্যান্ড",607
prod_02570,ইস্পাহানি কমলা ৫ কেজি,ফল,"নাগপুরি কমলা, ৫ কেজি, ইস্পাহানি ব্র্যান্ড",1302
prod_02571,ফ্রেশ কমলা ৫০০ গ্রাম,ফল,"নাগপুরি কমলা, ৫০০ গ্রাম, ফ্রেশ ব্র্যান্ড",189
prod_02572,ফ্রেশ কমলা ২৫০ গ্রাম,ফল,"নাগপুরি কমলা, ২৫০ গ্রাম, ফ্রেশ ব্র্যান্ড",87
prod_02573,ফ্রেশ কমলা ৫ কেজি,ফল,"নাগপুরি কমলা, ৫ কেজি, ফ্রেশ ব্র্যান্ড",1304
prod_02574,অর্গানিক ফার্ম কমলা ২৫০ গ্রাম,ফল,"নাগপুরি কমলা, ২৫০ গ্রাম, অর্গানিক ফার্ম ব্র্যান্ড",84
prod_02575,অর্গানিক ফার্ম কমলা ১ কেজি,ফল,"নাগপুরি কমলা, ১ কেজি, অর্গানিক ফার্ম ব্র্যান্ড",296
prod_02576,অর্গানিক ফার্ম কমলা ৫০০ গ্রাম,ফল,"নাগপুরি কমলা, ৫০০ গ্রাম, অর্গানিক ফার্ম ব্র্যান্ড",197
prod_02577,বসুন্ধরা কমলা ৫০০ গ্রাম,ফল,"নাগপুরি কমলা, ৫০০ গ্রাম, বসুন্ধরা ব্র্যান্ড",185
prod_02578,বসুন্ধরা কমলা ২ কেজি,ফল,"নাগপুরি কমলা, ২ কেজি, বসুন্ধরা ব্র্যান্ড",530
prod_02579,বসুন্ধরা কমলা ২৫০ গ্রাম,ফল,"নাগপুরি কমলা, ২৫০ গ্রাম, বসুন্ধরা ব্র্যান্ড",90
prod_02580,ড্যানিশ পেয়ারা ২৫০ গ্রাম,ফল,"তাজা পেয়ারা, ২৫০ গ্রাম, ড্যানিশ ব্র্যান্ড",36
prod_02581,ড্যানিশ পেয়ারা ৫ কেজি,ফল,"তাজা পেয়ারা, ৫ কেজি, ড্যানিশ ব্র্যান্ড",627
prod_02582,ড্যানিশ পেয়ারা ২ কেজি,ফল,"তাজা পেয়ারা, ২ কেজি, ড্যানিশ ব্র্যান্ড",270
prod_02583,ম্যারিকো পেয়ারা ২৫০ গ্রাম,ফল,"তাজা পেয়ারা, ২৫০ গ্রাম, ম্যারিকো ব্র্যান্ড",41
prod_02584,ম্যারিকো পেয়ারা ২ কেজি,ফল,"তাজা পেয়ারা, ২ কেজি, ম্যারিকো ব্র্যান্ড",230
prod_02585,ম্যারিকো পেয়ারা ৫ কেজি,ফল,"তাজা পেয়ারা, ৫ কেজি, ম্যারিকো ব্র্যান্ড",544
prod_02586,ফ্রেশ পেয়ারা ২ কেজি,ফল,"তাজা পেয়ারা, ২ কেজি, ফ্রেশ ব্র্যান্ড",266
prod_02587,ফ্রেশ পেয়ারা ১ কেজি,ফল,"তাজা পেয়ারা, ১ কেজি, ফ্রেশ ব্র্যান্ড",155
prod_02588,ফ্রেশ পেয়ারা ২৫০ গ্রাম,ফল,"তাজা পেয়ারা, ২৫০ গ্রাম, ফ্রেশ ব্র্যান্ড",40
prod_02589,ইগলু পেয়ারা ৫ কেজি,ফল,"তাজা পেয়ারা, ৫ কেজি, ইগলু ব্র্যান্ড",592
prod_02590,ইগলু পেয়ারা ২ কেজি,ফল,"তাজা পেয়ারা, ২ কেজি, ইগলু ব্র্যান্ড",273
prod_02591,ইগলু পেয়ারা ৫০০ গ্রাম,ফল,"তাজা পেয়ারা, ৫০০ গ্রাম, ইগলু ব্র্যান্ড",84
prod_02592,বসুন্ধরা পেয়ারা ২৫০ গ্রাম,ফল,"তাজা পেয়ারা, ২৫০ গ্রাম, বসুন্ধরা ব্র্যান্ড",39
prod_02593,বসুন্ধরা পেয়ারা ৫০০ গ্রাম,ফল,"তাজা পেয়ারা, ৫০০ গ্রাম, বসুন্ধরা ব্র্যান্ড",83
prod_02594,বসুন্ধরা পেয়ারা ৫ কেজি,ফল,"তাজা পেয়ারা, ৫ কেজি, বসুন্ধরা ব্র্যান্ড",633
prod_02595,ফ্রেশ আনারস ১ কেজি,ফল,"তাজা আনারস, ১ কেজি, ফ্রেশ ব্র্যান্ড",184
prod_02596,ফ্রেশ আনারস ২ কেজি,ফল,"তাজা আনারস, ২ কেজি, ফ্রেশ ব্র্যান্ড",349
prod_02597,ফ্রেশ আনারস ২৫০ গ্রাম,ফল,"তাজা আনারস, ২৫০ গ্রাম, ফ্রেশ ব্র্যান্ড",45
prod_02598,মিল্কভিটা আনারস ৫ কেজি,ফল,"তাজা আনারস, ৫ কেজি, মিল্কভিটা ব্র্যান্ড",801
prod_02599,মিল্কভিটা আনারস ১ কেজি,ফল,"তাজা আনারস, ১ কেজি, মিল্কভিটা ব্র্যান্ড",189
prod_02600,মিল্কভিটা আনারস ২৫০ গ্রাম,ফল,"তাজা আনারস, ২৫০ গ্রাম, মিল্কভিটা ব্র্যান্ড",47
prod_02601,কাজী ফার্মস আনারস ৫০০ গ্রাম,ফল,"তাজা আনারস, ৫০০ গ্রাম, কাজী ফার্মস ব্র্যান্ড",90
prod_02602,কাজী ফার্মস আনারস ৫ কেজি,ফল,"তাজা আনারস, ৫ কেজি, কাজী ফার্মস ব্র্যান্ড",732
prod_02603,কাজী ফার্মস আনারস ১ কেজি,ফল,"তাজা আনারস, ১ কেজি, কাজী ফার্মস ব্র্যান্ড",168
prod_02604,মেঘনা আনারস ২ কেজি,ফল,"তাজা আনারস, ২ কেজি, মেঘনা ব্র্যান্ড",332
prod_02605,মেঘনা আনারস ২৫০ গ্রাম,ফল,"তাজা আনারস, ২৫০ গ্রাম, মেঘনা ব্র্যান্ড",49
prod_02606,মেঘনা আনারস ১ কেজি,ফল,"তাজা আনারস, ১ কেজি, মেঘনা ব্র্যান্ড",193
prod_02607,স্কয়ার আনারস ২ কেজি,ফল,"তাজা আনারস, ২ কেজি, স্কয়ার ব্র্যান্ড",290
prod_02608,স্কয়ার আনারস ৫০০ গ্রাম,ফল,"তাজা আনারস, ৫০০ গ্রাম, স্কয়ার ব্র্যান্ড",90
prod_02609,স্কয়ার আনারস ২৫০ গ্রাম,ফল,"তাজা আনারস, ২৫০ গ্রাম, স্কয়ার ব্র্যান্ড",54
prod_02610,সুরভি তরমুজ ২ কেজি,ফল,"তাজা তরমুজ, ২ কেজি, সুরভি ব্র্যান্ড",174
prod_02611,সুরভি তরমুজ ৫ কেজি,ফল,"তাজা তরমুজ, ৫ কেজি, সুরভি ব্র্যান্ড",410
prod_02612,সুরভি তরমুজ ২৫০ গ্রাম,ফল,"তাজা তরমুজ, ২৫০ গ্রাম, সুরভি ব্র্যান্ড",31
prod_02613,রূপচাঁদা তরমুজ ২৫০ গ্রাম,ফল,"তাজা তরমুজ, ২৫০ গ্রাম, রূপচাঁদা ব্র্যান্ড",28
prod_02614,রূপচাঁদা তরমুজ ২ কেজি,ফল,"তাজা তরমুজ, ২ কেজি, রূপচাঁদা ব্র্যান্ড",197
prod_02615,রূপচাঁদা তরমুজ ৫ কেজি,ফল,"তাজা তরমুজ, ৫ কেজি, রূপচাঁদা ব্র্যান্ড",452
prod_02616,পূর্ণ তরমুজ ৫ কেজি,ফল,"তাজা তরমুজ, ৫ কেজি, পূর্ণ ব্র্যান্ড",457
prod_02617,পূর্ণ তরমুজ ৫০০ গ্রাম,ফল,"তাজা তরমুজ, ৫০০ গ্রাম, পূর্ণ ব্র্যান্ড",65
prod_02618,পূর্ণ তরমুজ ১ কেজি,ফল,"তাজা তরমুজ, ১ কেজি, পূর্ণ ব্র্যান্ড",97
prod_02619,রাধুনী তরমুজ ৫০০ গ্রাম,ফল,"তাজা তরমুজ, ৫০০ গ্রাম, রাধুনী ব্র্যান্ড",54
prod_02620,রাধুনী তরমুজ ২ কেজি,ফল,"তাজা তরমুজ, ২ কেজি, রাধুনী ব্র্যান্ড",207
prod_02621,রাধুনী তরমুজ ১ কেজি,ফল,"তাজা তরমুজ, ১ কেজি, রাধুনী ব্র্যান্ড",110
prod_02622,ACI তরমুজ ৫০০ গ্রাম,ফল,"তাজা তরমুজ, ৫০০ গ্রাম, ACI ব্র্যান্ড",56
prod_02623,ACI তরমুজ ৫ কেজি,ফল,"তাজা তরমুজ, ৫ কেজি, ACI ব্র্যান্ড",409
prod_02624,ACI তরমুজ ২৫০ গ্রাম,ফল,"তাজা তরমুজ, ২৫০ গ্রাম, ACI ব্র্যান্ড",28
prod_02625,ফ্রেশ লিচু ২৫০ গ্রাম,ফল,"তাজা লিচু, ২৫০ গ্রাম, ফ্রেশ ব্র্যান্ড",105
prod_02626,ফ্রেশ লিচু ২ কেজি,ফল,"তাজা লিচু, ২ কেজি, ফ্রেশ ব্র্যান্ড",604
prod_02627,ফ্রেশ লিচু ১ কেজি,ফল,"তাজা লিচু, ১ কেজি, ফ্রেশ ব্র্যান্ড",381
prod_02628,ইগলু লিচু ২ কেজি,ফল,"তাজা লিচু, ২ কেজি, ইগলু ব্র্যান্ড",662
prod_02629,ইগলু লিচু ১ কেজি,ফল,"তাজা লিচু, ১ কেজি, ইগলু ব্র্যান্ড",347
prod_02630,ইগলু লিচু ৫ কেজি,ফল,"তাজা লিচু, ৫ কেজি, ইগলু ব্র্যান্ড",1642
prod_02631,ইস্পাহানি লিচু ৫ কেজি,ফল,"তাজা লিচু, ৫ কেজি, ইস্পাহানি ব্র্যান্ড",1600
prod_02632,ইস্পাহানি লিচু ৫০০ গ্রাম,ফল,"তাজা লিচু, ৫০০ গ্রাম, ইস্পাহানি ব্র্যান্ড",211
prod_02633,ইস্পাহানি লিচু ২ কেজি,ফল,"তাজা লিচু, ২ কেজি, ইস্পাহানি ব্র্যান্ড",673
prod_02634,রাধুনী লিচু ৫ কেজি,ফল,"তাজা লিচু, ৫ কেজি, রাধুনী ব্র্যান্ড",1368
prod_02635,রাধুনী লিচু ৫০০ গ্রাম,ফল,"তাজা লিচু, ৫০০ গ্রাম, রাধুনী ব্র্যান্ড",190
prod_02636,রাধুনী লিচু ২ কেজি,ফল,"তাজা লিচু, ২ কেজি, রাধুনী ব্র্যান্ড",672
prod_02637,অর্গানিক ফার্ম লিচু ৫০০ গ্রাম,ফল,"তাজা লিচু, ৫০০ গ্রাম, অর্গানিক ফার্ম ব্র্যান্ড",186
prod_02638,অর্গানিক ফার্ম লিচু ১ কেজি,ফল,"তাজা লিচু, ১ কেজি, অর্গানিক ফার্ম ব্র্যান্ড",341
prod_02639,অর্গানিক ফার্ম লিচু ২ কেজি,ফল,"তাজা লিচু, ২ কেজি, অর্গানিক ফার্ম ব্র্যান্ড",650
prod_02640,তীর জাম ২ কেজি,ফল,"কালো জাম, ২ কেজি, তীর ব্র্যান্ড",432
prod_02641,তীর জাম ২৫০ গ্রাম,ফল,"কালো জাম, ২৫০ গ্রাম, তীর ব্র্যান্ড",81
prod_02642,তীর জাম ৫ কেজি,ফল,"কালো জাম, ৫ কেজি, তীর ব্র্যান্ড",1171
prod_02643,ফ্রেশ জাম ৫ কেজি,ফল,"কালো জাম, ৫ কেজি, ফ্রেশ ব্র্যান্ড",1168
prod_02644,ফ্রেশ জাম ১ কেজি,ফল,"কালো জাম, ১ কেজি, ফ্রেশ ব্র্যান্ড",285
prod_02645,ফ্রেশ জাম ৫০০ গ্রাম,ফল,"কালো জাম, ৫০০ গ্রাম, ফ্রেশ ব্র্যান্ড",149
prod_02646,পূর্ণ জাম ৫০০ গ্রাম,ফল,"কালো জাম, ৫০০ গ্রাম, পূর্ণ ব্র্যান্ড",154
prod_02647,পূর্ণ জাম ৫ কেজি,ফল,"কালো জাম, ৫ কেজি, পূর্ণ ব্র্যান্ড",1130
prod_02648,পূর্ণ জাম ২৫০ গ্রাম,ফল,"কালো জাম, ২৫০ গ্রাম, পূর্ণ ব্র্যান্ড",73
prod_02649,ইস্পাহানি জাম ৫০০ গ্রাম,ফল,"কালো জাম, ৫০০ গ্রাম, ইস্পাহানি ব্র্যান্ড",140
prod_02650,ইস্পাহানি জাম ২৫০ গ্রাম,ফল,"কালো জাম, ২৫০ গ্রাম, ইস্পাহানি ব্র্যান্ড",74
prod_02651,ইস্পাহানি জাম ১ কেজি,ফল,"কালো জাম, ১ কেজি, ইস্পাহানি ব্র্যান্ড",294
prod_02652,প্রাণ জাম ১ কেজি,ফল,"কালো জাম, ১ কেজি, প্রাণ ব্র্যান্ড",243
prod_02653,প্রাণ জাম ৫ কেজি,ফল,"কালো জাম, ৫ কেজি, প্রাণ ব্র্যান্ড",1065
prod_02654,প্রাণ জাম ৫০০ গ্রাম,ফল,"কালো জাম, ৫০০ গ্রাম, প্রাণ ব্র্যান্ড",138
prod_02655,আফতাব পেঁপে ২ কেজি,ফল,"পাকা পেঁপে, ২ কেজি, আফতাব ব্র্যান্ড",174
prod_02656,আফতাব পেঁপে ৫০০ গ্রাম,ফল,"পাকা পেঁপে, ৫০০ গ্রাম, আফতাব ব্র্যান্ড",55
prod_02657,আফতাব পেঁপে ৫ কেজি,ফল,"পাকা পেঁপে, ৫ কেজি, আফতাব ব্র্যান্ড",418
prod_02658,ফ্রেশ পেঁপে ২ কেজি,ফল,"পাকা পেঁপে, ২ কেজি, ফ্রেশ ব্র্যান্ড",178
prod_02659,ফ্রেশ পেঁপে ৫ কেজি,ফল,"পাকা পেঁপে, ৫ কেজি, ফ্রেশ ব্র্যান্ড",488
prod_02660,ফ্রেশ পেঁপে ২৫০ গ্রাম,ফল,"পাকা পেঁপে, ২৫০ গ্রাম, ফ্রেশ ব্র্যান্ড",27
prod_02661,মেঘনা পেঁপে ১ কেজি,ফল,"পাকা পেঁপে, ১ কেজি, মেঘনা ব্র্যান্ড",106
prod_02662,মেঘনা পেঁপে ৫ কেজি,ফল,"পাকা পেঁপে, ৫ কেজি, মেঘনা ব্র্যান্ড",435
prod_02663,মেঘনা পেঁপে ২৫০ গ্রাম,ফল,"পাকা পেঁপে, ২৫০ গ্রাম, মেঘনা ব্র্যান্ড",31
prod_02664,অর্গানিক ফার্ম পেঁপে ২ কেজি,ফল,"পাকা পেঁপে, ২ কেজি, অর্গানিক ফার্ম ব্র্যান্ড",201
prod_02665,অর্গানিক ফার্ম পেঁপে ২৫০ গ্রাম,ফল,"পাকা পেঁপে, ২৫০ গ্রাম, অর্গানিক ফার্ম ব্র্যান্ড",32
prod_02666,অর্গানিক ফার্ম পেঁপে ৫ কেজি,ফল,"পাকা পেঁপে, ৫ কেজি, অর্গানিক ফার্ম ব্র্যান্ড",420
prod_02667,সুরভি পেঁপে ২৫০ গ্রাম,ফল,"পাকা পেঁপে, ২৫০ গ্রাম, সুরভি ব্র্যান্ড",27
prod_02668,সুরভি পেঁপে ২ কেজি,ফল,"পাকা পেঁপে, ২ কেজি, সুরভি ব্র্যান্ড",207
prod_02669,সুরভি পেঁপে ১ কেজি,ফল,"পাকা পেঁপে, ১ কেজি, সুরভি ব্র্যান্ড",112
prod_02670,মিল্কভিটা আঙুর ১ কেজি,ফল,"সবুজ আঙুর, ১ কেজি, মিল্কভিটা ব্র্যান্ড",521
prod_02671,মিল্কভিটা আঙুর ৫০০ গ্রাম,ফল,"সবুজ আঙুর, ৫০০ গ্রাম, মিল্কভিটা ব্র্যান্ড",275
prod_02672,মিল্কভিটা আঙুর ২৫০ গ্রাম,ফল,"সবুজ আঙুর, ২৫০ গ্রাম, মিল্কভিটা ব্র্যান্ড",157
prod_02673,অর্গানিক ফার্ম আঙুর ৫০০ গ্রাম,ফল,"সবুজ আঙুর, ৫০০ গ্রাম, অর্গানিক ফার্ম ব্র্যান্ড",274
prod_02674,অর্গানিক ফার্ম আঙুর ২ কেজি,ফল,"সবুজ আঙুর, ২ কেজি, অর্গানিক ফার্ম ব্র্যান্ড",976
prod_02675,অর্গানিক ফার্ম আঙুর ২৫০ গ্রাম,ফল,"সবুজ আঙুর, ২৫০ গ্রাম, অর্গানিক ফার্ম ব্র্যান্ড",136
prod_02676,স্কয়ার আঙুর ২ কেজি,ফল,"সবুজ আঙুর, ২ কেজি, স্কয়ার ব্র্যান্ড",1042
prod_02677,স্কয়ার আঙুর ৫০০ গ্রাম,ফল,"সবুজ আঙুর, ৫০০ গ্রাম, স্কয়ার ব্র্যান্ড",297
prod_02678,স্কয়ার আঙুর ২৫০ গ্রাম,ফল,"সবুজ আঙুর, ২৫০ গ্রাম, স্কয়ার ব্র্যান্ড",146
prod_02679,ড্যানিশ আঙুর ৫০০ গ্রাম,ফল,"সবুজ আঙুর, ৫০০ গ্রাম, ড্যানিশ ব্র্যান্ড",281
prod_02680,ড্যানিশ আঙুর ২ কেজি,ফল,"সবুজ আঙুর, ২ কেজি, ড্যানিশ ব্র্যান্ড",932
prod_02681,ড্যানিশ আঙুর ১ কেজি,ফল,"সবুজ আঙুর, ১ কেজি, ড্যানিশ ব্র্যান্ড",515
prod_02682,ম্যারিকো আঙুর ১ কেজি,ফল,"সবুজ আঙুর, ১ কেজি, ম্যারিকো ব্র্যান্ড",560
prod_02683,ম্যারিকো আঙুর ৫০০ গ্রাম,ফল,"সবুজ আঙুর, ৫০০ গ্রাম, ম্যারিকো ব্র্যান্ড",273
prod_02684,ম্যারিকো আঙুর ২৫০ গ্রাম,ফল,"সবুজ আঙুর, ২৫০ গ্রাম, ম্যারিকো ব্র্যান্ড",139
prod_02685,ইগলু স্ট্রবেরি ৫০০ গ্রাম,ফল,"তাজা স্ট্রবেরি, ৫০০ গ্রাম, ইগলু ব্র্যান্ড",325
prod_02686,ইগলু স্ট্রবেরি ১ কেজি,ফল,"তাজা স্ট্রবেরি, ১ কেজি, ইগলু ব্র্যান্ড",667
prod_02687,ইগলু স্ট্রবেরি ২ কেজি,ফল,"তাজা স্ট্রবেরি, ২ কেজি, ইগলু ব্র্যান্ড",1221
prod_02688,অর্গানিক ফার্ম স্ট্রবেরি ৫০০ গ্রাম,ফল,"তাজা স্ট্রবেরি, ৫০০ গ্রাম, অর্গানিক ফার্ম ব্র্যান্ড",343
prod_02689,অর্গানিক ফার্ম স্ট্রবেরি ৫ কেজি,ফল,"তাজা স্ট্রবেরি, ৫ কেজি, অর্গানিক ফার্ম ব্র্যান্ড",2636
prod_02690,অর্গানিক ফার্ম স্ট্রবেরি ২৫০ গ্রাম,ফল,"তাজা স্ট্রবেরি, ২৫০ গ্রাম, অর্গানিক ফার্ম ব্র্যান্ড",187
prod_02691,ড্যানিশ স্ট্রবেরি ৫০০ গ্রাম,ফল,"তাজা স্ট্রবেরি, ৫০০ গ্রাম, ড্যানিশ ব্র্যান্ড",334
prod_02692,ড্যানিশ স্ট্রবেরি ২ কেজি,ফল,"তাজা স্ট্রবেরি, ২ কেজি, ড্যানিশ ব্র্যান্ড",1171
prod_02693,ড্যানিশ স্ট্রবেরি ৫ কেজি,ফল,"তাজা স্ট্রবেরি, ৫ কেজি, ড্যানিশ ব্র্যান্ড",2748
prod_02694,ইস্পাহানি স্ট্রবেরি ৫০০ গ্রাম,ফল,"তাজা স্ট্রবেরি, ৫০০ গ্রাম, ইস্পাহানি ব্র্যান্ড",345
prod_02695,ইস্পাহানি স্ট্রবেরি ৫ কেজি,ফল,"তাজা স্ট্রবেরি, ৫ কেজি, ইস্পাহানি ব্র্যান্ড",2479
prod_02696,ইস্পাহানি স্ট্রবেরি ২ কেজি,ফল,"তাজা স্ট্রবেরি, ২ কেজি, ইস্পাহানি ব্র্যান্ড",1215
prod_02697,স্কয়ার স্ট্রবেরি ৫০০ গ্রাম,ফল,"তাজা স্ট্রবেরি, ৫০০ গ্রাম, স্কয়ার ব্র্যান্ড",383
prod_02698,স্কয়ার স্ট্রবেরি ২৫০ গ্রাম,ফল,"তাজা স্ট্রবেরি, ২৫০ গ্রাম, স্কয়ার ব্র্যান্ড",158
prod_02699,স্কয়ার স্ট্রবেরি ৫ কেজি,ফল,"তাজা স্ট্রবেরি, ৫ কেজি, স্কয়ার ব্র্যান্ড",2609
prod_02700,আফতাব বুটের ডাল (২ কেজি),দালিল শস্য,"বুটের ডাল, ২ কেজি, আফতাব ব্র্যান্ড, প্রিমিয়াম কোয়ালিটি",365
prod_02701,রূপচাঁদা ঝিঙ্গা (৫০০ গ্রাম),শাকসবজি,"সবুজ ঝিঙ্গা, ৫০০ গ্রাম, রূপচাঁদা ব্র্যান্ড, প্রিমিয়াম কোয়ালিটি",34
prod_02702,ড্যানিশ চিড়া (৫০০ গ্রাম),খাদ্যশস্য,"চ্যাপ্টা চিড়া, ৫০০ গ্রাম, ড্যানিশ ব্র্যান্ড, প্রিমিয়াম কোয়ালিটি",53
prod_02703,রাধুনী কিসমিস (২৫০ গ্রাম),বাদাম ও শুকনো ফল,"ভারতীয় কিসমিস, ২৫০ গ্রাম, রাধুনী ব্র্যান্ড, প্রিমিয়াম কোয়ালিটি",99
prod_02704,ইগলু পেস্তাবাদাম (৫ কেজি),বাদাম ও শুকনো ফল,"ইরানি পেস্তাবাদাম, ৫ কেজি, ইগলু ব্র্যান্ড, প্রিমিয়াম কোয়ালিটি",2578
prod_02705,ইগলু বেসন (৫০০ গ্রাম),খাদ্যশস্য,"ছোলার বেসন, ৫০০ গ্রাম, ইগলু ব্র্যান্ড, প্রিমিয়াম কোয়ালিটি",100
prod_02706,মেঘনা নারকেল দুধ (২ লিটার),রান্নার উপাদান,"গাঢ় নারকেল দুধ, ২ লিটার, মেঘনা ব্র্যান্ড, প্রিমিয়াম কোয়ালিটি",373
prod_02707,রাধুনী খই (২ কেজি),খাদ্যশস্য,"ভাজা খই, ২ কেজি, রাধুনী ব্র্যান্ড, প্রিমিয়াম কোয়ালিটি",160
prod_02708,আরকু রুটি (১ কেজি),তাৎক্ষণিক খাদ্য,"স্লাইসড রুটি, ১ কেজি, আরকু ব্র্যান্ড, প্রিমিয়াম কোয়ালিটি",105
prod_02709,কাজী ফার্মস শরবত (৫ লিটার),পানীয়,"রুহ আফজা শরবত, ৫ লিটার, কাজী ফার্মস ব্র্যান্ড, প্রিমিয়াম কোয়ালিটি",914
prod_02710,আরকু সানফ্লাওয়ার তেল (৫ লিটার),রান্নার তেল,"সানফ্লাওয়ার তেল, ৫ লিটার, আরকু ব্র্যান্ড, প্রিমিয়াম কোয়ালিটি",2380
prod_02711,ফ্রেশ আম আচার (২ কেজি),সংরক্ষণ ও চাটনি,"তাজা আম আচার, ২ কেজি, ফ্রেশ ব্র্যান্ড, প্রিমিয়াম কোয়ালিটি",276
prod_02712,মেঘনা মাষকলাই ডাল (৫০০ গ্রাম),দালিল শস্য,"কালো মাষকলাই ডাল, ৫০০ গ্রাম, মেঘনা ব্র্যান্ড, প্রিমিয়াম কোয়ালিটি",141
prod_02713,তীর নারকেল তেল (১ লিটার),রান্নার তেল,"খাঁটি নারকেল তেল, ১ লিটার, তীর ব্র্যান্ড, প্রিমিয়াম কোয়ালিটি",331
prod_02714,রূপচাঁদা ডাটা শাক (৫ কেজি),শাকসবজি,"তাজা ডাটা শাক, ৫ কেজি, রূপচাঁদা ব্র্যান্ড, প্রিমিয়াম কোয়ালিটি",208
prod_02715,স্কয়ার ঘি (১ কেজি),দুগ্ধজাত,"খাঁটি গাওয়া ঘি, ১ কেজি, স্কয়ার ব্র্যান্ড, প্রিমিয়াম কোয়ালিটি",805
prod_02716,আরকু ওয়েস্টার সস (২৫০ মিলি),স্টক ও সস,"ওয়েস্টার সস, ২৫০ মিলি, আরকু ব্র্যান্ড, প্রিমিয়াম কোয়ালিটি",76
prod_02717,আফতাব অ্যালমন্ড মিল্ক (৫ কেজি),স্বাস্থ্য খাদ্য,"অ্যালমন্ড মিল্ক, ৫ কেজি, আফতাব ব্র্যান্ড, প্রিমিয়াম কোয়ালিটি",2060
prod_02718,কাজী ফার্মস স্ট্রবেরি (৫ কেজি),ফল,"তাজা স্ট্রবেরি, ৫ কেজি, কাজী ফার্মস ব্র্যান্ড, প্রিমিয়াম কোয়ালিটি",2939
prod_02719,রাধুনী গ্রানোলা (৫০০ গ্রাম),স্বাস্থ্য খাদ্য,"মিক্সড গ্রানোলা, ৫০০ গ্রাম, রাধুনী ব্র্যান্ড, প্রিমিয়াম কোয়ালিটি",312
prod_02720,রাধুনী কিনোয়া (২ কেজি),স্বাস্থ্য খাদ্য,"অর্গানিক কিনোয়া, ২ কেজি, রাধুনী ব্র্যান্ড, প্রিমিয়াম কোয়ালিটি",1253
prod_02721,ফ্রেশ কাজু বাদাম (৫০০ গ্রাম),বাদাম ও শুকনো ফল,"টাটকা কাজু বাদাম, ৫০০ গ্রাম, ফ্রেশ ব্র্যান্ড, প্রিমিয়াম কোয়ালিটি",261
prod_02722,তীর খাসির মাংস (৫০০ গ্রাম),প্রোটিন,"তাজা খাসির মাংস, ৫০০ গ্রাম, তীর ব্র্যান্ড, প্রিমিয়াম কোয়ালিটি",905
prod_02723,ড্যানিশ আটা (৫ কেজি),খাদ্যশস্য,"গম আটা, উচ্চমানের, ৫ কেজি, ড্যানিশ ব্র্যান্ড, প্রিমিয়াম কোয়ালিটি",465
prod_02724,ড্যানিশ আনারস (২ কেজি),ফল,"তাজা আনারস, ২ কেজি, ড্যানিশ ব্র্যান্ড, প্রিমিয়াম কোয়ালিটি",342
prod_02725,ম্যারিকো আটা (২৫০ গ্রাম),খাদ্যশস্য,"গম আটা, উচ্চমানের, ২৫০ গ্রাম, ম্যারিকো ব্র্যান্ড, প্রিমিয়াম কোয়ালিটি",23
prod_02726,স্কয়ার জিলাপি (২ কেজি),মিষ্টি ও ডেজার্ট,"তাজা জিলাপি, ২ কেজি, স্কয়ার ব্র্যান্ড, প্রিমিয়াম কোয়ালিটি",327
prod_02727,মিল্কভিটা কেক (৫ কেজি),তাৎক্ষণিক খাদ্য,"ফ্রুট কেক, ৫ কেজি, মিল্কভিটা ব্র্যান্ড, প্রিমিয়াম কোয়ালিটি",1240
prod_02728,ACI অ্যালমন্ড মিল্ক (৫ কেজি),স্বাস্থ্য খাদ্য,"অ্যালমন্ড মিল্ক, ৫ কেজি, ACI ব্র্যান্ড, প্রিমিয়াম কোয়ালিটি",1667
prod_02729,বসুন্ধরা পেস্তাবাদাম (৫০০ গ্রাম),বাদাম ও শুকনো ফল,"ইরানি পেস্তাবাদাম, ৫০০ গ্রাম, বসুন্ধরা ব্র্যান্ড, প্রিমিয়াম কোয়ালিটি",318
prod_02730,তীর চিনাবাদাম (১ কেজি),বাদাম ও শুকনো ফল,"সিদ্ধ চিনাবাদাম, ১ কেজি, তীর ব্র্যান্ড, প্রিমিয়াম কোয়ালিটি",244
prod_02731,কাজী ফার্মস ধনিয়া (১ কেজি),মশলা,"ধনিয়া গুঁড়া, ১ কেজি, কাজী ফার্মস ব্র্যান্ড, প্রিমিয়াম কোয়ালিটি",97
prod_02732,ইস্পাহানি মেথি বীজ (৫০০ গ্রাম),মশলা,"মেথি বীজ, ৫০০ গ্রাম, ইস্পাহানি ব্র্যান্ড, প্রিমিয়াম কোয়ালিটি",44
prod_02733,তীর পরোটা (২ কেজি),তাৎক্ষণিক খাদ্য,"ফ্রোজেন পরোটা, ২ কেজি, তীর ব্র্যান্ড, প্রিমিয়াম কোয়ালিটি",237
prod_02734,কাজী ফার্মস জিরা (২৫০ গ্রাম),মশলা,"জিরা বীজ, ২৫০ গ্রাম, কাজী ফার্মস ব্র্যান্ড, প্রিমিয়াম কোয়ালিটি",41
prod_02735,মেঘনা রসুনের আচার (২ কেজি),সংরক্ষণ ও চাটনি,"রসুনের আচার, ২ কেজি, মেঘনা ব্র্যান্ড, প্রিমিয়াম কোয়ালিটি",259
prod_02736,ফ্রেশ দারুচিনি (২৫০ গ্রাম),মশলা,"দারুচিনির ছাল, ২৫০ গ্রাম, ফ্রেশ ব্র্যান্ড, প্রিমিয়াম কোয়ালিটি",48
prod_02737,ইগলু আপেল (১ কেজি),ফল,"ফুজি আপেল, ১ কেজি, ইগলু ব্র্যান্ড, প্রিমিয়াম কোয়ালিটি",403
prod_02738,রূপচাঁদা চানাচুর (১ কেজি),তাৎক্ষণিক খাদ্য,"মসলাদার চানাচুর, ১ কেজি, রূপচাঁদা ব্র্যান্ড, প্রিমিয়াম কোয়ালিটি",102
prod_02739,মিল্কভিটা বোয়াল মাছ (২ কেজি),প্রোটিন,"তাজা বোয়াল মাছ, ২ কেজি, মিল্কভিটা ব্র্যান্ড, প্রিমিয়াম কোয়ালিটি",1370
prod_02740,রূপচাঁদা পুঁই শাক (২৫০ গ্রাম),শাকসবজি,"তাজা পুঁই শাক, ২৫০ গ্রাম, রূপচাঁদা ব্র্যান্ড, প্রিমিয়াম কোয়ালিটি",13
prod_02741,প্রাণ মিষ্টি আলু (২ কেজি),শাকসবজি,"কমলা মিষ্টি আলু, ২ কেজি, প্রাণ ব্র্যান্ড, প্রিমিয়াম কোয়ালিটি",198
prod_02742,মেঘনা সন্দেশ (২৫০ গ্রাম),মিষ্টি ও ডেজার্ট,"তাজা সন্দেশ, ২৫০ গ্রাম, মেঘনা ব্র্যান্ড, প্রিমিয়াম কোয়ালিটি",75
prod_02743,সুরভি ক্রিম (১ কেজি),দুগ্ধজাত,"ফ্রেশ ক্রিম, ১ কেজি, সুরভি ব্র্যান্ড, প্রিমিয়াম কোয়ালিটি",327
prod_02744,রাধুনী তিলের তেল (৫ লিটার),রান্নার তেল,"খাঁটি তিলের তেল, ৫ লিটার, রাধুনী ব্র্যান্ড, প্রিমিয়াম কোয়ালিটি",2372
prod_02745,অর্গানিক ফার্ম আনারস (৫ কেজি),ফল,"তাজা আনারস, ৫ কেজি, অর্গানিক ফার্ম ব্র্যান্ড, প্রিমিয়াম কোয়ালিটি",752
prod_02746,পূর্ণ মাষকলাই ডাল (৫০০ গ্রাম),দালিল শস্য,"কালো মাষকলাই ডাল, ৫০০ গ্রাম, পূর্ণ ব্র্যান্ড, প্রিমিয়াম কোয়ালিটি",143
prod_02747,পূর্ণ হট সস (১ লিটার),স্টক ও সস,"হট চিলি সস, ১ লিটার, পূর্ণ ব্র্যান্ড, প্রিমিয়াম কোয়ালিটি",153
prod_02748,ACI টমেটোর চাটনি (২ কেজি),সংরক্ষণ ও চাটনি,"টমেটোর চাটনি, ২ কেজি, ACI ব্র্যান্ড, প্রিমিয়াম কোয়ালিটি",284
prod_02749,ইগলু নারকেল তেল (২ লিটার),রান্নার তেল,"খাঁটি নারকেল তেল, ২ লিটার, ইগলু ব্র্যান্ড, প্রিমিয়াম কোয়ালিটি",698
prod_02750,ড্যানিশ পেস্তাবাদাম (২ কেজি),বাদাম ও শুকনো ফল,"ইরানি পেস্তাবাদাম, ২ কেজি, ড্যানিশ ব্র্যান্ড, প্রিমিয়াম কোয়ালিটি",913
prod_02751,ম্যারিকো অলিভ অয়েল (১ লিটার),রান্নার তেল,"এক্সট্রা ভার্জিন অলিভ অয়েল, ১ লিটার, ম্যারিকো ব্র্যান্ড, প্রিমিয়াম কোয়ালিটি",803
prod_02752,মিল্কভিটা পাস্তা (২ কেজি),তাৎক্ষণিক খাদ্য,"ইতালিয়ান পাস্তা, ২ কেজি, মিল্কভিটা ব্র্যান্ড, প্রিমিয়াম কোয়ালিটি",336
prod_02753,ড্যানিশ ওয়েস্টার সস (৫০০ মিলি),স্টক ও সস,"ওয়েস্টার সস, ৫০০ মিলি, ড্যানিশ ব্র্যান্ড, প্রিমিয়াম কোয়ালিটি",162
prod_02754,ইস্পাহানি চিংড়ি (২ কেজি),প্রোটিন,"তাজা চিংড়ি, ২ কেজি, ইস্পাহানি ব্র্যান্ড, প্রিমিয়াম কোয়ালিটি",1798
prod_02755,ACI আম (৫ কেজি),ফল,"হিমসাগর আম, ৫ কেজি, ACI ব্র্যান্ড, প্রিমিয়াম কোয়ালিটি",1411
prod_02756,প্রাণ ফ্ল্যাক্স সিড (২৫০ গ্রাম),স্বাস্থ্য খাদ্য,"ফ্ল্যাক্স সিড, ২৫০ গ্রাম, প্রাণ ব্র্যান্ড, প্রিমিয়াম কোয়ালিটি",112
prod_02757,ফ্রেশ নারকেল চিপস (১ কেজি),বাদাম ও শুকনো ফল,"কাটা নারকেল চিপস, ১ কেজি, ফ্রেশ ব্র্যান্ড, প্রিমিয়াম কোয়ালিটি",175
prod_02758,সুরভি স্ট্রবেরি (২৫০ গ্রাম),ফল,"তাজা স্ট্রবেরি, ২৫০ গ্রাম, সুরভি ব্র্যান্ড, প্রিমিয়াম কোয়ালিটি",155
prod_02759,রাধুনী ফল জুস (৫ লিটার),পানীয়,"মিশ্র ফল জুস, ৫ লিটার, রাধুনী ব্র্যান্ড, প্রিমিয়াম কোয়ালিটি",1052
prod_02760,ড্যানিশ পেঁপে (১ কেজি),ফল,"পাকা পেঁপে, ১ কেজি, ড্যানিশ ব্র্যান্ড, প্রিমিয়াম কোয়ালিটি",112
prod_02761,ফ্রেশ স্ট্রবেরি (১ কেজি),ফল,"তাজা স্ট্রবেরি, ১ কেজি, ফ্রেশ ব্র্যান্ড, প্রিমিয়াম কোয়ালিটি",632
prod_02762,বসুন্ধরা খই (৫০০ গ্রাম),খাদ্যশস্য,"ভাজা খই, ৫০০ গ্রাম, বসুন্ধরা ব্র্যান্ড, প্রিমিয়াম কোয়ালিটি",46
prod_02763,ইগলু ডিম (৫০০ গ্রাম),প্রোটিন,"তাজা মুরগির ডিম, ৫০০ গ্রাম, ইগলু ব্র্যান্ড, প্রিমিয়াম কোয়ালিটি",114
prod_02764,মেঘনা খেসারি ডাল (২ কেজি),দালিল শস্য,"খেসারি ডাল, ২ কেজি, মেঘনা ব্র্যান্ড, প্রিমিয়াম কোয়ালিটি",333
prod_02765,ACI আম আচার (১ কেজি),সংরক্ষণ ও চাটনি,"তাজা আম আচার, ১ কেজি, ACI ব্র্যান্ড, প্রিমিয়াম কোয়ালিটি",163
prod_02766,ইস্পাহানি নারকেল তেল (২৫০ মিলি),রান্নার তেল,"খাঁটি নারকেল তেল, ২৫০ মিলি, ইস্পাহানি ব্র্যান্ড, প্রিমিয়াম কোয়ালিটি",102
prod_02767,স্কয়ার তেজপাতা (১ কেজি),মশলা,"তেজপাতা, ১ কেজি, স্কয়ার ব্র্যান্ড, প্রিমিয়াম কোয়ালিটি",67
prod_02768,কাজী ফার্মস আদার আচার (৫ কেজি),সংরক্ষণ ও চাটনি,"আদার আচার, ৫ কেজি, কাজী ফার্মস ব্র্যান্ড, প্রিমিয়াম কোয়ালিটি",609
prod_02769,তীর মুরগি (৫ কেজি),প্রোটিন,"তাজা মুরগির মাংস, ৫ কেজি, তীর ব্র্যান্ড, প্রিমিয়াম কোয়ালিটি",2803
prod_02770,স্কয়ার তরমুজ (৫০০ গ্রাম),ফল,"তাজা তরমুজ, ৫০০ গ্রাম, স্কয়ার ব্র্যান্ড, প্রিমিয়াম কোয়ালিটি",52
prod_02771,সুরভি কাতলা মাছ (৫০০ গ্রাম),প্রোটিন,"তাজা কাতলা মাছ, ৫০০ গ্রাম, সুরভি ব্র্যান্ড, প্রিমিয়াম কোয়ালিটি",326
prod_02772,ইগলু পটল (২৫০ গ্রাম),শাকসবজি,"তাজা পটল, ২৫০ গ্রাম, ইগলু ব্র্যান্ড, প্রিমিয়াম কোয়ালিটি",19
prod_02773,প্রাণ কই মাছ (২ কেজি),প্রোটিন,"তাজা কই মাছ, ২ কেজি, প্রাণ ব্র্যান্ড, প্রিমিয়াম কোয়ালিটি",1068
prod_02774,ইগলু রসুনের আচার (৫ কেজি),সংরক্ষণ ও চাটনি,"রসুনের আচার, ৫ কেজি, ইগলু ব্র্যান্ড, প্রিমিয়াম কোয়ালিটি",604
prod_02775,ACI ম্যাকারনি (২৫০ গ্রাম),তাৎক্ষণিক খাদ্য,"ম্যাকারনি, ২৫০ গ্রাম, ACI ব্র্যান্ড, প্রিমিয়াম কোয়ালিটি",53
prod_02776,তীর পালং শাক (৫০০ গ্রাম),শাকসবজি,"তাজা পালং শাক, ৫০০ গ্রাম, তীর ব্র্যান্ড, প্রিমিয়াম কোয়ালিটি",47
prod_02777,ম্যারিকো পেস্তাবাদাম (৫০০ গ্রাম),বাদাম ও শুকনো ফল,"ইরানি পেস্তাবাদাম, ৫০০ গ্রাম, ম্যারিকো ব্র্যান্ড, প্রিমিয়াম কোয়ালিটি",366
prod_02778,রাধুনী ভ্যাজিটেবল স্টক (২৫০ মিলি),স্টক ও সস,"শাকসবজির স্টক, ২৫০ মিলি, রাধুনী ব্র্যান্ড, প্রিমিয়াম কোয়ালিটি",97
prod_02779,ম্যারিকো চিকেন স্টক (২৫০ মিলি),স্টক ও সস,"মুরগির স্টক, ২৫০ মিলি, ম্যারিকো ব্র্যান্ড, প্রিমিয়াম কোয়ালিটি",94
prod_02780,ফ্রেশ রাজমা (১ কেজি),দালিল শস্য,"লাল রাজমা, ১ কেজি, ফ্রেশ ব্র্যান্ড, প্রিমিয়াম কোয়ালিটি",248
prod_02781,ফ্রেশ চিনাবাদাম (২৫০ গ্রাম),বাদাম ও শুকনো ফল,"সিদ্ধ চিনাবাদাম, ২৫০ গ্রাম, ফ্রেশ ব্র্যান্ড, প্রিমিয়াম কোয়ালিটি",81
prod_02782,ইস্পাহানি ঘি (১ কেজি),দুগ্ধজাত,"খাঁটি গাওয়া ঘি, ১ কেজি, ইস্পাহানি ব্র্যান্ড, প্রিমিয়াম কোয়ালিটি",618
prod_02783,বসুন্ধরা মাগুর মাছ (৫ কেজি),প্রোটিন,"তাজা মাগুর মাছ, ৫ কেজি, বসুন্ধরা ব্র্যান্ড, প্রিমিয়াম কোয়ালিটি",2863
prod_02784,আফতাব লবঙ্গ (৫ কেজি),মশলা,"খাঁটি লবঙ্গ, ৫ কেজি, আফতাব ব্র্যান্ড, প্রিমিয়াম কোয়ালিটি",783
prod_02785,ম্যারিকো জোয়ার (৫০০ গ্রাম),খাদ্যশস্য,"জোয়ারের আটা, ৫০০ গ্রাম, ম্যারিকো ব্র্যান্ড, প্রিমিয়াম কোয়ালিটি",85
prod_02786,ফ্রেশ গরম মসলা (৫০০ গ্রাম),মশলা,"গরম মাসালা মিশ্রণ, ৫০০ গ্রাম, ফ্রেশ ব্র্যান্ড, প্রিমিয়াম কোয়ালিটি",90
prod_02787,মিল্কভিটা আনারস (৫০০ গ্রাম),ফল,"তাজা আনারস, ৫০০ গ্রাম, মিল্কভিটা ব্র্যান্ড, প্রিমিয়াম কোয়ালিটি",98
prod_02788,মেঘনা গাজর (২ কেজি),শাকসবজি,"হলুদ গাজর, ২ কেজি, মেঘনা ব্র্যান্ড, প্রিমিয়াম কোয়ালিটি",109
prod_02789,ফ্রেশ গুলাব জামুন (১ কেজি),মিষ্টি ও ডেজার্ট,"খাঁটি গুলাব জামুন, ১ কেজি, ফ্রেশ ব্র্যান্ড, প্রিমিয়াম কোয়ালিটি",287
prod_02790,তীর ঢেঁড়স (২ কেজি),শাকসবজি,"তাজা ঢেঁড়স, ২ কেজি, তীর ব্র্যান্ড, প্রিমিয়াম কোয়ালিটি",172
prod_02791,রাধুনী চিনাবাদাম (১ কেজি),বাদাম ও শুকনো ফল,"সিদ্ধ চিনাবাদাম, ১ কেজি, রাধুনী ব্র্যান্ড, প্রিমিয়াম কোয়ালিটি",260
prod_02792,ইগলু মরিচ পেস্ট (৫ লিটার),রান্নার উপাদান,"মরিচ পেস্ট, ৫ লিটার, ইগলু ব্র্যান্ড, প্রিমিয়াম কোয়ালিটি",712
prod_02793,কাজী ফার্মস ফ্ল্যাক্স সিড (২ কেজি),স্বাস্থ্য খাদ্য,"ফ্ল্যাক্স সিড, ২ কেজি, কাজী ফার্মস ব্র্যান্ড, প্রিমিয়াম কোয়ালিটি",749
prod_02794,রাধুনী ফিশ সস (২ লিটার),স্টক ও সস,"মাছের সস, ২ লিটার, রাধুনী ব্র্যান্ড, প্রিমিয়াম কোয়ালিটি",470
prod_02795,প্রাণ রসুনের আচার (২ কেজি),সংরক্ষণ ও চাটনি,"রসুনের আচার, ২ কেজি, প্রাণ ব্র্যান্ড, প্রিমিয়াম কোয়ালিটি",269
prod_02796,আফতাব বেকিং পাউডার (২৫০ মিলি),রান্নার উপাদান,"বেকিং পাউডার, ২৫০ মিলি, আফতাব ব্র্যান্ড, প্রিমিয়াম কোয়ালিটি",22
prod_02797,মিল্কভিটা আদা পেস্ট (২৫০ মিলি),রান্নার উপাদান,"তাজা আদা পেস্ট, ২৫০ মিলি, মিল্কভিটা ব্র্যান্ড, প্রিমিয়াম কোয়ালিটি",45
prod_02798,মেঘনা লাল মরিচ (৫০০ গ্রাম),মশলা,"সূক্ষ্ম লাল মরিচ, ৫০০ গ্রাম, মেঘনা ব্র্যান্ড, প্রিমিয়াম কোয়ালিটি",66
prod_02799,সুরভি সয়া সস (২ লিটার),রান্নার উপাদান,"প্রামাণিক সয়া সস, ২ লিটার, সুরভি ব্র্যান্ড, প্রিমিয়াম কোয়ালিটি",478
prod_02800,মিল্কভিটা শরবত (১ লিটার),পানীয়,"রুহ আফজা শরবত, ১ লিটার, মিল্কভিটা ব্র্যান্ড, প্রিমিয়াম কোয়ালিটি",232
prod_02801,রূপচাঁদা রসুন পেস্ট (৫ লিটার),রান্নার উপাদান,"তরল রসুন পেস্ট, ৫ লিটার, রূপচাঁদা ব্র্যান্ড, প্রিমিয়াম কোয়ালিটি",715
prod_02802,বসুন্ধরা জাম (৫০০ গ্রাম),ফল,"কালো জাম, ৫০০ গ্রাম, বসুন্ধরা ব্র্যান্ড, প্রিমিয়াম কোয়ালিটি",162
prod_02803,বসুন্ধরা টমেটো (২ কেজি),শাকসবজি,"পাকা টমেটো, ২ কেজি, বসুন্ধরা ব্র্যান্ড, প্রিমিয়াম কোয়ালিটি",175
prod_02804,ফ্রেশ মুরগি (২৫০ গ্রাম),প্রোটিন,"তাজা মুরগির মাংস, ২৫০ গ্রাম, ফ্রেশ ব্র্যান্ড, প্রিমিয়াম কোয়ালিটি",219
prod_02805,প্রাণ আঙুর (৫০০ গ্রাম),ফল,"সবুজ আঙুর, ৫০০ গ্রাম, প্রাণ ব্র্যান্ড, প্রিমিয়াম কোয়ালিটি",289
prod_02806,ACI ম্যাকারনি (৫ কেজি),তাৎক্ষণিক খাদ্য,"ম্যাকারনি, ৫ কেজি, ACI ব্র্যান্ড, প্রিমিয়াম কোয়ালিটি",777
prod_02807,ইগলু তিলের তেল (৫০০ মিলি),রান্নার তেল,"খাঁটি তিলের তেল, ৫০০ মিলি, ইগলু ব্র্যান্ড, প্রিমিয়াম কোয়ালিটি",328
prod_02808,আফতাব লিচু (১ কেজি),ফল,"তাজা লিচু, ১ কেজি, আফতাব ব্র্যান্ড, প্রিমিয়াম কোয়ালিটি",364
prod_02809,আরকু মুড়ি (২ কেজি),খাদ্যশস্য,"ফোলানো মুড়ি, ২ কেজি, আরকু ব্র্যান্ড, প্রিমিয়াম কোয়ালিটি",142
prod_02810,ইগলু ফুলকপি (১ কেজি),শাকসবজি,"সাদা ফুলকপি, ১ কেজি, ইগলু ব্র্যান্ড, প্রিমিয়াম কোয়ালিটি",99
prod_02811,আরকু অ্যালমন্ড মিল্ক (২৫০ গ্রাম),স্বাস্থ্য খাদ্য,"অ্যালমন্ড মিল্ক, ২৫০ গ্রাম, আরকু ব্র্যান্ড, প্রিমিয়াম কোয়ালিটি",112
prod_02812,রূপচাঁদা পেস্তাবাদাম (২ কেজি),বাদাম ও শুকনো ফল,"ইরানি পেস্তাবাদাম, ২ কেজি, রূপচাঁদা ব্র্যান্ড, প্রিমিয়াম কোয়ালিটি",911
prod_02813,ফ্রেশ বেকিং পাউডার (৫ লিটার),রান্নার উপাদান,"বেকিং পাউডার, ৫ লিটার, ফ্রেশ ব্র্যান্ড, প্রিমিয়াম কোয়ালিটি",368
prod_02814,কাজী ফার্মস লিচু (৫০০ গ্রাম),ফল,"তাজা লিচু, ৫০০ গ্রাম, কাজী ফার্মস ব্র্যান্ড, প্রিমিয়াম কোয়ালিটি",200
prod_02815,রূপচাঁদা মরিচ পেস্ট (৫ লিটার),রান্নার উপাদান,"মরিচ পেস্ট, ৫ লিটার, রূপচাঁদা ব্র্যান্ড, প্রিমিয়াম কোয়ালিটি",758
prod_02816,স্কয়ার পেঁয়াজের চাটনি (২৫০ গ্রাম),সংরক্ষণ ও চাটনি,"পেঁয়াজের চাটনি, ২৫০ গ্রাম, স্কয়ার ব্র্যান্ড, প্রিমিয়াম কোয়ালিটি",32
prod_02817,মেঘনা ছোলা (১ কেজি),দালিল শস্য,"ছোট ছোলা, ১ কেজি, মেঘনা ব্র্যান্ড, প্রিমিয়াম কোয়ালিটি",216
prod_02818,স্কয়ার মুড়ি (২ কেজি),খাদ্যশস্য,"ফোলানো মুড়ি, ২ কেজি, স্কয়ার ব্র্যান্ড, প্রিমিয়াম কোয়ালিটি",112
prod_02819,ড্যানিশ টমেটোর চাটনি (১ কেজি),সংরক্ষণ ও চাটনি,"টমেটোর চাটনি, ১ কেজি, ড্যানিশ ব্র্যান্ড, প্রিমিয়াম কোয়ালিটি",124
prod_02820,সুরভি গুড় (১ কেজি),মিষ্টি ও ডেজার্ট,"খাঁটি গুড়, ১ কেজি, সুরভি ব্র্যান্ড, প্রিমিয়াম কোয়ালিটি",221
prod_02821,ফ্রেশ রাইস ব্রান তেল (১ লিটার),রান্নার তেল,"রাইস ব্রান তেল, ১ লিটার, ফ্রেশ ব্র্যান্ড, প্রিমিয়াম কোয়ালিটি",421
prod_02822,ইগলু নুডুলস (২ কেজি),তাৎক্ষণিক খাদ্য,"ডিম নুডুলস, ২ কেজি, ইগলু ব্র্যান্ড, প্রিমিয়াম কোয়ালিটি",195
prod_02823,প্রাণ ওয়েস্টার সস (২ লিটার),স্টক ও সস,"ওয়েস্টার সস, ২ লিটার, প্রাণ ব্র্যান্ড, প্রিমিয়াম কোয়ালিটি",525
prod_02824,মিল্কভিটা বিস্কুট (২ কেজি),তাৎক্ষণিক খাদ্য,"ক্রিম বিস্কুট, ২ কেজি, মিল্কভিটা ব্র্যান্ড, প্রিমিয়াম কোয়ালিটি",90
prod_02825,ফ্রেশ করলা (৫০০ গ্রাম),শাকসবজি,"তাজা করলা, ৫০০ গ্রাম, ফ্রেশ ব্র্যান্ড, প্রিমিয়াম কোয়ালিটি",52
prod_02826,অর্গানিক ফার্ম ম্যাকারনি (১ কেজি),তাৎক্ষণিক খাদ্য,"ম্যাকারনি, ১ কেজি, অর্গানিক ফার্ম ব্র্যান্ড, প্রিমিয়াম কোয়ালিটি",172
prod_02827,রূপচাঁদা ফিশ সস (২৫০ মিলি),স্টক ও সস,"মাছের সস, ২৫০ মিলি, রূপচাঁদা ব্র্যান্ড, প্রিমিয়াম কোয়ালিটি",71
prod_02828,বসুন্ধরা ছানা (২৫০ গ্রাম),দুগ্ধজাত,"তাজা ছানা, ২৫০ গ্রাম, বসুন্ধরা ব্র্যান্ড, প্রিমিয়াম কোয়ালিটি",70
prod_02829,অর্গানিক ফার্ম টমেটো সস (২৫০ মিলি),রান্নার উপাদান,"টমেটো কেচাপ, ২৫০ মিলি, অর্গানিক ফার্ম ব্র্যান্ড, প্রিমিয়াম কোয়ালিটি",42
prod_02830,স্কয়ার মূলা (১ কেজি),শাকসবজি,"সাদা মূলা, ১ কেজি, স্কয়ার ব্র্যান্ড, প্রিমিয়াম কোয়ালিটি",46
prod_02831,ম্যারিকো তরমুজ (১ কেজি),ফল,"তাজা তরমুজ, ১ কেজি, ম্যারিকো ব্র্যান্ড, প্রিমিয়াম কোয়ালিটি",117
prod_02832,ড্যানিশ খেজুর (৫ কেজি),বাদাম ও শুকনো ফল,"মধ্যপূর্বীয় খেজুর, ৫ কেজি, ড্যানিশ ব্র্যান্ড, প্রিমিয়াম কোয়ালিটি",1982
prod_02833,বসুন্ধরা মেয়োনেজ (৫ লিটার),স্টক ও সস,"ক্রিমি মেয়োনেজ, ৫ লিটার, বসুন্ধরা ব্র্যান্ড, প্রিমিয়াম কোয়ালিটি",843
prod_02834,আফতাব গরম মসলা (৫০০ গ্রাম),মশলা,"গরম মাসালা মিশ্রণ, ৫০০ গ্রাম, আফতাব ব্র্যান্ড, প্রিমিয়াম কোয়ালিটি",81
prod_02835,বসুন্ধরা চিজ (৫ কেজি),দুগ্ধজাত,"প্রসেসড চিজ, ৫ কেজি, বসুন্ধরা ব্র্যান্ড, প্রিমিয়াম কোয়ালিটি",2048
prod_02836,আফতাব চিকেন স্টক (৫০০ মিলি),স্টক ও সস,"মুরগির স্টক, ৫০০ মিলি, আফতাব ব্র্যান্ড, প্রিমিয়াম কোয়ালিটি",211
prod_02837,তীর চিংড়ি (১ কেজি),প্রোটিন,"তাজা চিংড়ি, ১ কেজি, তীর ব্র্যান্ড, প্রিমিয়াম কোয়ালিটি",1191
prod_02838,রাধুনী হট সস (৫০০ মিলি),স্টক ও সস,"হট চিলি সস, ৫০০ মিলি, রাধুনী ব্র্যান্ড, প্রিমিয়াম কোয়ালিটি",110
prod_02839,ইস্পাহানি আখের রস (১ লিটার),পানীয়,"তাজা আখের রস, ১ লিটার, ইস্পাহানি ব্র্যান্ড, প্রিমিয়াম কোয়ালিটি",285
prod_02840,সুরভি গুলাব জামুন (২৫০ গ্রাম),মিষ্টি ও ডেজার্ট,"খাঁটি গুলাব জামুন, ২৫০ গ্রাম, সুরভি ব্র্যান্ড, প্রিমিয়াম কোয়ালিটি",80
prod_02841,ACI গম (২ কেজি),খাদ্যশস্য,"সাদা গম, উচ্চমানের, ২ কেজি, ACI ব্র্যান্ড, প্রিমিয়াম কোয়ালিটি",637
prod_02842,আরকু মেয়োনেজ (৫০০ মিলি),স্টক ও সস,"ক্রিমি মেয়োনেজ, ৫০০ মিলি, আরকু ব্র্যান্ড, প্রিমিয়াম কোয়ালিটি",107
prod_02843,বসুন্ধরা মুরগি (১ কেজি),প্রোটিন,"তাজা মুরগির মাংস, ১ কেজি, বসুন্ধরা ব্র্যান্ড, প্রিমিয়াম কোয়ালিটি",754
prod_02844,রূপচাঁদা হলুদ গুঁড়া (২৫০ গ্রাম),মশলা,"খাঁটি হলুদ গুঁড়া, ২৫০ গ্রাম, রূপচাঁদা ব্র্যান্ড, প্রিমিয়াম কোয়ালিটি",21
prod_02845,অর্গানিক ফার্ম সানফ্লাওয়ার তেল (১ লিটার),রান্নার তেল,"সানফ্লাওয়ার তেল, ১ লিটার, অর্গানিক ফার্ম ব্র্যান্ড, প্রিমিয়াম কোয়ালিটি",599
prod_02846,রাধুনী হট সস (২ লিটার),স্টক ও সস,"হট চিলি সস, ২ লিটার, রাধুনী ব্র্যান্ড, প্রিমিয়াম কোয়ালিটি",362
prod_02847,ফ্রেশ চিংড়ি (৫ কেজি),প্রোটিন,"তাজা চিংড়ি, ৫ কেজি, ফ্রেশ ব্র্যান্ড, প্রিমিয়াম কোয়ালিটি",4816
prod_02848,মিল্কভিটা ঢেঁড়স (৫ কেজি),শাকসবজি,"তাজা ঢেঁড়স, ৫ কেজি, মিল্কভিটা ব্র্যান্ড, প্রিমিয়াম কোয়ালিটি",347
prod_02849,অর্গানিক ফার্ম নারকেল তেল (২৫০ মিলি),রান্নার তেল,"খাঁটি নারকেল তেল, ২৫০ মিলি, অর্গানিক ফার্ম ব্র্যান্ড, প্রিমিয়াম কোয়ালিটি",108
prod_02850,মিল্কভিটা চিপস (২ কেজি),তাৎক্ষণিক খাদ্য,"আলুর চিপস, ২ কেজি, মিল্কভিটা ব্র্যান্ড, প্রিমিয়াম কোয়ালিটি",139
prod_02851,ম্যারিকো গুলাব জামুন (৫০০ গ্রাম),মিষ্টি ও ডেজার্ট,"খাঁটি গুলাব জামুন, ৫০০ গ্রাম, ম্যারিকো ব্র্যান্ড, প্রিমিয়াম কোয়ালিটি",158
prod_02852,ইগলু ছানা (২ কেজি),দুগ্ধজাত,"তাজা ছানা, ২ কেজি, ইগলু ব্র্যান্ড, প্রিমিয়াম কোয়ালিটি",444
prod_02853,কাজী ফার্মস রাজমা (১ কেজি),দালিল শস্য,"লাল রাজমা, ১ কেজি, কাজী ফার্মস ব্র্যান্ড, প্রিমিয়াম কোয়ালিটি",305
prod_02854,কাজী ফার্মস মাশরুম (২ কেজি),শাকসবজি,"তাজা মাশরুম, ২ কেজি, কাজী ফার্মস ব্র্যান্ড, প্রিমিয়াম কোয়ালিটি",381
prod_02855,তীর মধু (১ কেজি),মিষ্টি ও ডেজার্ট,"খাঁটি মৌমাছির মধু, ১ কেজি, তীর ব্র্যান্ড, প্রিমিয়াম কোয়ালিটি",500
prod_02856,প্রাণ পেঁয়াজের চাটনি (৫ কেজি),সংরক্ষণ ও চাটনি,"পেঁয়াজের চাটনি, ৫ কেজি, প্রাণ ব্র্যান্ড, প্রিমিয়াম কোয়ালিটি",483
prod_02857,বসুন্ধরা অড়হর ডাল (৫ কেজি),দালিল শস্য,"অড়হর ডাল, ৫ কেজি, বসুন্ধরা ব্র্যান্ড, প্রিমিয়াম কোয়ালিটি",1013
prod_02858,কাজী ফার্মস আদার আচার (৫০০ গ্রাম),সংরক্ষণ ও চাটনি,"আদার আচার, ৫০০ গ্রাম, কাজী ফার্মস ব্র্যান্ড, প্রিমিয়াম কোয়ালিটি",94
prod_02859,পূর্ণ ভিনেগার (১ লিটার),রান্নার উপাদান,"সাদা ভিনেগার, ১ লিটার, পূর্ণ ব্র্যান্ড, প্রিমিয়াম কোয়ালিটি",101
prod_02860,ম্যারিকো মধু (৫০০ গ্রাম),মিষ্টি ও ডেজার্ট,"খাঁটি মৌমাছির মধু, ৫০০ গ্রাম, ম্যারিকো ব্র্যান্ড, প্রিমিয়াম কোয়ালিটি",314
prod_02861,আরকু বিস্কুট (১ কেজি),তাৎক্ষণিক খাদ্য,"ক্রিম বিস্কুট, ১ কেজি, আরকু ব্র্যান্ড, প্রিমিয়াম কোয়ালিটি",59
prod_02862,ড্যানিশ লিচু (১ কেজি),ফল,"তাজা লিচু, ১ কেজি, ড্যানিশ ব্র্যান্ড, প্রিমিয়াম কোয়ালিটি",383
prod_02863,বসুন্ধরা গাজর (৫ কেজি),শাকসবজি,"হলুদ গাজর, ৫ কেজি, বসুন্ধরা ব্র্যান্ড, প্রিমিয়াম কোয়ালিটি",228
prod_02864,ইগলু হট সস (২৫০ মিলি),স্টক ও সস,"হট চিলি সস, ২৫০ মিলি, ইগলু ব্র্যান্ড, প্রিমিয়াম কোয়ালিটি",53
prod_02865,তীর জায়ফল (২৫০ গ্রাম),মশলা,"খাঁটি জায়ফল, ২৫০ গ্রাম, তীর ব্র্যান্ড, প্রিমিয়াম কোয়ালিটি",97
prod_02866,মিল্কভিটা আখরোট (২৫০ গ্রাম),বাদাম ও শুকনো ফল,"আখরোট, ২৫০ গ্রাম, মিল্কভিটা ব্র্যান্ড, প্রিমিয়াম কোয়ালিটি",154
prod_02867,তীর জিলাপি (৫ কেজি),মিষ্টি ও ডেজার্ট,"তাজা জিলাপি, ৫ কেজি, তীর ব্র্যান্ড, প্রিমিয়াম কোয়ালিটি",791
prod_02868,রূপচাঁদা কেক (৫০০ গ্রাম),তাৎক্ষণিক খাদ্য,"ফ্রুট কেক, ৫০০ গ্রাম, রূপচাঁদা ব্র্যান্ড, প্রিমিয়াম কোয়ালিটি",139
prod_02869,ম্যারিকো চানাচুর (২৫০ গ্রাম),তাৎক্ষণিক খাদ্য,"মসলাদার চানাচুর, ২৫০ গ্রাম, ম্যারিকো ব্র্যান্ড, প্রিমিয়াম কোয়ালিটি",24
prod_02870,পূর্ণ লবণ (৫ কেজি),মশলা,"সমুদ্রের লবণ, ৫ কেজি, পূর্ণ ব্র্যান্ড, প্রিমিয়াম কোয়ালিটি",275
prod_02871,অর্গানিক ফার্ম জোয়ার (৫০০ গ্রাম),খাদ্যশস্য,"জোয়ারের আটা, ৫০০ গ্রাম, অর্গানিক ফার্ম ব্র্যান্ড, প্রিমিয়াম কোয়ালিটি",84
prod_02872,বসুন্ধরা ফ্ল্যাক্স সিড (৫০০ গ্রাম),স্বাস্থ্য খাদ্য,"ফ্ল্যাক্স সিড, ৫০০ গ্রাম, বসুন্ধরা ব্র্যান্ড, প্রিমিয়াম কোয়ালিটি",216
prod_02873,তীর ওয়েস্টার সস (২৫০ মিলি),স্টক ও সস,"ওয়েস্টার সস, ২৫০ মিলি, তীর ব্র্যান্ড, প্রিমিয়াম কোয়ালিটি",90
prod_02874,প্রাণ কালো জিরা (৫ কেজি),মশলা,"খাঁটি কালো জিরা, ৫ কেজি, প্রাণ ব্র্যান্ড, প্রিমিয়াম কোয়ালিটি",330
prod_02875,ফ্রেশ অ্যালমন্ড মিল্ক (৫০০ গ্রাম),স্বাস্থ্য খাদ্য,"অ্যালমন্ড মিল্ক, ৫০০ গ্রাম, ফ্রেশ ব্র্যান্ড, প্রিমিয়াম কোয়ালিটি",266
prod_02876,ACI ছানা (২ কেজি),দুগ্ধজাত,"তাজা ছানা, ২ কেজি, ACI ব্র্যান্ড, প্রিমিয়াম কোয়ালিটি",463
prod_02877,অর্গানিক ফার্ম ফিশ সস (৫০০ মিলি),স্টক ও সস,"মাছের সস, ৫০০ মিলি, অর্গানিক ফার্ম ব্র্যান্ড, প্রিমিয়াম কোয়ালিটি",149
prod_02878,ড্যানিশ কিসমিস (৫০০ গ্রাম),বাদাম ও শুকনো ফল,"ভারতীয় কিসমিস, ৫০০ গ্রাম, ড্যানিশ ব্র্যান্ড, প্রিমিয়াম কোয়ালিটি",194
prod_02879,ACI মুরগি (১ কেজি),প্রোটিন,"তাজা মুরগির মাংস, ১ কেজি, ACI ব্র্যান্ড, প্রিমিয়াম কোয়ালিটি",662
prod_02880,মেঘনা ফ্ল্যাক্স সিড (৫ কেজি),স্বাস্থ্য খাদ্য,"ফ্ল্যাক্স সিড, ৫ কেজি, মেঘনা ব্র্যান্ড, প্রিমিয়াম কোয়ালিটি",1978
prod_02881,প্রাণ কিনোয়া (২ কেজি),স্বাস্থ্য খাদ্য,"অর্গানিক কিনোয়া, ২ কেজি, প্রাণ ব্র্যান্ড, প্রিমিয়াম কোয়ালিটি",996
prod_02882,ম্যারিকো বিস্কুট (২ কেজি),তাৎক্ষণিক খাদ্য,"ক্রিম বিস্কুট, ২ কেজি, ম্যারিকো ব্র্যান্ড, প্রিমিয়াম কোয়ালিটি",102
prod_02883,ফ্রেশ কফি বিন (৫ লিটার),পানীয়,"ভাজা কফি বিন, ৫ লিটার, ফ্রেশ ব্র্যান্ড, প্রিমিয়াম কোয়ালিটি",1518
prod_02884,রূপচাঁদা সেমাই (১ কেজি),তাৎক্ষণিক খাদ্য,"পাতলা সেমাই, ১ কেজি, রূপচাঁদা ব্র্যান্ড, প্রিমিয়াম কোয়ালিটি",144
prod_02885,বসুন্ধরা মসুর ডাল (৫ কেজি),দালিল শস্য,"লাল মসুর ডাল, ৫ কেজি, বসুন্ধরা ব্র্যান্ড, প্রিমিয়াম কোয়ালিটি",1009
prod_02886,মেঘনা কাঠবাদাম (৫০০ গ্রাম),বাদাম ও শুকনো ফল,"কাঠবাদাম, ৫০০ গ্রাম, মেঘনা ব্র্যান্ড, প্রিমিয়াম কোয়ালিটি",342
prod_02887,ইস্পাহানি ফেলন (১ কেজি),দালিল শস্য,"সবুজ ফেলন, ১ কেজি, ইস্পাহানি ব্র্যান্ড, প্রিমিয়াম কোয়ালিটি",194
prod_02888,ইগলু আনারস (৫০০ গ্রাম),ফল,"তাজা আনারস, ৫০০ গ্রাম, ইগলু ব্র্যান্ড, প্রিমিয়াম কোয়ালিটি",87
prod_02889,বসুন্ধরা মাংস স্টক (২৫০ মিলি),স্টক ও সস,"গরুর মাংসের স্টক, ২৫০ মিলি, বসুন্ধরা ব্র্যান্ড, প্রিমিয়াম কোয়ালিটি",117
prod_02890,বসুন্ধরা খাসির মাংস (১ কেজি),প্রোটিন,"তাজা খাসির মাংস, ১ কেজি, বসুন্ধরা ব্র্যান্ড, প্রিমিয়াম কোয়ালিটি",1827
prod_02891,অর্গানিক ফার্ম খেজুর (১ কেজি),বাদাম ও শুকনো ফল,"মধ্যপূর্বীয় খেজুর, ১ কেজি, অর্গানিক ফার্ম ব্র্যান্ড, প্রিমিয়াম কোয়ালিটি",506
prod_02892,স্কয়ার মাংস স্টক (২ লিটার),স্টক ও সস,"গরুর মাংসের স্টক, ২ লিটার, স্কয়ার ব্র্যান্ড, প্রিমিয়াম কোয়ালিটি",863
prod_02893,ইগলু কাতলা মাছ (২৫০ গ্রাম),প্রোটিন,"তাজা কাতলা মাছ, ২৫০ গ্রাম, ইগলু ব্র্যান্ড, প্রিমিয়াম কোয়ালিটি",136
prod_02894,ইস্পাহানি অড়হর ডাল (২৫০ গ্রাম),দালিল শস্য,"অড়হর ডাল, ২৫০ গ্রাম, ইস্পাহানি ব্র্যান্ড, প্রিমিয়াম কোয়ালিটি",69
prod_02895,ড্যানিশ জায়ফল (২৫০ গ্রাম),মশলা,"খাঁটি জায়ফল, ২৫০ গ্রাম, ড্যানিশ ব্র্যান্ড, প্রিমিয়াম কোয়ালিটি",114
prod_02896,ইগলু আম (১ কেজি),ফল,"হিমসাগর আম, ১ কেজি, ইগলু ব্র্যান্ড, প্রিমিয়াম কোয়ালিটি",412
prod_02897,রূপচাঁদা লিচু (২৫০ গ্রাম),ফল,"তাজা লিচু, ২৫০ গ্রাম, রূপচাঁদা ব্র্যান্ড, প্রিমিয়াম কোয়ালিটি",110
prod_02898,মেঘনা রুই মাছ (২৫০ গ্রাম),প্রোটিন,"তাজা রুই মাছ, ২৫০ গ্রাম, মেঘনা ব্র্যান্ড, প্রিমিয়াম কোয়ালিটি",159
prod_02899,ইস্পাহানি পেস্তাবাদাম (৫ কেজি),বাদাম ও শুকনো ফল,"ইরানি পেস্তাবাদাম, ৫ কেজি, ইস্পাহানি ব্র্যান্ড, প্রিমিয়াম কোয়ালিটি",2632
prod_02900,আফতাব দই (৫ কেজি),দুগ্ধজাত,"তাজা গরুর দই, ৫ কেজি, আফতাব ব্র্যান্ড, প্রিমিয়াম কোয়ালিটি",474
prod_02901,রূপচাঁদা নারকেল তেল (২৫০ মিলি),রান্নার তেল,"খাঁটি নারকেল তেল, ২৫০ মিলি, রূপচাঁদা ব্র্যান্ড, প্রিমিয়াম কোয়ালিটি",111
prod_02902,ফ্রেশ আটা (২ কেজি),খাদ্যশস্য,"গম আটা, উচ্চমানের, ২ কেজি, ফ্রেশ ব্র্যান্ড, প্রিমিয়াম কোয়ালিটি",169
prod_02903,তীর মাশরুম (২৫০ গ্রাম),শাকসবজি,"তাজা মাশরুম, ২৫০ গ্রাম, তীর ব্র্যান্ড, প্রিমিয়াম কোয়ালিটি",52
prod_02904,বসুন্ধরা লিচু (৫ কেজি),ফল,"তাজা লিচু, ৫ কেজি, বসুন্ধরা ব্র্যান্ড, প্রিমিয়াম কোয়ালিটি",1571
prod_02905,অর্গানিক ফার্ম নুডুলস (২ কেজি),তাৎক্ষণিক খাদ্য,"ডিম নুডুলস, ২ কেজি, অর্গানিক ফার্ম ব্র্যান্ড, প্রিমিয়াম কোয়ালিটি",181
prod_02906,আরকু চিংড়ি (১ কেজি),প্রোটিন,"তাজা চিংড়ি, ১ কেজি, আরকু ব্র্যান্ড, প্রিমিয়াম কোয়ালিটি",1022
prod_02907,কাজী ফার্মস মুগ ডাল (৫ কেজি),দালিল শস্য,"সবুজ মুগ ডাল, ৫ কেজি, কাজী ফার্মস ব্র্যান্ড, প্রিমিয়াম কোয়ালিটি",904
prod_02908,ইস্পাহানি মরিচ পেস্ট (৫০০ মিলি),রান্নার উপাদান,"মরিচ পেস্ট, ৫০০ মিলি, ইস্পাহানি ব্র্যান্ড, প্রিমিয়াম কোয়ালিটি",108
prod_02909,প্রাণ সয়া সস (৫০০ মিলি),রান্নার উপাদান,"প্রামাণিক সয়া সস, ৫০০ মিলি, প্রাণ ব্র্যান্ড, প্রিমিয়াম কোয়ালিটি",125
prod_02910,তীর মরিচ পেস্ট (২৫০ মিলি),রান্নার উপাদান,"মরিচ পেস্ট, ২৫০ মিলি, তীর ব্র্যান্ড, প্রিমিয়াম কোয়ালিটি",44
prod_02911,অর্গানিক ফার্ম ওয়েস্টার সস (৫০০ মিলি),স্টক ও সস,"ওয়েস্টার সস, ৫০০ মিলি, অর্গানিক ফার্ম ব্র্যান্ড, প্রিমিয়াম কোয়ালিটি",153
prod_02912,আফতাব ব্রোকলি (৫০০ গ্রাম),শাকসবজি,"সবুজ ব্রোকলি, ৫০০ গ্রাম, আফতাব ব্র্যান্ড, প্রিমিয়াম কোয়ালিটি",89
prod_02913,বসুন্ধরা বেকিং পাউডার (৫ লিটার),রান্নার উপাদান,"বেকিং পাউডার, ৫ লিটার, বসুন্ধরা ব্র্যান্ড, প্রিমিয়াম কোয়ালিটি",360
prod_02914,মেঘনা পাম তেল (৫ লিটার),রান্নার তেল,"পরিশোধিত পাম তেল, ৫ লিটার, মেঘনা ব্র্যান্ড, প্রিমিয়াম কোয়ালিটি",1141
prod_02915,আরকু ভ্যাজিটেবল স্টক (৫ লিটার),স্টক ও সস,"শাকসবজির স্টক, ৫ লিটার, আরকু ব্র্যান্ড, প্রিমিয়াম কোয়ালিটি",1200
prod_02916,তীর ফ্ল্যাক্স সিড (২ কেজি),স্বাস্থ্য খাদ্য,"ফ্ল্যাক্স সিড, ২ কেজি, তীর ব্র্যান্ড, প্রিমিয়াম কোয়ালিটি",806
prod_02917,ইগলু রাইস ব্রান তেল (২ লিটার),রান্নার তেল,"রাইস ব্রান তেল, ২ লিটার, ইগলু ব্র্যান্ড, প্রিমিয়াম কোয়ালিটি",726
prod_02918,তীর পেয়ারা (৫০০ গ্রাম),ফল,"তাজা পেয়ারা, ৫০০ গ্রাম, তীর ব্র্যান্ড, প্রিমিয়াম কোয়ালিটি",84
prod_02919,আফতাব কিসমিস (২ কেজি),বাদাম ও শুকনো ফল,"ভারতীয় কিসমিস, ২ কেজি, আফতাব ব্র্যান্ড, প্রিমিয়াম কোয়ালিটি",600
prod_02920,রাধুনী কাবুলি ছোলা (২৫০ গ্রাম),দালিল শস্য,"বড় কাবুলি ছোলা, ২৫০ গ্রাম, রাধুনী ব্র্যান্ড, প্রিমিয়াম কোয়ালিটি",75
prod_02921,ফ্রেশ মেয়োনেজ (২ লিটার),স্টক ও সস,"ক্রিমি মেয়োনেজ, ২ লিটার, ফ্রেশ ব্র্যান্ড, প্রিমিয়াম কোয়ালিটি",402
prod_02922,বসুন্ধরা নারকেল জল (৫ লিটার),পানীয়,"তাজা নারকেল জল, ৫ লিটার, বসুন্ধরা ব্র্যান্ড, প্রিমিয়াম কোয়ালিটি",612
prod_02923,ইগলু বাসমতি চাল (৫০০ গ্রাম),খাদ্যশস্য,"লম্বা বাসমতি চাল, ৫০০ গ্রাম, ইগলু ব্র্যান্ড, প্রিমিয়াম কোয়ালিটি",162
prod_02924,রাধুনী ভিনেগার (২ লিটার),রান্নার উপাদান,"সাদা ভিনেগার, ২ লিটার, রাধুনী ব্র্যান্ড, প্রিমিয়াম কোয়ালিটি",213
prod_02925,মিল্কভিটা আখরোট (২ কেজি),বাদাম ও শুকনো ফল,"আখরোট, ২ কেজি, মিল্কভিটা ব্র্যান্ড, প্রিমিয়াম কোয়ালিটি",1206
prod_02926,স্কয়ার প্রোটিন পাউডার (৫০০ গ্রাম),স্বাস্থ্য খাদ্য,"হোয়ে প্রোটিন, ৫০০ গ্রাম, স্কয়ার ব্র্যান্ড, প্রিমিয়াম কোয়ালিটি",730
prod_02927,ফ্রেশ রাইস ব্রান তেল (২ লিটার),রান্নার তেল,"রাইস ব্রান তেল, ২ লিটার, ফ্রেশ ব্র্যান্ড, প্রিমিয়াম কোয়ালিটি",840
prod_02928,ফ্রেশ ভুট্টা (২৫০ গ্রাম),খাদ্যশস্য,"হলুদ ভুট্টা, ২৫০ গ্রাম, ফ্রেশ ব্র্যান্ড, প্রিমিয়াম কোয়ালিটি",29
prod_02929,পূর্ণ লিচু (৫ কেজি),ফল,"তাজা লিচু, ৫ কেজি, পূর্ণ ব্র্যান্ড, প্রিমিয়াম কোয়ালিটি",1601
prod_02930,পূর্ণ আখরোট (১ কেজি),বাদাম ও শুকনো ফল,"আখরোট, ১ কেজি, পূর্ণ ব্র্যান্ড, প্রিমিয়াম কোয়ালিটি",552
prod_02931,ম্যারিকো মুরগি (২৫০ গ্রাম),প্রোটিন,"তাজা মুরগির মাংস, ২৫০ গ্রাম, ম্যারিকো ব্র্যান্ড, প্রিমিয়াম কোয়ালিটি",218
prod_02932,ম্যারিকো দই (২ কেজি),দুগ্ধজাত,"তাজা গরুর দই, ২ কেজি, ম্যারিকো ব্র্যান্ড, প্রিমিয়াম কোয়ালিটি",233
prod_02933,কাজী ফার্মস গুলাব জামুন (৫০০ গ্রাম),মিষ্টি ও ডেজার্ট,"খাঁটি গুলাব জামুন, ৫০০ গ্রাম, কাজী ফার্মস ব্র্যান্ড, প্রিমিয়াম কোয়ালিটি",157
prod_02934,রূপচাঁদা চিয়া সিড (২ কেজি),স্বাস্থ্য খাদ্য,"চিয়া সিড, ২ কেজি, রূপচাঁদা ব্র্যান্ড, প্রিমিয়াম কোয়ালিটি",822
prod_02935,ইগলু মেথি বীজ (২ কেজি),মশলা,"মেথি বীজ, ২ কেজি, ইগলু ব্র্যান্ড, প্রিমিয়াম কোয়ালিটি",158
prod_02936,ম্যারিকো ফ্ল্যাক্স সিড (১ কেজি),স্বাস্থ্য খাদ্য,"ফ্ল্যাক্স সিড, ১ কেজি, ম্যারিকো ব্র্যান্ড, প্রিমিয়াম কোয়ালিটি",459
prod_02937,স্কয়ার ভিনেগার (২৫০ মিলি),রান্নার উপাদান,"সাদা ভিনেগার, ২৫০ মিলি, স্কয়ার ব্র্যান্ড, প্রিমিয়াম কোয়ালিটি",26
prod_02938,রূপচাঁদা মেয়োনেজ (৫ লিটার),স্টক ও সস,"ক্রিমি মেয়োনেজ, ৫ লিটার, রূপচাঁদা ব্র্যান্ড, প্রিমিয়াম কোয়ালিটি",864
prod_02939,রূপচাঁদা চিনাবাদাম (২ কেজি),বাদাম ও শুকনো ফল,"সিদ্ধ চিনাবাদাম, ২ কেজি, রূপচাঁদা ব্র্যান্ড, প্রিমিয়াম কোয়ালিটি",462
prod_02940,আরকু কমলা (৫ কেজি),ফল,"নাগপুরি কমলা, ৫ কেজি, আরকু ব্র্যান্ড, প্রিমিয়াম কোয়ালিটি",1155
prod_02941,রাধুনী রুটি (১ কেজি),তাৎক্ষণিক খাদ্য,"স্লাইসড রুটি, ১ কেজি, রাধুনী ব্র্যান্ড, প্রিমিয়াম কোয়ালিটি",120
prod_02942,ফ্রেশ মাস্টার্ড সস (২ লিটার),স্টক ও সস,"মাস্টার্ড সস, ২ লিটার, ফ্রেশ ব্র্যান্ড, প্রিমিয়াম কোয়ালিটি",364
prod_02943,ড্যানিশ কাসুন্দি (২৫০ গ্রাম),সংরক্ষণ ও চাটনি,"বাঙালি কাসুন্দি, ২৫০ গ্রাম, ড্যানিশ ব্র্যান্ড, প্রিমিয়াম কোয়ালিটি",42
prod_02944,মেঘনা চিজ (২ কেজি),দুগ্ধজাত,"প্রসেসড চিজ, ২ কেজি, মেঘনা ব্র্যান্ড, প্রিমিয়াম কোয়ালিটি",735
prod_02945,স্কয়ার মিষ্টি দই (৫ কেজি),মিষ্টি ও ডেজার্ট,"মিষ্টি দই, ৫ কেজি, স্কয়ার ব্র্যান্ড, প্রিমিয়াম কোয়ালিটি",746
prod_02946,ACI চিয়া সিড (২ কেজি),স্বাস্থ্য খাদ্য,"চিয়া সিড, ২ কেজি, ACI ব্র্যান্ড, প্রিমিয়াম কোয়ালিটি",1092
prod_02947,ইস্পাহানি কাসুন্দি (৫ কেজি),সংরক্ষণ ও চাটনি,"বাঙালি কাসুন্দি, ৫ কেজি, ইস্পাহানি ব্র্যান্ড, প্রিমিয়াম কোয়ালিটি",649
prod_02948,তীর তিলের তেল (৫০০ মিলি),রান্নার তেল,"খাঁটি তিলের তেল, ৫০০ মিলি, তীর ব্র্যান্ড, প্রিমিয়াম কোয়ালিটি",318
prod_02949,ড্যানিশ কলা (২ কেজি),ফল,"সবুজ কলা, ২ কেজি, ড্যানিশ ব্র্যান্ড, প্রিমিয়াম কোয়ালিটি",150
prod_02950,আরকু ক্রিম (২৫০ গ্রাম),দুগ্ধজাত,"ফ্রেশ ক্রিম, ২৫০ গ্রাম, আরকু ব্র্যান্ড, প্রিমিয়াম কোয়ালিটি",95
prod_02951,ইস্পাহানি নারকেল জল (৫০০ মিলি),পানীয়,"তাজা নারকেল জল, ৫০০ মিলি, ইস্পাহানি ব্র্যান্ড, প্রিমিয়াম কোয়ালিটি",109
prod_02952,স্কয়ার মুগ ডাল (২ কেজি),দালিল শস্য,"সবুজ মুগ ডাল, ২ কেজি, স্কয়ার ব্র্যান্ড, প্রিমিয়াম কোয়ালিটি",353
prod_02953,কাজী ফার্মস গুঁড়া চিনি (৫০০ গ্রাম),মিষ্টি ও ডেজার্ট,"সাদা গুঁড়া চিনি, ৫০০ গ্রাম, কাজী ফার্মস ব্র্যান্ড, প্রিমিয়াম কোয়ালিটি",94
prod_02954,আরকু চিপস (৫ কেজি),তাৎক্ষণিক খাদ্য,"আলুর চিপস, ৫ কেজি, আরকু ব্র্যান্ড, প্রিমিয়াম কোয়ালিটি",279
prod_02955,আফতাব মাগুর মাছ (৫ কেজি),প্রোটিন,"তাজা মাগুর মাছ, ৫ কেজি, আফতাব ব্র্যান্ড, প্রিমিয়াম কোয়ালিটি",3152
prod_02956,ইগলু রাজমা (২৫০ গ্রাম),দালিল শস্য,"লাল রাজমা, ২৫০ গ্রাম, ইগলু ব্র্যান্ড, প্রিমিয়াম কোয়ালিটি",91
prod_02957,আরকু বেগুন (৫ কেজি),শাকসবজি,"বেগুনি বেগুন, ৫ কেজি, আরকু ব্র্যান্ড, প্রিমিয়াম কোয়ালিটি",264
prod_02958,মেঘনা বাঁধাকপি (৫০০ গ্রাম),শাকসবজি,"তাজা বাঁধাকপি, ৫০০ গ্রাম, মেঘনা ব্র্যান্ড, প্রিমিয়াম কোয়ালিটি",32
prod_02959,ফ্রেশ অ্যালমন্ড মিল্ক (৫০০ গ্রাম),স্বাস্থ্য খাদ্য,"অ্যালমন্ড মিল্ক, ৫০০ গ্রাম, ফ্রেশ ব্র্যান্ড, প্রিমিয়াম কোয়ালিটি",261
prod_02960,ফ্রেশ ম্যাকারনি (৫০০ গ্রাম),তাৎক্ষণিক খাদ্য,"ম্যাকারনি, ৫০০ গ্রাম, ফ্রেশ ব্র্যান্ড, প্রিমিয়াম কোয়ালিটি",98
prod_02961,সুরভি চিকেন স্টক (২ লিটার),স্টক ও সস,"মুরগির স্টক, ২ লিটার, সুরভি ব্র্যান্ড, প্রিমিয়াম কোয়ালিটি",670
prod_02962,বসুন্ধরা লাল মরিচ (১ কেজি),মশলা,"সূক্ষ্ম লাল মরিচ, ১ কেজি, বসুন্ধরা ব্র্যান্ড, প্রিমিয়াম কোয়ালিটি",134
prod_02963,সুরভি হট সস (৫০০ মিলি),স্টক ও সস,"হট চিলি সস, ৫০০ মিলি, সুরভি ব্র্যান্ড, প্রিমিয়াম কোয়ালিটি",107
prod_02964,তীর ফিশ সস (২ লিটার),স্টক ও সস,"মাছের সস, ২ লিটার, তীর ব্র্যান্ড, প্রিমিয়াম কোয়ালিটি",405
prod_02965,আফতাব মাস্টার্ড সস (১ লিটার),স্টক ও সস,"মাস্টার্ড সস, ১ লিটার, আফতাব ব্র্যান্ড, প্রিমিয়াম কোয়ালিটি",224
prod_02966,প্রাণ চিয়া সিড (৫ কেজি),স্বাস্থ্য খাদ্য,"চিয়া সিড, ৫ কেজি, প্রাণ ব্র্যান্ড, প্রিমিয়াম কোয়ালিটি",2549
prod_02967,স্কয়ার সানফ্লাওয়ার তেল (২ লিটার),রান্নার তেল,"সানফ্লাওয়ার তেল, ২ লিটার, স্কয়ার ব্র্যান্ড, প্রিমিয়াম কোয়ালিটি",1098
prod_02968,আরকু গোলমরিচ (২ কেজি),মশলা,"কালো গোলমরিচ, ২ কেজি, আরকু ব্র্যান্ড, প্রিমিয়াম কোয়ালিটি",517
prod_02969,মিল্কভিটা কই মাছ (২৫০ গ্রাম),প্রোটিন,"তাজা কই মাছ, ২৫০ গ্রাম, মিল্কভিটা ব্র্যান্ড, প্রিমিয়াম কোয়ালিটি",200
prod_02970,পূর্ণ কাঠবাদাম (৫ কেজি),বাদাম ও শুকনো ফল,"কাঠবাদাম, ৫ কেজি, পূর্ণ ব্র্যান্ড, প্রিমিয়াম কোয়ালিটি",2502
prod_02971,প্রাণ চিপস (১ কেজি),তাৎক্ষণিক খাদ্য,"আলুর চিপস, ১ কেজি, প্রাণ ব্র্যান্ড, প্রিমিয়াম কোয়ালিটি",80
prod_02972,পূর্ণ শোল মাছ (২ কেজি),প্রোটিন,"তাজা শোল মাছ, ২ কেজি, পূর্ণ ব্র্যান্ড, প্রিমিয়াম কোয়ালিটি",1669
prod_02973,পূর্ণ গ্রানোলা (৫০০ গ্রাম),স্বাস্থ্য খাদ্য,"মিক্সড গ্রানোলা, ৫০০ গ্রাম, পূর্ণ ব্র্যান্ড, প্রিমিয়াম কোয়ালিটি",312
prod_02974,কাজী ফার্মস সয়াবিন তেল (১ লিটার),রান্নার তেল,"বিশুদ্ধ সয়াবিন তেল, ১ লিটার, কাজী ফার্মস ব্র্যান্ড, প্রিমিয়াম কোয়ালিটি",487
prod_02975,কাজী ফার্মস কাতলা মাছ (১ কেজি),প্রোটিন,"তাজা কাতলা মাছ, ১ কেজি, কাজী ফার্মস ব্র্যান্ড, প্রিমিয়াম কোয়ালিটি",493
prod_02976,ইস্পাহানি আখরোট (২৫০ গ্রাম),বাদাম ও শুকনো ফল,"আখরোট, ২৫০ গ্রাম, ইস্পাহানি ব্র্যান্ড, প্রিমিয়াম কোয়ালিটি",150
prod_02977,ACI গ্রিন টি (২ লিটার),পানীয়,"গ্রিন টি ব্যাগ, ২ লিটার, ACI ব্র্যান্ড, প্রিমিয়াম কোয়ালিটি",660
prod_02978,আরকু পুঁই শাক (১ কেজি),শাকসবজি,"তাজা পুঁই শাক, ১ কেজি, আরকু ব্র্যান্ড, প্রিমিয়াম কোয়ালিটি",50
prod_02979,আরকু আদার আচার (২৫০ গ্রাম),সংরক্ষণ ও চাটনি,"আদার আচার, ২৫০ গ্রাম, আরকু ব্র্যান্ড, প্রিমিয়াম কোয়ালিটি",41
prod_02980,স্কয়ার বেসন (৫০০ গ্রাম),খাদ্যশস্য,"ছোলার বেসন, ৫০০ গ্রাম, স্কয়ার ব্র্যান্ড, প্রিমিয়াম কোয়ালিটি",98
prod_02981,ACI রসগোল্লা (১ কেজি),মিষ্টি ও ডেজার্ট,"সিলেটি রসগোল্লা, ১ কেজি, ACI ব্র্যান্ড, প্রিমিয়াম কোয়ালিটি",378
prod_02982,পূর্ণ শোল মাছ (৫ কেজি),প্রোটিন,"তাজা শোল মাছ, ৫ কেজি, পূর্ণ ব্র্যান্ড, প্রিমিয়াম কোয়ালিটি",4017
prod_02983,আফতাব মাশরুম (৫ কেজি),শাকসবজি,"তাজা মাশরুম, ৫ কেজি, আফতাব ব্র্যান্ড, প্রিমিয়াম কোয়ালিটি",816
prod_02984,ফ্রেশ কাসুন্দি (৫০০ গ্রাম),সংরক্ষণ ও চাটনি,"বাঙালি কাসুন্দি, ৫০০ গ্রাম, ফ্রেশ ব্র্যান্ড, প্রিমিয়াম কোয়ালিটি",101
prod_02985,রাধুনী ভ্যাজিটেবল স্টক (২৫০ মিলি),স্টক ও সস,"শাকসবজির স্টক, ২৫০ মিলি, রাধুনী ব্র্যান্ড, প্রিমিয়াম কোয়ালিটি",87
prod_02986,ম্যারিকো খাসির মাংস (২ কেজি),প্রোটিন,"তাজা খাসির মাংস, ২ কেজি, ম্যারিকো ব্র্যান্ড, প্রিমিয়াম কোয়ালিটি",2515
prod_02987,কাজী ফার্মস কর্নফ্লাওয়ার (৫ লিটার),রান্নার উপাদান,"কর্নফ্লাওয়ার, ৫ লিটার, কাজী ফার্মস ব্র্যান্ড, প্রিমিয়াম কোয়ালিটি",530
prod_02988,রূপচাঁদা শরবত (২ লিটার),পানীয়,"রুহ আফজা শরবত, ২ লিটার, রূপচাঁদা ব্র্যান্ড, প্রিমিয়াম কোয়ালিটি",441
prod_02989,ড্যানিশ স্ট্রবেরি (৫০০ গ্রাম),ফল,"তাজা স্ট্রবেরি, ৫০০ গ্রাম, ড্যানিশ ব্র্যান্ড, প্রিমিয়াম কোয়ালিটি",312
prod_02990,ইগলু খাসির মাংস (৫০০ গ্রাম),প্রোটিন,"তাজা খাসির মাংস, ৫০০ গ্রাম, ইগলু ব্র্যান্ড, প্রিমিয়াম কোয়ালিটি",1026
prod_02991,ম্যারিকো কচু শাক (২ কেজি),শাকসবজি,"তাজা কচু শাক, ২ কেজি, ম্যারিকো ব্র্যান্ড, প্রিমিয়াম কোয়ালিটি",79
prod_02992,ফ্রেশ জাফরান (৫ কেজি),মশলা,"খাঁটি জাফরান, ৫ কেজি, ফ্রেশ ব্র্যান্ড, প্রিমিয়াম কোয়ালিটি",2487
prod_02993,মেঘনা টমেটো (৫ কেজি),শাকসবজি,"পাকা টমেটো, ৫ কেজি, মেঘনা ব্র্যান্ড, প্রিমিয়াম কোয়ালিটি",386
prod_02994,মেঘনা রুই মাছ (১ কেজি),প্রোটিন,"তাজা রুই মাছ, ১ কেজি, মেঘনা ব্র্যান্ড, প্রিমিয়াম কোয়ালিটি",722
prod_02995,রূপচাঁদা খেজুর (২৫০ গ্রাম),বাদাম ও শুকনো ফল,"মধ্যপূর্বীয় খেজুর, ২৫০ গ্রাম, রূপচাঁদা ব্র্যান্ড, প্রিমিয়াম কোয়ালিটি",152
prod_02996,মিল্কভিটা বোয়াল মাছ (২ কেজি),প্রোটিন,"তাজা বোয়াল মাছ, ২ কেজি, মিল্কভিটা ব্র্যান্ড, প্রিমিয়াম কোয়ালিটি",1245
prod_02997,ম্যারিকো খেজুর (৫০০ গ্রাম),বাদাম ও শুকনো ফল,"মধ্যপূর্বীয় খেজুর, ৫০০ গ্রাম, ম্যারিকো ব্র্যান্ড, প্রিমিয়াম কোয়ালিটি",306
prod_02998,ফ্রেশ আম (৫ কেজি),ফল,"হিমসাগর আম, ৫ কেজি, ফ্রেশ ব্র্যান্ড, প্রিমিয়াম কোয়ালিটি",1431
prod_02999,রূপচাঁদা বুটের ডাল (৫ কেজি),দালিল শস্য,"বুটের ডাল, ৫ কেজি, রূপচাঁদা ব্র্যান্ড, প্রিমিয়াম কোয়ালিটি",813
prod_03000,পূর্ণ গ্রানোলা (২ কেজি),স্বাস্থ্য খাদ্য,"মিক্সড গ্রানোলা, ২ কেজি, পূর্ণ ব্র্যান্ড, প্রিমিয়াম কোয়ালিটি",985
prod_03001,তীর বোয়াল মাছ (৫ কেজি),প্রোটিন,"তাজা বোয়াল মাছ, ৫ কেজি, তীর ব্র্যান্ড, প্রিমিয়াম কোয়ালিটি",3513
prod_03002,তীর অ্যালমন্ড মিল্ক (১ কেজি),স্বাস্থ্য খাদ্য,"অ্যালমন্ড মিল্ক, ১ কেজি, তীর ব্র্যান্ড, প্রিমিয়াম কোয়ালিটি",394
prod_03003,সুরভি মেয়োনেজ (২ লিটার),স্টক ও সস,"ক্রিমি মেয়োনেজ, ২ লিটার, সুরভি ব্র্যান্ড, প্রিমিয়াম কোয়ালিটি",365
prod_03004,বসুন্ধরা রাজমা (২৫০ গ্রাম),দালিল শস্য,"লাল রাজমা, ২৫০ গ্রাম, বসুন্ধরা ব্র্যান্ড, প্রিমিয়াম কোয়ালিটি",88
prod_03005,ACI ময়দা (৫ কেজি),খাদ্যশস্য,"সাদা ময়দা, ৫ কেজি, ACI ব্র্যান্ড, প্রিমিয়াম কোয়ালিটি",391
prod_03006,অর্গানিক ফার্ম নারকেল তেল (৫ লিটার),রান্নার তেল,"খাঁটি নারকেল তেল, ৫ লিটার, অর্গানিক ফার্ম ব্র্যান্ড, প্রিমিয়াম কোয়ালিটি",1432
prod_03007,আফতাব ফেলন (৫০০ গ্রাম),দালিল শস্য,"সবুজ ফেলন, ৫০০ গ্রাম, আফতাব ব্র্যান্ড, প্রিমিয়াম কোয়ালিটি",129
prod_03008,কাজী ফার্মস বাসমতি চাল (৫০০ গ্রাম),খাদ্যশস্য,"লম্বা বাসমতি চাল, ৫০০ গ্রাম, কাজী ফার্মস ব্র্যান্ড, প্রিমিয়াম কোয়ালিটি",170
prod_03009,সুরভি গ্রিন টি (৫ লিটার),পানীয়,"গ্রিন টি ব্যাগ, ৫ লিটার, সুরভি ব্র্যান্ড, প্রিমিয়াম কোয়ালিটি",1238
prod_03010,মিল্কভিটা বিস্কুট (২৫০ গ্রাম),তাৎক্ষণিক খাদ্য,"ক্রিম বিস্কুট, ২৫০ গ্রাম, মিল্কভিটা ব্র্যান্ড, প্রিমিয়াম কোয়ালিটি",14
prod_03011,ড্যানিশ বার্লি (৫০০ গ্রাম),খাদ্যশস্য,"প্রাকৃতিক বার্লি, ৫০০ গ্রাম, ড্যানিশ ব্র্যান্ড, প্রিমিয়াম কোয়ালিটি",82
prod_03012,বসুন্ধরা বিস্কুট (২৫০ গ্রাম),তাৎক্ষণিক খাদ্য,"ক্রিম বিস্কুট, ২৫০ গ্রাম, বসুন্ধরা ব্র্যান্ড, প্রিমিয়াম কোয়ালিটি",13
prod_03013,ইস্পাহানি বেগুন (১ কেজি),শাকসবজি,"বেগুনি বেগুন, ১ কেজি, ইস্পাহানি ব্র্যান্ড, প্রিমিয়াম কোয়ালিটি",64
prod_03014,তীর কফি বিন (১ লিটার),পানীয়,"ভাজা কফি বিন, ১ লিটার, তীর ব্র্যান্ড, প্রিমিয়াম কোয়ালিটি",511
prod_03015,অর্গানিক ফার্ম হলুদ গুঁড়া (১ কেজি),মশলা,"খাঁটি হলুদ গুঁড়া, ১ কেজি, অর্গানিক ফার্ম ব্র্যান্ড, প্রিমিয়াম কোয়ালিটি",81
prod_03016,পূর্ণ খেসারি ডাল (২৫০ গ্রাম),দালিল শস্য,"খেসারি ডাল, ২৫০ গ্রাম, পূর্ণ ব্র্যান্ড, প্রিমিয়াম কোয়ালিটি",47
prod_03017,বসুন্ধরা হট সস (২ লিটার),স্টক ও সস,"হট চিলি সস, ২ লিটার, বসুন্ধরা ব্র্যান্ড, প্রিমিয়াম কোয়ালিটি",362
prod_03018,ম্যারিকো পেঁয়াজ (৫০০ গ্রাম),শাকসবজি,"তাজা পেঁয়াজ, ৫০০ গ্রাম, ম্যারিকো ব্র্যান্ড, প্রিমিয়াম কোয়ালিটি",53
prod_03019,আফতাব সন্দেশ (৫ কেজি),মিষ্টি ও ডেজার্ট,"তাজা সন্দেশ, ৫ কেজি, আফতাব ব্র্যান্ড, প্রিমিয়াম কোয়ালিটি",1158
prod_03020,আরকু লাউ (১ কেজি),শাকসবজি,"মিষ্টি লাউ, ১ কেজি, আরকু ব্র্যান্ড, প্রিমিয়াম কোয়ালিটি",89
prod_03021,রূপচাঁদা ভ্যাজিটেবল স্টক (২৫০ মিলি),স্টক ও সস,"শাকসবজির স্টক, ২৫০ মিলি, রূপচাঁদা ব্র্যান্ড, প্রিমিয়াম কোয়ালিটি",87
prod_03022,বসুন্ধরা চিনি (৫ কেজি),মিষ্টি ও ডেজার্ট,"সাদা পরিশোধিত চিনি, ৫ কেজি, বসুন্ধরা ব্র্যান্ড, প্রিমিয়াম কোয়ালিটি",683
prod_03023,কাজী ফার্মস পালং শাক (৫০০ গ্রাম),শাকসবজি,"তাজা পালং শাক, ৫০০ গ্রাম, কাজী ফার্মস ব্র্যান্ড, প্রিমিয়াম কোয়ালিটি",42
prod_03024,রাধুনী মাস্টার্ড সস (৫ লিটার),স্টক ও সস,"মাস্টার্ড সস, ৫ লিটার, রাধুনী ব্র্যান্ড, প্রিমিয়াম কোয়ালিটি",701
prod_03025,কাজী ফার্মস ডিম (৫০০ গ্রাম),প্রোটিন,"তাজা মুরগির ডিম, ৫০০ গ্রাম, কাজী ফার্মস ব্র্যান্ড, প্রিমিয়াম কোয়ালিটি",130
prod_03026,আরকু মাস্টার্ড সস (২৫০ মিলি),স্টক ও সস,"মাস্টার্ড সস, ২৫০ মিলি, আরকু ব্র্যান্ড, প্রিমিয়াম কোয়ালিটি",60
prod_03027,প্রাণ পেস্তাবাদাম (২৫০ গ্রাম),বাদাম ও শুকনো ফল,"ইরানি পেস্তাবাদাম, ২৫০ গ্রাম, প্রাণ ব্র্যান্ড, প্রিমিয়াম কোয়ালিটি",180
prod_03028,অর্গানিক ফার্ম পেয়ারা (১ কেজি),ফল,"তাজা পেয়ারা, ১ কেজি, অর্গানিক ফার্ম ব্র্যান্ড, প্রিমিয়াম কোয়ালিটি",158
prod_03029,ম্যারিকো রসুন পেস্ট (৫ লিটার),রান্নার উপাদান,"তরল রসুন পেস্ট, ৫ লিটার, ম্যারিকো ব্র্যান্ড, প্রিমিয়াম কোয়ালিটি",694
prod_03030,ইস্পাহানি চিনাবাদাম (৫ কেজি),বাদাম ও শুকনো ফল,"সিদ্ধ চিনাবাদাম, ৫ কেজি, ইস্পাহানি ব্র্যান্ড, প্রিমিয়াম কোয়ালিটি",1108
prod_03031,পূর্ণ কাজু বাদাম (২৫০ গ্রাম),বাদাম ও শুকনো ফল,"টাটকা কাজু বাদাম, ২৫০ গ্রাম, পূর্ণ ব্র্যান্ড, প্রিমিয়াম কোয়ালিটি",153
prod_03032,ম্যারিকো লেবুর রস (৫ লিটার),পানীয়,"প্রাকৃতিক লেবুর রস, ৫ লিটার, ম্যারিকো ব্র্যান্ড, প্রিমিয়াম কোয়ালিটি",560
prod_03033,বসুন্ধরা চিপস (২ কেজি),তাৎক্ষণিক খাদ্য,"আলুর চিপস, ২ কেজি, বসুন্ধরা ব্র্যান্ড, প্রিমিয়াম কোয়ালিটি",119
prod_03034,ম্যারিকো চিপস (২ কেজি),তাৎক্ষণিক খাদ্য,"আলুর চিপস, ২ কেজি, ম্যারিকো ব্র্যান্ড, প্রিমিয়াম কোয়ালিটি",145
prod_03035,তীর নুডুলস (২৫০ গ্রাম),তাৎক্ষণিক খাদ্য,"ডিম নুডুলস, ২৫০ গ্রাম, তীর ব্র্যান্ড, প্রিমিয়াম কোয়ালিটি",30
prod_03036,ইস্পাহানি চাল (২ কেজি),খাদ্যশস্য,"সাদা চাল, স্থানীয় উৎপাদিত, ২ কেজি, ইস্পাহানি ব্র্যান্ড, প্রিমিয়াম কোয়ালিটি",146
prod_03037,কাজী ফার্মস তরমুজ (২৫০ গ্রাম),ফল,"তাজা তরমুজ, ২৫০ গ্রাম, কাজী ফার্মস ব্র্যান্ড, প্রিমিয়াম কোয়ালিটি",32
prod_03038,ইগলু সয়াবিন তেল (২৫০ মিলি),রান্নার তেল,"বিশুদ্ধ সয়াবিন তেল, ২৫০ মিলি, ইগলু ব্র্যান্ড, প্রিমিয়াম কোয়ালিটি",133
prod_03039,মেঘনা কর্নফ্লাওয়ার (২ লিটার),রান্নার উপাদান,"কর্নফ্লাওয়ার, ২ লিটার, মেঘনা ব্র্যান্ড, প্রিমিয়াম কোয়ালিটি",202
prod_03040,ইগলু বাসমতি চাল (১ কেজি),খাদ্যশস্য,"লম্বা বাসমতি চাল, ১ কেজি, ইগলু ব্র্যান্ড, প্রিমিয়াম কোয়ালিটি",305
prod_03041,সুরভি ওটস (২৫০ গ্রাম),স্বাস্থ্য খাদ্য,"রোলড ওটস, ২৫০ গ্রাম, সুরভি ব্র্যান্ড, প্রিমিয়াম কোয়ালিটি",96
prod_03042,রাধুনী মিষ্টি আমের চাটনি (৫ কেজি),সংরক্ষণ ও চাটনি,"মিষ্টি আমের চাটনি, ৫ কেজি, রাধুনী ব্র্যান্ড, প্রিমিয়াম কোয়ালিটি",778
prod_03043,রূপচাঁদা গুড় (১ কেজি),মিষ্টি ও ডেজার্ট,"খাঁটি গুড়, ১ কেজি, রূপচাঁদা ব্র্যান্ড, প্রিমিয়াম কোয়ালিটি",185
prod_03044,অর্গানিক ফার্ম স্ট্রবেরি (৫০০ গ্রাম),ফল,"তাজা স্ট্রবেরি, ৫০০ গ্রাম, অর্গানিক ফার্ম ব্র্যান্ড, প্রিমিয়াম কোয়ালিটি",298
prod_03045,বসুন্ধরা সয়া সস (৫ লিটার),রান্নার উপাদান,"প্রামাণিক সয়া সস, ৫ লিটার, বসুন্ধরা ব্র্যান্ড, প্রিমিয়াম কোয়ালিটি",980
prod_03046,মিল্কভিটা জিরা (৫ কেজি),মশলা,"জিরা বীজ, ৫ কেজি, মিল্কভিটা ব্র্যান্ড, প্রিমিয়াম কোয়ালিটি",611
prod_03047,রাধুনী অলিভ অয়েল (৫০০ মিলি),রান্নার তেল,"এক্সট্রা ভার্জিন অলিভ অয়েল, ৫০০ মিলি, রাধুনী ব্র্যান্ড, প্রিমিয়াম কোয়ালিটি",417
prod_03048,বসুন্ধরা জিলাপি (৫০০ গ্রাম),মিষ্টি ও ডেজার্ট,"তাজা জিলাপি, ৫০০ গ্রাম, বসুন্ধরা ব্র্যান্ড, প্রিমিয়াম কোয়ালিটি",110
prod_03049,কাজী ফার্মস চিড়া (৫ কেজি),খাদ্যশস্য,"চ্যাপ্টা চিড়া, ৫ কেজি, কাজী ফার্মস ব্র্যান্ড, প্রিমিয়াম কোয়ালিটি",416
prod_03050,ড্যানিশ ওটস (২৫০ গ্রাম),স্বাস্থ্য খাদ্য,"রোলড ওটস, ২৫০ গ্রাম, ড্যানিশ ব্র্যান্ড, প্রিমিয়াম কোয়ালিটি",99
prod_03051,ড্যানিশ বিস্কুট (১ কেজি),তাৎক্ষণিক খাদ্য,"ক্রিম বিস্কুট, ১ কেজি, ড্যানিশ ব্র্যান্ড, প্রিমিয়াম কোয়ালিটি",47
prod_03052,মেঘনা অ্যালমন্ড মিল্ক (৫ কেজি),স্বাস্থ্য খাদ্য,"অ্যালমন্ড মিল্ক, ৫ কেজি, মেঘনা ব্র্যান্ড, প্রিমিয়াম কোয়ালিটি",2020
prod_03053,বসুন্ধরা চিনি (২ কেজি),মিষ্টি ও ডেজার্ট,"সাদা পরিশোধিত চিনি, ২ কেজি, বসুন্ধরা ব্র্যান্ড, প্রিমিয়াম কোয়ালিটি",258
prod_03054,পূর্ণ নুডুলস (৫০০ গ্রাম),তাৎক্ষণিক খাদ্য,"ডিম নুডুলস, ৫০০ গ্রাম, পূর্ণ ব্র্যান্ড, প্রিমিয়াম কোয়ালিটি",57
prod_03055,সুরভি চিড়া (২ কেজি),খাদ্যশস্য,"চ্যাপ্টা চিড়া, ২ কেজি, সুরভি ব্র্যান্ড, প্রিমিয়াম কোয়ালিটি",218
prod_03056,ইস্পাহানি গুড় (১ কেজি),মিষ্টি ও ডেজার্ট,"খাঁটি গুড়, ১ কেজি, ইস্পাহানি ব্র্যান্ড, প্রিমিয়াম কোয়ালিটি",203
prod_03057,রূপচাঁদা আলু (২ কেজি),শাকসবজি,"স্থানীয় আলু, ২ কেজি, রূপচাঁদা ব্র্যান্ড, প্রিমিয়াম কোয়ালিটি",122
prod_03058,সুরভি চানাচুর (২৫০ গ্রাম),তাৎক্ষণিক খাদ্য,"মসলাদার চানাচুর, ২৫০ গ্রাম, সুরভি ব্র্যান্ড, প্রিমিয়াম কোয়ালিটি",24
prod_03059,স্কয়ার নুডুলস (৫ কেজি),তাৎক্ষণিক খাদ্য,"ডিম নুডুলস, ৫ কেজি, স্কয়ার ব্র্যান্ড, প্রিমিয়াম কোয়ালিটি",489
prod_03060,ফ্রেশ তিলের তেল (২ লিটার),রান্নার তেল,"খাঁটি তিলের তেল, ২ লিটার, ফ্রেশ ব্র্যান্ড, প্রিমিয়াম কোয়ালিটি",1146
prod_03061,আরকু সয়াবিন তেল (২ লিটার),রান্নার তেল,"বিশুদ্ধ সয়াবিন তেল, ২ লিটার, আরকু ব্র্যান্ড, প্রিমিয়াম কোয়ালিটি",845
prod_03062,আরকু অলিভ অয়েল (২ লিটার),রান্নার তেল,"এক্সট্রা ভার্জিন অলিভ অয়েল, ২ লিটার, আরকু ব্র্যান্ড, প্রিমিয়াম কোয়ালিটি",1247
prod_03063,ফ্রেশ ভ্যাজিটেবল স্টক (২৫০ মিলি),স্টক ও সস,"শাকসবজির স্টক, ২৫০ মিলি, ফ্রেশ ব্র্যান্ড, প্রিমিয়াম কোয়ালিটি",91
prod_03064,পূর্ণ কাঠবাদাম (২৫০ গ্রাম),বাদাম ও শুকনো ফল,"কাঠবাদাম, ২৫০ গ্রাম, পূর্ণ ব্র্যান্ড, প্রিমিয়াম কোয়ালিটি",155
prod_03065,অর্গানিক ফার্ম ফিশ সস (৫ লিটার),স্টক ও সস,"মাছের সস, ৫ লিটার, অর্গানিক ফার্ম ব্র্যান্ড, প্রিমিয়াম কোয়ালিটি",776
prod_03066,ড্যানিশ বেকিং পাউডার (৫ লিটার),রান্নার উপাদান,"বেকিং পাউডার, ৫ লিটার, ড্যানিশ ব্র্যান্ড, প্রিমিয়াম কোয়ালিটি",362
prod_03067,ইগলু নুডুলস (৫ কেজি),তাৎক্ষণিক খাদ্য,"ডিম নুডুলস, ৫ কেজি, ইগলু ব্র্যান্ড, প্রিমিয়াম কোয়ালিটি",426
prod_03068,ফ্রেশ পনির (২৫০ গ্রাম),দুগ্ধজাত,"ঘৃতি পনির, ২৫০ গ্রাম, ফ্রেশ ব্র্যান্ড, প্রিমিয়াম কোয়ালিটি",92
prod_03069,মিল্কভিটা নারকেল তেল (৫০০ মিলি),রান্নার তেল,"খাঁটি নারকেল তেল, ৫০০ মিলি, মিল্কভিটা ব্র্যান্ড, প্রিমিয়াম কোয়ালিটি",208
prod_03070,ড্যানিশ নারকেল জল (২ লিটার),পানীয়,"তাজা নারকেল জল, ২ লিটার, ড্যানিশ ব্র্যান্ড, প্রিমিয়াম কোয়ালিটি",341
prod_03071,সুরভি চিয়া সিড (৫০০ গ্রাম),স্বাস্থ্য খাদ্য,"চিয়া সিড, ৫০০ গ্রাম, সুরভি ব্র্যান্ড, প্রিমিয়াম কোয়ালিটি",326
prod_03072,ACI ছোলা (৫ কেজি),দালিল শস্য,"ছোট ছোলা, ৫ কেজি, ACI ব্র্যান্ড, প্রিমিয়াম কোয়ালিটি",809
prod_03073,মিল্কভিটা পেঁয়াজের চাটনি (৫ কেজি),সংরক্ষণ ও চাটনি,"পেঁয়াজের চাটনি, ৫ কেজি, মিল্কভিটা ব্র্যান্ড, প্রিমিয়াম কোয়ালিটি",608
prod_03074,ACI খাসির মাংস (৫ কেজি),প্রোটিন,"তাজা খাসির মাংস, ৫ কেজি, ACI ব্র্যান্ড, প্রিমিয়াম কোয়ালিটি",6431
prod_03075,আফতাব আম আচার (৫ কেজি),সংরক্ষণ ও চাটনি,"তাজা আম আচার, ৫ কেজি, আফতাব ব্র্যান্ড, প্রিমিয়াম কোয়ালিটি",706
prod_03076,সুরভি মুরগি (৫ কেজি),প্রোটিন,"তাজা মুরগির মাংস, ৫ কেজি, সুরভি ব্র্যান্ড, প্রিমিয়াম কোয়ালিটি",3287
prod_03077,মেঘনা বুটের ডাল (৫০০ গ্রাম),দালিল শস্য,"বুটের ডাল, ৫০০ গ্রাম, মেঘনা ব্র্যান্ড, প্রিমিয়াম কোয়ালিটি",131
prod_03078,স্কয়ার পনির (৫০০ গ্রাম),দুগ্ধজাত,"ঘৃতি পনির, ৫০০ গ্রাম, স্কয়ার ব্র্যান্ড, প্রিমিয়াম কোয়ালিটি",189
prod_03079,মিল্কভিটা গ্রানোলা (৫ কেজি),স্বাস্থ্য খাদ্য,"মিক্সড গ্রানোলা, ৫ কেজি, মিল্কভিটা ব্র্যান্ড, প্রিমিয়াম কোয়ালিটি",2391
prod_03080,স্কয়ার কাঠবাদাম (৫০০ গ্রাম),বাদাম ও শুকনো ফল,"কাঠবাদাম, ৫০০ গ্রাম, স্কয়ার ব্র্যান্ড, প্রিমিয়াম কোয়ালিটি",264
prod_03081,সুরভি রাজমা (২৫০ গ্রাম),দালিল শস্য,"লাল রাজমা, ২৫০ গ্রাম, সুরভি ব্র্যান্ড, প্রিমিয়াম কোয়ালিটি",83
prod_03082,অর্গানিক ফার্ম সন্দেশ (৫০০ গ্রাম),মিষ্টি ও ডেজার্ট,"তাজা সন্দেশ, ৫০০ গ্রাম, অর্গানিক ফার্ম ব্র্যান্ড, প্রিমিয়াম কোয়ালিটি",147
prod_03083,ম্যারিকো বিস্কুট (২ কেজি),তাৎক্ষণিক খাদ্য,"ক্রিম বিস্কুট, ২ কেজি, ম্যারিকো ব্র্যান্ড, প্রিমিয়াম কোয়ালিটি",86
prod_03084,প্রাণ বার্লি (২৫০ গ্রাম),খাদ্যশস্য,"প্রাকৃতিক বার্লি, ২৫০ গ্রাম, প্রাণ ব্র্যান্ড, প্রিমিয়াম কোয়ালিটি",40
prod_03085,ACI শসা (২ কেজি),শাকসবজি,"তাজা শসা, ২ কেজি, ACI ব্র্যান্ড, প্রিমিয়াম কোয়ালিটি",116
prod_03086,প্রাণ আম আচার (৫০০ গ্রাম),সংরক্ষণ ও চাটনি,"তাজা আম আচার, ৫০০ গ্রাম, প্রাণ ব্র্যান্ড, প্রিমিয়াম কোয়ালিটি",81
prod_03087,বসুন্ধরা লবঙ্গ (৫০০ গ্রাম),মশলা,"খাঁটি লবঙ্গ, ৫০০ গ্রাম, বসুন্ধরা ব্র্যান্ড, প্রিমিয়াম কোয়ালিটি",114
prod_03088,ম্যারিকো ব্রাউন সুগার (২৫০ গ্রাম),মিষ্টি ও ডেজার্ট,"ব্রাউন সুগার, ২৫০ গ্রাম, ম্যারিকো ব্র্যান্ড, প্রিমিয়াম কোয়ালিটি",49
prod_03089,প্রাণ কফি বিন (৫০০ মিলি),পানীয়,"ভাজা কফি বিন, ৫০০ মিলি, প্রাণ ব্র্যান্ড, প্রিমিয়াম কোয়ালিটি",240
prod_03090,ম্যারিকো মাশরুম (১ কেজি),শাকসবজি,"তাজা মাশরুম, ১ কেজি, ম্যারিকো ব্র্যান্ড, প্রিমিয়াম কোয়ালিটি",213
prod_03091,ইস্পাহানি টমেটোর চাটনি (৫ কেজি),সংরক্ষণ ও চাটনি,"টমেটোর চাটনি, ৫ কেজি, ইস্পাহানি ব্র্যান্ড, প্রিমিয়াম কোয়ালিটি",685
prod_03092,ফ্রেশ ভ্যাজিটেবল স্টক (৫০০ মিলি),স্টক ও সস,"শাকসবজির স্টক, ৫০০ মিলি, ফ্রেশ ব্র্যান্ড, প্রিমিয়াম কোয়ালিটি",200
prod_03093,ম্যারিকো বোয়াল মাছ (৫০০ গ্রাম),প্রোটিন,"তাজা বোয়াল মাছ, ৫০০ গ্রাম, ম্যারিকো ব্র্যান্ড, প্রিমিয়াম কোয়ালিটি",454
prod_03094,অর্গানিক ফার্ম টমেটোর চাটনি (২ কেজি),সংরক্ষণ ও চাটনি,"টমেটোর চাটনি, ২ কেজি, অর্গানিক ফার্ম ব্র্যান্ড, প্রিমিয়াম কোয়ালিটি",292
prod_03095,অর্গানিক ফার্ম চিনি (৫ কেজি),মিষ্টি ও ডেজার্ট,"সাদা পরিশোধিত চিনি, ৫ কেজি, অর্গানিক ফার্ম ব্র্যান্ড, প্রিমিয়াম কোয়ালিটি",544
prod_03096,স্কয়ার পেস্তাবাদাম (৫০০ গ্রাম),বাদাম ও শুকনো ফল,"ইরানি পেস্তাবাদাম, ৫০০ গ্রাম, স্কয়ার ব্র্যান্ড, প্রিমিয়াম কোয়ালিটি",277
prod_03097,আফতাব কফি পাউডার (৫ লিটার),পানীয়,"কফি পাউডার, ৫ লিটার, আফতাব ব্র্যান্ড, প্রিমিয়াম কোয়ালিটি",1718
prod_03098,রূপচাঁদা পনির (৫ কেজি),দুগ্ধজাত,"ঘৃতি পনির, ৫ কেজি, রূপচাঁদা ব্র্যান্ড, প্রিমিয়াম কোয়ালিটি",1173
prod_03099,মেঘনা ইস্ট (২ লিটার),রান্নার উপাদান,"ড্রাই ইস্ট, ২ লিটার, মেঘনা ব্র্যান্ড, প্রিমিয়াম কোয়ালিটি",193
prod_03100,মেঘনা তেজপাতা (৫ কেজি),মশলা,"তেজপাতা, ৫ কেজি, মেঘনা ব্র্যান্ড, প্রিমিয়াম কোয়ালিটি",317
prod_03101,বসুন্ধরা লিচু (৫ কেজি),ফল,"তাজা লিচু, ৫ কেজি, বসুন্ধরা ব্র্যান্ড, প্রিমিয়াম কোয়ালিটি",1455
prod_03102,সুরভি অড়হর ডাল (৫০০ গ্রাম),দালিল শস্য,"অড়হর ডাল, ৫০০ গ্রাম, সুরভি ব্র্যান্ড, প্রিমিয়াম কোয়ালিটি",137
prod_03103,ম্যারিকো গুলাব জামুন (১ কেজি),মিষ্টি ও ডেজার্ট,"খাঁটি গুলাব জামুন, ১ কেজি, ম্যারিকো ব্র্যান্ড, প্রিমিয়াম কোয়ালিটি",316
prod_03104,ইস্পাহানি কর্নফ্লাওয়ার (১ লিটার),রান্নার উপাদান,"কর্নফ্লাওয়ার, ১ লিটার, ইস্পাহানি ব্র্যান্ড, প্রিমিয়াম কোয়ালিটি",116
prod_03105,রাধুনী অলিভ অয়েল (১ লিটার),রান্নার তেল,"এক্সট্রা ভার্জিন অলিভ অয়েল, ১ লিটার, রাধুনী ব্র্যান্ড, প্রিমিয়াম কোয়ালিটি",796
prod_03106,মিল্কভিটা মিষ্টি আমের চাটনি (২৫০ গ্রাম),সংরক্ষণ ও চাটনি,"মিষ্টি আমের চাটনি, ২৫০ গ্রাম, মিল্কভিটা ব্র্যান্ড, প্রিমিয়াম কোয়ালিটি",49
prod_03107,ইগলু বিস্কুট (২ কেজি),তাৎক্ষণিক খাদ্য,"ক্রিম বিস্কুট, ২ কেজি, ইগলু ব্র্যান্ড, প্রিমিয়াম কোয়ালিটি",94
prod_03108,স্কয়ার কাসুন্দি (১ কেজি),সংরক্ষণ ও চাটনি,"বাঙালি কাসুন্দি, ১ কেজি, স্কয়ার ব্র্যান্ড, প্রিমিয়াম কোয়ালিটি",164
prod_03109,সুরভি জায়ফল (১ কেজি),মশলা,"খাঁটি জায়ফল, ১ কেজি, সুরভি ব্র্যান্ড, প্রিমিয়াম কোয়ালিটি",375
prod_03110,ACI আদার আচার (৫ কেজি),সংরক্ষণ ও চাটনি,"আদার আচার, ৫ কেজি, ACI ব্র্যান্ড, প্রিমিয়াম কোয়ালিটি",639
prod_03111,সুরভি রাইস ব্রান তেল (২৫০ মিলি),রান্নার তেল,"রাইস ব্রান তেল, ২৫০ মিলি, সুরভি ব্র্যান্ড, প্রিমিয়াম কোয়ালিটি",115
prod_03112,কাজী ফার্মস আম আচার (৫০০ গ্রাম),সংরক্ষণ ও চাটনি,"তাজা আম আচার, ৫০০ গ্রাম, কাজী ফার্মস ব্র্যান্ড, প্রিমিয়াম কোয়ালিটি",85
prod_03113,ACI চানাচুর (১ কেজি),তাৎক্ষণিক খাদ্য,"মসলাদার চানাচুর, ১ কেজি, ACI ব্র্যান্ড, প্রিমিয়াম কোয়ালিটি",81
prod_03114,কাজী ফার্মস মাগুর মাছ (১ কেজি),প্রোটিন,"তাজা মাগুর মাছ, ১ কেজি, কাজী ফার্মস ব্র্যান্ড, প্রিমিয়াম কোয়ালিটি",613
prod_03115,মেঘনা খেজুর (২ কেজি),বাদাম ও শুকনো ফল,"মধ্যপূর্বীয় খেজুর, ২ কেজি, মেঘনা ব্র্যান্ড, প্রিমিয়াম কোয়ালিটি",1015
prod_03116,আফতাব বেসন (৫০০ গ্রাম),খাদ্যশস্য,"ছোলার বেসন, ৫০০ গ্রাম, আফতাব ব্র্যান্ড, প্রিমিয়াম কোয়ালিটি",99
prod_03117,ম্যারিকো গুড় (২ কেজি),মিষ্টি ও ডেজার্ট,"খাঁটি গুড়, ২ কেজি, ম্যারিকো ব্র্যান্ড, প্রিমিয়াম কোয়ালিটি",353
prod_03118,স্কয়ার অ্যালমন্ড মিল্ক (২৫০ গ্রাম),স্বাস্থ্য খাদ্য,"অ্যালমন্ড মিল্ক, ২৫০ গ্রাম, স্কয়ার ব্র্যান্ড, প্রিমিয়াম কোয়ালিটি",117
prod_03119,ড্যানিশ দুধের পাউডার (৫০০ গ্রাম),দুগ্ধজাত,"সম্পূর্ণ দুধের পাউডার, ৫০০ গ্রাম, ড্যানিশ ব্র্যান্ড, প্রিমিয়াম কোয়ালিটি",274
prod_03120,তীর বার্লি (৫ কেজি),খাদ্যশস্য,"প্রাকৃতিক বার্লি, ৫ কেজি, তীর ব্র্যান্ড, প্রিমিয়াম কোয়ালিটি",708
prod_03121,রূপচাঁদা চিনাবাদাম (১ কেজি),বাদাম ও শুকনো ফল,"সিদ্ধ চিনাবাদাম, ১ কেজি, রূপচাঁদা ব্র্যান্ড, প্রিমিয়াম কোয়ালিটি",248
prod_03122,পূর্ণ মেয়োনেজ (৫ লিটার),স্টক ও সস,"ক্রিমি মেয়োনেজ, ৫ লিটার, পূর্ণ ব্র্যান্ড, প্রিমিয়াম কোয়ালিটি",789
prod_03123,আরকু ময়দা (৫০০ গ্রাম),খাদ্যশস্য,"সাদা ময়দা, ৫০০ গ্রাম, আরকু ব্র্যান্ড, প্রিমিয়াম কোয়ালিটি",44
prod_03124,অর্গানিক ফার্ম পরোটা (৫ কেজি),তাৎক্ষণিক খাদ্য,"ফ্রোজেন পরোটা, ৫ কেজি, অর্গানিক ফার্ম ব্র্যান্ড, প্রিমিয়াম কোয়ালিটি",613
prod_03125,ম্যারিকো আদা পেস্ট (২ লিটার),রান্নার উপাদান,"তাজা আদা পেস্ট, ২ লিটার, ম্যারিকো ব্র্যান্ড, প্রিমিয়াম কোয়ালিটি",236
prod_03126,রূপচাঁদা টমেটো সস (২৫০ মিলি),রান্নার উপাদান,"টমেটো কেচাপ, ২৫০ মিলি, রূপচাঁদা ব্র্যান্ড, প্রিমিয়াম কোয়ালিটি",37
prod_03127,রাধুনী প্রোটিন পাউডার (৫০০ গ্রাম),স্বাস্থ্য খাদ্য,"হোয়ে প্রোটিন, ৫০০ গ্রাম, রাধুনী ব্র্যান্ড, প্রিমিয়াম কোয়ালিটি",705
prod_03128,অর্গানিক ফার্ম হলুদ গুঁড়া (২ কেজি),মশলা,"খাঁটি হলুদ গুঁড়া, ২ কেজি, অর্গানিক ফার্ম ব্র্যান্ড, প্রিমিয়াম কোয়ালিটি",137
prod_03129,পূর্ণ পনির (১ কেজি),দুগ্ধজাত,"ঘৃতি পনির, ১ কেজি, পূর্ণ ব্র্যান্ড, প্রিমিয়াম কোয়ালিটি",295
prod_03130,ইগলু কাজু বাদাম (২৫০ গ্রাম),বাদাম ও শুকনো ফল,"টাটকা কাজু বাদাম, ২৫০ গ্রাম, ইগলু ব্র্যান্ড, প্রিমিয়াম কোয়ালিটি",134
prod_03131,স্কয়ার কালিজিরা চাল (২ কেজি),খাদ্যশস্য,"সুগন্ধী কালিজিরা চাল, ২ কেজি, স্কয়ার ব্র্যান্ড, প্রিমিয়াম কোয়ালিটি",263
prod_03132,কাজী ফার্মস শসা (২ কেজি),শাকসবজি,"তাজা শসা, ২ কেজি, কাজী ফার্মস ব্র্যান্ড, প্রিমিয়াম কোয়ালিটি",127
prod_03133,ম্যারিকো পাম তেল (৫০০ মিলি),রান্নার তেল,"পরিশোধিত পাম তেল, ৫০০ মিলি, ম্যারিকো ব্র্যান্ড, প্রিমিয়াম কোয়ালিটি",200
prod_03134,রূপচাঁদা কাঠবাদাম (৫০০ গ্রাম),বাদাম ও শুকনো ফল,"কাঠবাদাম, ৫০০ গ্রাম, রূপচাঁদা ব্র্যান্ড, প্রিমিয়াম কোয়ালিটি",309
prod_03135,আফতাব কিসমিস (২ কেজি),বাদাম ও শুকনো ফল,"ভারতীয় কিসমিস, ২ কেজি, আফতাব ব্র্যান্ড, প্রিমিয়াম কোয়ালিটি",596
prod_03136,ইগলু কালিজিরা চাল (২৫০ গ্রাম),খাদ্যশস্য,"সুগন্ধী কালিজিরা চাল, ২৫০ গ্রাম, ইগলু ব্র্যান্ড, প্রিমিয়াম কোয়ালিটি",46
prod_03137,স্কয়ার জিলাপি (৫ কেজি),মিষ্টি ও ডেজার্ট,"তাজা জিলাপি, ৫ কেজি, স্কয়ার ব্র্যান্ড, প্রিমিয়াম কোয়ালিটি",835
prod_03138,মিল্কভিটা অ্যালমন্ড মিল্ক (২৫০ গ্রাম),স্বাস্থ্য খাদ্য,"অ্যালমন্ড মিল্ক, ২৫০ গ্রাম, মিল্কভিটা ব্র্যান্ড, প্রিমিয়াম কোয়ালিটি",133
prod_03139,মেঘনা নারকেল চিপস (১ কেজি),বাদাম ও শুকনো ফল,"কাটা নারকেল চিপস, ১ কেজি, মেঘনা ব্র্যান্ড, প্রিমিয়াম কোয়ালিটি",174
prod_03140,সুরভি গোলমরিচ (৫০০ গ্রাম),মশলা,"কালো গোলমরিচ, ৫০০ গ্রাম, সুরভি ব্র্যান্ড, প্রিমিয়াম কোয়ালিটি",167
prod_03141,পূর্ণ মাস্টার্ড সস (৫০০ মিলি),স্টক ও সস,"মাস্টার্ড সস, ৫০০ মিলি, পূর্ণ ব্র্যান্ড, প্রিমিয়াম কোয়ালিটি",116
prod_03142,আরকু ফুলকপি (৫০০ গ্রাম),শাকসবজি,"সাদা ফুলকপি, ৫০০ গ্রাম, আরকু ব্র্যান্ড, প্রিমিয়াম কোয়ালিটি",55
prod_03143,কাজী ফার্মস এলাচ (১ কেজি),মশলা,"সবুজ এলাচ, ১ কেজি, কাজী ফার্মস ব্র্যান্ড, প্রিমিয়াম কোয়ালিটি",207
prod_03144,রূপচাঁদা নারকেল তেল (২ লিটার),রান্নার তেল,"খাঁটি নারকেল তেল, ২ লিটার, রূপচাঁদা ব্র্যান্ড, প্রিমিয়াম কোয়ালিটি",734
prod_03145,রাধুনী ব্রোকলি (২৫০ গ্রাম),শাকসবজি,"সবুজ ব্রোকলি, ২৫০ গ্রাম, রাধুনী ব্র্যান্ড, প্রিমিয়াম কোয়ালিটি",45
prod_03146,ইগলু বিস্কুট (৫০০ গ্রাম),তাৎক্ষণিক খাদ্য,"ক্রিম বিস্কুট, ৫০০ গ্রাম, ইগলু ব্র্যান্ড, প্রিমিয়াম কোয়ালিটি",27
prod_03147,প্রাণ রাজমা (২৫০ গ্রাম),দালিল শস্য,"লাল রাজমা, ২৫০ গ্রাম, প্রাণ ব্র্যান্ড, প্রিমিয়াম কোয়ালিটি",83
prod_03148,স্কয়ার পিনাট বাটার (২ কেজি),স্বাস্থ্য খাদ্য,"পিনাট বাটার, ২ কেজি, স্কয়ার ব্র্যান্ড, প্রিমিয়াম কোয়ালিটি",1133
prod_03149,প্রাণ ভিনেগার (১ লিটার),রান্নার উপাদান,"সাদা ভিনেগার, ১ লিটার, প্রাণ ব্র্যান্ড, প্রিমিয়াম কোয়ালিটি",95
prod_03150,ইগলু ডিম (২ কেজি),প্রোটিন,"তাজা মুরগির ডিম, ২ কেজি, ইগলু ব্র্যান্ড, প্রিমিয়াম কোয়ালিটি",379
prod_03151,ইগলু নারকেল তেল (৫০০ মিলি),রান্নার তেল,"খাঁটি নারকেল তেল, ৫০০ মিলি, ইগলু ব্র্যান্ড, প্রিমিয়াম কোয়ালিটি",198
prod_03152,ইস্পাহানি কফি পাউডার (২৫০ মিলি),পানীয়,"কফি পাউডার, ২৫০ মিলি, ইস্পাহানি ব্র্যান্ড, প্রিমিয়াম কোয়ালিটি",113
prod_03153,ফ্রেশ দারুচিনি (৫ কেজি),মশলা,"দারুচিনির ছাল, ৫ কেজি, ফ্রেশ ব্র্যান্ড, প্রিমিয়াম কোয়ালিটি",804
prod_03154,প্রাণ লাল মরিচ (১ কেজি),মশলা,"সূক্ষ্ম লাল মরিচ, ১ কেজি, প্রাণ ব্র্যান্ড, প্রিমিয়াম কোয়ালিটি",112
prod_03155,ম্যারিকো রসুনের আচার (২৫০ গ্রাম),সংরক্ষণ ও চাটনি,"রসুনের আচার, ২৫০ গ্রাম, ম্যারিকো ব্র্যান্ড, প্রিমিয়াম কোয়ালিটি",44
prod_03156,আরকু চিজ (৫ কেজি),দুগ্ধজাত,"প্রসেসড চিজ, ৫ কেজি, আরকু ব্র্যান্ড, প্রিমিয়াম কোয়ালিটি",1954
prod_03157,ACI ফুলকপি (২ কেজি),শাকসবজি,"সাদা ফুলকপি, ২ কেজি, ACI ব্র্যান্ড, প্রিমিয়াম কোয়ালিটি",138
prod_03158,পূর্ণ চাল (৫০০ গ্রাম),খাদ্যশস্য,"সাদা চাল, স্থানীয় উৎপাদিত, ৫০০ গ্রাম, পূর্ণ ব্র্যান্ড, প্রিমিয়াম কোয়ালিটি",50
prod_03159,ম্যারিকো মিষ্টি আমের চাটনি (২৫০ গ্রাম),সংরক্ষণ ও চাটনি,"মিষ্টি আমের চাটনি, ২৫০ গ্রাম, ম্যারিকো ব্র্যান্ড, প্রিমিয়াম কোয়ালিটি",42
prod_03160,স্কয়ার চাল (৫০০ গ্রাম),খাদ্যশস্য,"সাদা চাল, স্থানীয় উৎপাদিত, ৫০০ গ্রাম, স্কয়ার ব্র্যান্ড, প্রিমিয়াম কোয়ালিটি",47
prod_03161,ফ্রেশ নারকেল তেল (৫০০ মিলি),রান্নার তেল,"খাঁটি নারকেল তেল, ৫০০ মিলি, ফ্রেশ ব্র্যান্ড, প্রিমিয়াম কোয়ালিটি",213
prod_03162,আফতাব বুটের ডাল (২৫০ গ্রাম),দালিল শস্য,"বুটের ডাল, ২৫০ গ্রাম, আফতাব ব্র্যান্ড, প্রিমিয়াম কোয়ালিটি",62
prod_03163,ম্যারিকো রুটি (৫ কেজি),তাৎক্ষণিক খাদ্য,"স্লাইসড রুটি, ৫ কেজি, ম্যারিকো ব্র্যান্ড, প্রিমিয়াম কোয়ালিটি",410
prod_03164,ফ্রেশ আদা পেস্ট (৫০০ মিলি),রান্নার উপাদান,"তাজা আদা পেস্ট, ৫০০ মিলি, ফ্রেশ ব্র্যান্ড, প্রিমিয়াম কোয়ালিটি",77
prod_03165,ইস্পাহানি টমেটোর চাটনি (২৫০ গ্রাম),সংরক্ষণ ও চাটনি,"টমেটোর চাটনি, ২৫০ গ্রাম, ইস্পাহানি ব্র্যান্ড, প্রিমিয়াম কোয়ালিটি",38
prod_03166,পূর্ণ নুডুলস (৫০০ গ্রাম),তাৎক্ষণিক খাদ্য,"ডিম নুডুলস, ৫০০ গ্রাম, পূর্ণ ব্র্যান্ড, প্রিমিয়াম কোয়ালিটি",59
prod_03167,অর্গানিক ফার্ম রাইস ব্রান তেল (১ লিটার),রান্নার তেল,"রাইস ব্রান তেল, ১ লিটার, অর্গানিক ফার্ম ব্র্যান্ড, প্রিমিয়াম কোয়ালিটি",403
prod_03168,ACI দুধের পাউডার (৫ কেজি),দুগ্ধজাত,"সম্পূর্ণ দুধের পাউডার, ৫ কেজি, ACI ব্র্যান্ড, প্রিমিয়াম কোয়ালিটি",2099
prod_03169,কাজী ফার্মস কচু শাক (৫ কেজি),শাকসবজি,"তাজা কচু শাক, ৫ কেজি, কাজী ফার্মস ব্র্যান্ড, প্রিমিয়াম কোয়ালিটি",169
prod_03170,স্কয়ার শিম (২ কেজি),শাকসবজি,"তাজা শিম, ২ কেজি, স্কয়ার ব্র্যান্ড, প্রিমিয়াম কোয়ালিটি",185
prod_03171,ইস্পাহানি ডিম (১ কেজি),প্রোটিন,"তাজা মুরগির ডিম, ১ কেজি, ইস্পাহানি ব্র্যান্ড, প্রিমিয়াম কোয়ালিটি",246
prod_03172,স্কয়ার কলা (২৫০ গ্রাম),ফল,"সবুজ কলা, ২৫০ গ্রাম, স্কয়ার ব্র্যান্ড, প্রিমিয়াম কোয়ালিটি",25
prod_03173,আফতাব পিনাট বাটার (৫০০ গ্রাম),স্বাস্থ্য খাদ্য,"পিনাট বাটার, ৫০০ গ্রাম, আফতাব ব্র্যান্ড, প্রিমিয়াম কোয়ালিটি",320
prod_03174,প্রাণ গম (৫ কেজি),খাদ্যশস্য,"সাদা গম, উচ্চমানের, ৫ কেজি, প্রাণ ব্র্যান্ড, প্রিমিয়াম কোয়ালিটি",1616
prod_03175,সুরভি মিষ্টি আলু (২ কেজি),শাকসবজি,"কমলা মিষ্টি আলু, ২ কেজি, সুরভি ব্র্যান্ড, প্রিমিয়াম কোয়ালিটি",206
prod_03176,তীর সয়াবিন তেল (১ লিটার),রান্নার তেল,"বিশুদ্ধ সয়াবিন তেল, ১ লিটার, তীর ব্র্যান্ড, প্রিমিয়াম কোয়ালিটি",503
prod_03177,পূর্ণ মাখন (৫০০ গ্রাম),দুগ্ধজাত,"খাঁটি মাখন, ৫০০ গ্রাম, পূর্ণ ব্র্যান্ড, প্রিমিয়াম কোয়ালিটি",333
prod_03178,ইগলু মিষ্টি দই (১ কেজি),মিষ্টি ও ডেজার্ট,"মিষ্টি দই, ১ কেজি, ইগলু ব্র্যান্ড, প্রিমিয়াম কোয়ালিটি",144
prod_03179,আফতাব নুডুলস (২ কেজি),তাৎক্ষণিক খাদ্য,"ডিম নুডুলস, ২ কেজি, আফতাব ব্র্যান্ড, প্রিমিয়াম কোয়ালিটি",200
prod_03180,সুরভি চিনাবাদাম (১ কেজি),বাদাম ও শুকনো ফল,"সিদ্ধ চিনাবাদাম, ১ কেজি, সুরভি ব্র্যান্ড, প্রিমিয়াম কোয়ালিটি",248
prod_03181,আরকু ক্রিম (৫০০ গ্রাম),দুগ্ধজাত,"ফ্রেশ ক্রিম, ৫০০ গ্রাম, আরকু ব্র্যান্ড, প্রিমিয়াম কোয়ালিটি",218
prod_03182,পূর্ণ মিষ্টি দই (৫ কেজি),মিষ্টি ও ডেজার্ট,"মিষ্টি দই, ৫ কেজি, পূর্ণ ব্র্যান্ড, প্রিমিয়াম কোয়ালিটি",638
prod_03183,রাধুনী ওটস (২ কেজি),স্বাস্থ্য খাদ্য,"রোলড ওটস, ২ কেজি, রাধুনী ব্র্যান্ড, প্রিমিয়াম কোয়ালিটি",501
prod_03184,তীর দই (৫০০ গ্রাম),দুগ্ধজাত,"তাজা গরুর দই, ৫০০ গ্রাম, তীর ব্র্যান্ড, প্রিমিয়াম কোয়ালিটি",62
prod_03185,সুরভি জিরা (৫ কেজি),মশলা,"জিরা বীজ, ৫ কেজি, সুরভি ব্র্যান্ড, প্রিমিয়াম কোয়ালিটি",524
prod_03186,ইস্পাহানি প্রোটিন পাউডার (৫০০ গ্রাম),স্বাস্থ্য খাদ্য,"হোয়ে প্রোটিন, ৫০০ গ্রাম, ইস্পাহানি ব্র্যান্ড, প্রিমিয়াম কোয়ালিটি",738
prod_03187,ACI লবঙ্গ (১ কেজি),মশলা,"খাঁটি লবঙ্গ, ১ কেজি, ACI ব্র্যান্ড, প্রিমিয়াম কোয়ালিটি",220
prod_03188,রূপচাঁদা ছানা (২৫০ গ্রাম),দুগ্ধজাত,"তাজা ছানা, ২৫০ গ্রাম, রূপচাঁদা ব্র্যান্ড, প্রিমিয়াম কোয়ালিটি",85
prod_03189,পূর্ণ তেঁতুলের চাটনি (৫০০ গ্রাম),সংরক্ষণ ও চাটনি,"তেঁতুলের চাটনি, ৫০০ গ্রাম, পূর্ণ ব্র্যান্ড, প্রিমিয়াম কোয়ালিটি",69
prod_03190,তীর মেয়োনেজ (২ লিটার),স্টক ও সস,"ক্রিমি মেয়োনেজ, ২ লিটার, তীর ব্র্যান্ড, প্রিমিয়াম কোয়ালিটি",328
prod_03191,রাধুনী আদা পেস্ট (১ লিটার),রান্নার উপাদান,"তাজা আদা পেস্ট, ১ লিটার, রাধুনী ব্র্যান্ড, প্রিমিয়াম কোয়ালিটি",157
prod_03192,ইস্পাহানি কাতলা মাছ (১ কেজি),প্রোটিন,"তাজা কাতলা মাছ, ১ কেজি, ইস্পাহানি ব্র্যান্ড, প্রিমিয়াম কোয়ালিটি",520
prod_03193,ACI নারকেল চিপস (২ কেজি),বাদাম ও শুকনো ফল,"কাটা নারকেল চিপস, ২ কেজি, ACI ব্র্যান্ড, প্রিমিয়াম কোয়ালিটি",325
prod_03194,স্কয়ার কলা (৫০০ গ্রাম),ফল,"সবুজ কলা, ৫০০ গ্রাম, স্কয়ার ব্র্যান্ড, প্রিমিয়াম কোয়ালিটি",53
prod_03195,ম্যারিকো মাখন (২৫০ গ্রাম),দুগ্ধজাত,"খাঁটি মাখন, ২৫০ গ্রাম, ম্যারিকো ব্র্যান্ড, প্রিমিয়াম কোয়ালিটি",136
prod_03196,পূর্ণ কাসুন্দি (২ কেজি),সংরক্ষণ ও চাটনি,"বাঙালি কাসুন্দি, ২ কেজি, পূর্ণ ব্র্যান্ড, প্রিমিয়াম কোয়ালিটি",344
prod_03197,রূপচাঁদা তেঁতুলের চাটনি (১ কেজি),সংরক্ষণ ও চাটনি,"তেঁতুলের চাটনি, ১ কেজি, রূপচাঁদা ব্র্যান্ড, প্রিমিয়াম কোয়ালিটি",131
prod_03198,আরকু পাম তেল (২৫০ মিলি),রান্নার তেল,"পরিশোধিত পাম তেল, ২৫০ মিলি, আরকু ব্র্যান্ড, প্রিমিয়াম কোয়ালিটি",86
prod_03199,ড্যানিশ জিরা (১ কেজি),মশলা,"জিরা বীজ, ১ কেজি, ড্যানিশ ব্র্যান্ড, প্রিমিয়াম কোয়ালিটি",155
prod_03200,মেঘনা কাসুন্দি (২৫০ গ্রাম),সংরক্ষণ ও চাটনি,"বাঙালি কাসুন্দি, ২৫০ গ্রাম, মেঘনা ব্র্যান্ড, প্রিমিয়াম কোয়ালিটি",49
prod_03201,সুরভি ফিশ সস (২ লিটার),স্টক ও সস,"মাছের সস, ২ লিটার, সুরভি ব্র্যান্ড, প্রিমিয়াম কোয়ালিটি",357
prod_03202,তীর আম আচার (১ কেজি),সংরক্ষণ ও চাটনি,"তাজা আম আচার, ১ কেজি, তীর ব্র্যান্ড, প্রিমিয়াম কোয়ালিটি",167
prod_03203,সুরভি পাঙ্গাস মাছ (৫ কেজি),প্রোটিন,"তাজা পাঙ্গাস মাছ, ৫ কেজি, সুরভি ব্র্যান্ড, প্রিমিয়াম কোয়ালিটি",2456
prod_03204,ফ্রেশ গরম মসলা (২৫০ গ্রাম),মশলা,"গরম মাসালা মিশ্রণ, ২৫০ গ্রাম, ফ্রেশ ব্র্যান্ড, প্রিমিয়াম কোয়ালিটি",41
prod_03205,মিল্কভিটা আদা পেস্ট (২৫০ মিলি),রান্নার উপাদান,"তাজা আদা পেস্ট, ২৫০ মিলি, মিল্কভিটা ব্র্যান্ড, প্রিমিয়াম কোয়ালিটি",42
prod_03206,ইস্পাহানি দুধের পাউডার (২ কেজি),দুগ্ধজাত,"সম্পূর্ণ দুধের পাউডার, ২ কেজি, ইস্পাহানি ব্র্যান্ড, প্রিমিয়াম কোয়ালিটি",829
prod_03207,মিল্কভিটা কাঠবাদাম (১ কেজি),বাদাম ও শুকনো ফল,"কাঠবাদাম, ১ কেজি, মিল্কভিটা ব্র্যান্ড, প্রিমিয়াম কোয়ালিটি",577
prod_03208,মিল্কভিটা সরিষার তেল (১ লিটার),রান্নার তেল,"ঐতিহ্যবাহী সরিষার তেল, ১ লিটার, মিল্কভিটা ব্র্যান্ড, প্রিমিয়াম কোয়ালিটি",295
prod_03209,পূর্ণ গ্রিন টি (১ লিটার),পানীয়,"গ্রিন টি ব্যাগ, ১ লিটার, পূর্ণ ব্র্যান্ড, প্রিমিয়াম কোয়ালিটি",276
prod_03210,প্রাণ পাঁচফোড়ন (২৫০ গ্রাম),মশলা,"পাঁচফোড়ন মিশ্রণ, ২৫০ গ্রাম, প্রাণ ব্র্যান্ড, প্রিমিয়াম কোয়ালিটি",30
prod_03211,ACI মেয়োনেজ (২ লিটার),স্টক ও সস,"ক্রিমি মেয়োনেজ, ২ লিটার, ACI ব্র্যান্ড, প্রিমিয়াম কোয়ালিটি",346
prod_03212,তীর রসুনের আচার (৫০০ গ্রাম),সংরক্ষণ ও চাটনি,"রসুনের আচার, ৫০০ গ্রাম, তীর ব্র্যান্ড, প্রিমিয়াম কোয়ালিটি",79
prod_03213,মিল্কভিটা ঝিঙ্গা (৫০০ গ্রাম),শাকসবজি,"সবুজ ঝিঙ্গা, ৫০০ গ্রাম, মিল্কভিটা ব্র্যান্ড, প্রিমিয়াম কোয়ালিটি",36
prod_03214,ম্যারিকো ছোলা (১ কেজি),দালিল শস্য,"ছোট ছোলা, ১ কেজি, ম্যারিকো ব্র্যান্ড, প্রিমিয়াম কোয়ালিটি",226
prod_03215,অর্গানিক ফার্ম মাস্টার্ড সস (২৫০ মিলি),স্টক ও সস,"মাস্টার্ড সস, ২৫০ মিলি, অর্গানিক ফার্ম ব্র্যান্ড, প্রিমিয়াম কোয়ালিটি",61
prod_03216,ACI লাল মরিচ (২৫০ গ্রাম),মশলা,"সূক্ষ্ম লাল মরিচ, ২৫০ গ্রাম, ACI ব্র্যান্ড, প্রিমিয়াম কোয়ালিটি",33
prod_03217,স্কয়ার কফি বিন (২৫০ মিলি),পানীয়,"ভাজা কফি বিন, ২৫০ মিলি, স্কয়ার ব্র্যান্ড, প্রিমিয়াম কোয়ালিটি",128
prod_03218,ফ্রেশ লিচু (২৫০ গ্রাম),ফল,"তাজা লিচু, ২৫০ গ্রাম, ফ্রেশ ব্র্যান্ড, প্রিমিয়াম কোয়ালিটি",86
prod_03219,মিল্কভিটা সুজি (২৫০ গ্রাম),খাদ্যশস্য,"সুজি, রান্নার জন্য, ২৫০ গ্রাম, মিল্কভিটা ব্র্যান্ড, প্রিমিয়াম কোয়ালিটি",24
prod_03220,অর্গানিক ফার্ম ভুট্টা (৫ কেজি),খাদ্যশস্য,"হলুদ ভুট্টা, ৫ কেজি, অর্গানিক ফার্ম ব্র্যান্ড, প্রিমিয়াম কোয়ালিটি",558
prod_03221,রূপচাঁদা ফল জুস (১ লিটার),পানীয়,"মিশ্র ফল জুস, ১ লিটার, রূপচাঁদা ব্র্যান্ড, প্রিমিয়াম কোয়ালিটি",259
prod_03222,স্কয়ার চিপস (১ কেজি),তাৎক্ষণিক খাদ্য,"আলুর চিপস, ১ কেজি, স্কয়ার ব্র্যান্ড, প্রিমিয়াম কোয়ালিটি",78
prod_03223,পূর্ণ তেঁতুলের চাটনি (৫ কেজি),সংরক্ষণ ও চাটনি,"তেঁতুলের চাটনি, ৫ কেজি, পূর্ণ ব্র্যান্ড, প্রিমিয়াম কোয়ালিটি",455
prod_03224,ফ্রেশ টমেটোর চাটনি (২৫০ গ্রাম),সংরক্ষণ ও চাটনি,"টমেটোর চাটনি, ২৫০ গ্রাম, ফ্রেশ ব্র্যান্ড, প্রিমিয়াম কোয়ালিটি",39
prod_03225,প্রাণ নারকেল দুধ (৫ লিটার),রান্নার উপাদান,"গাঢ় নারকেল দুধ, ৫ লিটার, প্রাণ ব্র্যান্ড, প্রিমিয়াম কোয়ালিটি",682
prod_03226,মেঘনা গ্রিন টি (২ লিটার),পানীয়,"গ্রিন টি ব্যাগ, ২ লিটার, মেঘনা ব্র্যান্ড, প্রিমিয়াম কোয়ালিটি",596
prod_03227,ড্যানিশ জাম (৫০০ গ্রাম),ফল,"কালো জাম, ৫০০ গ্রাম, ড্যানিশ ব্র্যান্ড, প্রিমিয়াম কোয়ালিটি",127
prod_03228,মেঘনা নুডুলস (২৫০ গ্রাম),তাৎক্ষণিক খাদ্য,"ডিম নুডুলস, ২৫০ গ্রাম, মেঘনা ব্র্যান্ড, প্রিমিয়াম কোয়ালিটি",34
prod_03229,সুরভি কেক (৫ কেজি),তাৎক্ষণিক খাদ্য,"ফ্রুট কেক, ৫ কেজি, সুরভি ব্র্যান্ড, প্রিমিয়াম কোয়ালিটি",1119
prod_03230,ড্যানিশ সানফ্লাওয়ার তেল (২ লিটার),রান্নার তেল,"সানফ্লাওয়ার তেল, ২ লিটার, ড্যানিশ ব্র্যান্ড, প্রিমিয়াম কোয়ালিটি",1100
prod_03231,পূর্ণ পুঁই শাক (১ কেজি),শাকসবজি,"তাজা পুঁই শাক, ১ কেজি, পূর্ণ ব্র্যান্ড, প্রিমিয়াম কোয়ালিটি",55
prod_03232,আফতাব মাগুর মাছ (৫ কেজি),প্রোটিন,"তাজা মাগুর মাছ, ৫ কেজি, আফতাব ব্র্যান্ড, প্রিমিয়াম কোয়ালিটি",3256
prod_03233,রূপচাঁদা ছোলা (২৫০ গ্রাম),দালিল শস্য,"ছোট ছোলা, ২৫০ গ্রাম, রূপচাঁদা ব্র্যান্ড, প্রিমিয়াম কোয়ালিটি",51
prod_03234,ইগলু চিয়া সিড (২৫০ গ্রাম),স্বাস্থ্য খাদ্য,"চিয়া সিড, ২৫০ গ্রাম, ইগলু ব্র্যান্ড, প্রিমিয়াম কোয়ালিটি",149
prod_03235,ম্যারিকো গুড় (৫০০ গ্রাম),মিষ্টি ও ডেজার্ট,"খাঁটি গুড়, ৫০০ গ্রাম, ম্যারিকো ব্র্যান্ড, প্রিমিয়াম কোয়ালিটি",129
prod_03236,ড্যানিশ সরিষার তেল (২৫০ মিলি),রান্নার তেল,"ঐতিহ্যবাহী সরিষার তেল, ২৫০ মিলি, ড্যানিশ ব্র্যান্ড, প্রিমিয়াম কোয়ালিটি",67
prod_03237,বসুন্ধরা বিস্কুট (৫০০ গ্রাম),তাৎক্ষণিক খাদ্য,"ক্রিম বিস্কুট, ৫০০ গ্রাম, বসুন্ধরা ব্র্যান্ড, প্রিমিয়াম কোয়ালিটি",31
prod_03238,ফ্রেশ আঙুর (৫০০ গ্রাম),ফল,"সবুজ আঙুর, ৫০০ গ্রাম, ফ্রেশ ব্র্যান্ড, প্রিমিয়াম কোয়ালিটি",338
prod_03239,স্কয়ার কলা (৫০০ গ্রাম),ফল,"সবুজ কলা, ৫০০ গ্রাম, স্কয়ার ব্র্যান্ড, প্রিমিয়াম কোয়ালিটি",56
prod_03240,পূর্ণ সানফ্লাওয়ার তেল (২ লিটার),রান্নার তেল,"সানফ্লাওয়ার তেল, ২ লিটার, পূর্ণ ব্র্যান্ড, প্রিমিয়াম কোয়ালিটি",1004
prod_03241,সুরভি ফিশ সস (১ লিটার),স্টক ও সস,"মাছের সস, ১ লিটার, সুরভি ব্র্যান্ড, প্রিমিয়াম কোয়ালিটি",207
prod_03242,রাধুনী সরিষার তেল (১ লিটার),রান্নার তেল,"ঐতিহ্যবাহী সরিষার তেল, ১ লিটার, রাধুনী ব্র্যান্ড, প্রিমিয়াম কোয়ালিটি",289
prod_03243,মিল্কভিটা পনির (১ কেজি),দুগ্ধজাত,"ঘৃতি পনির, ১ কেজি, মিল্কভিটা ব্র্যান্ড, প্রিমিয়াম কোয়ালিটি",287
prod_03244,মিল্কভিটা বিস্কুট (২৫০ গ্রাম),তাৎক্ষণিক খাদ্য,"ক্রিম বিস্কুট, ২৫০ গ্রাম, মিল্কভিটা ব্র্যান্ড, প্রিমিয়াম কোয়ালিটি",14
prod_03245,ড্যানিশ দুধের পাউডার (১ কেজি),দুগ্ধজাত,"সম্পূর্ণ দুধের পাউডার, ১ কেজি, ড্যানিশ ব্র্যান্ড, প্রিমিয়াম কোয়ালিটি",545
prod_03246,অর্গানিক ফার্ম কাতলা মাছ (৫ কেজি),প্রোটিন,"তাজা কাতলা মাছ, ৫ কেজি, অর্গানিক ফার্ম ব্র্যান্ড, প্রিমিয়াম কোয়ালিটি",2062
prod_03247,কাজী ফার্মস ভিনেগার (২ লিটার),রান্নার উপাদান,"সাদা ভিনেগার, ২ লিটার, কাজী ফার্মস ব্র্যান্ড, প্রিমিয়াম কোয়ালিটি",181
prod_03248,রূপচাঁদা কিসমিস (২ কেজি),বাদাম ও শুকনো ফল,"ভারতীয় কিসমিস, ২ কেজি, রূপচাঁদা ব্র্যান্ড, প্রিমিয়াম কোয়ালিটি",572
prod_03249,আরকু পেস্তাবাদাম (৫ কেজি),বাদাম ও শুকনো ফল,"ইরানি পেস্তাবাদাম, ৫ কেজি, আরকু ব্র্যান্ড, প্রিমিয়াম কোয়ালিটি",2270
prod_03250,মিল্কভিটা লাউ (২ কেজি),শাকসবজি,"মিষ্টি লাউ, ২ কেজি, মিল্কভিটা ব্র্যান্ড, প্রিমিয়াম কোয়ালিটি",166
prod_03251,ACI চিজ (২ কেজি),দুগ্ধজাত,"প্রসেসড চিজ, ২ কেজি, ACI ব্র্যান্ড, প্রিমিয়াম কোয়ালিটি",694
prod_03252,ম্যারিকো ম্যাকারনি (৫০০ গ্রাম),তাৎক্ষণিক খাদ্য,"ম্যাকারনি, ৫০০ গ্রাম, ম্যারিকো ব্র্যান্ড, প্রিমিয়াম কোয়ালিটি",106
prod_03253,রূপচাঁদা ছোলা (২ কেজি),দালিল শস্য,"ছোট ছোলা, ২ কেজি, রূপচাঁদা ব্র্যান্ড, প্রিমিয়াম কোয়ালিটি",330
prod_03254,কাজী ফার্মস গরম মসলা (২ কেজি),মশলা,"গরম মাসালা মিশ্রণ, ২ কেজি, কাজী ফার্মস ব্র্যান্ড, প্রিমিয়াম কোয়ালিটি",243
prod_03255,পূর্ণ আনারস (২ কেজি),ফল,"তাজা আনারস, ২ কেজি, পূর্ণ ব্র্যান্ড, প্রিমিয়াম কোয়ালিটি",278
prod_03256,ম্যারিকো খেজুর (৫ কেজি),বাদাম ও শুকনো ফল,"মধ্যপূর্বীয় খেজুর, ৫ কেজি, ম্যারিকো ব্র্যান্ড, প্রিমিয়াম কোয়ালিটি",2033
prod_03257,মিল্কভিটা ডিম (২৫০ গ্রাম),প্রোটিন,"তাজা মুরগির ডিম, ২৫০ গ্রাম, মিল্কভিটা ব্র্যান্ড, প্রিমিয়াম কোয়ালিটি",66
prod_03258,ইস্পাহানি নারকেল চিপস (৫ কেজি),বাদাম ও শুকনো ফল,"কাটা নারকেল চিপস, ৫ কেজি, ইস্পাহানি ব্র্যান্ড, প্রিমিয়াম কোয়ালিটি",668
prod_03259,তীর পেয়ারা (৫০০ গ্রাম),ফল,"তাজা পেয়ারা, ৫০০ গ্রাম, তীর ব্র্যান্ড, প্রিমিয়াম কোয়ালিটি",73
prod_03260,মেঘনা দই (৫ কেজি),দুগ্ধজাত,"তাজা গরুর দই, ৫ কেজি, মেঘনা ব্র্যান্ড, প্রিমিয়াম কোয়ালিটি",462
prod_03261,ড্যানিশ গরুর মাংস (৫০০ গ্রাম),প্রোটিন,"তাজা গরুর মাংস, ৫০০ গ্রাম, ড্যানিশ ব্র্যান্ড, প্রিমিয়াম কোয়ালিটি",789
prod_03262,রূপচাঁদা ব্রোকলি (৫০০ গ্রাম),শাকসবজি,"সবুজ ব্রোকলি, ৫০০ গ্রাম, রূপচাঁদা ব্র্যান্ড, প্রিমিয়াম কোয়ালিটি",102
prod_03263,স্কয়ার ঢেঁড়স (৫ কেজি),শাকসবজি,"তাজা ঢেঁড়স, ৫ কেজি, স্কয়ার ব্র্যান্ড, প্রিমিয়াম কোয়ালিটি",367
prod_03264,পূর্ণ সিং মাছ (৫০০ গ্রাম),প্রোটিন,"স্থানীয় সিং মাছ, ৫০০ গ্রাম, পূর্ণ ব্র্যান্ড, প্রিমিয়াম কোয়ালিটি",326
prod_03265,রূপচাঁদা গুলাব জামুন (১ কেজি),মিষ্টি ও ডেজার্ট,"খাঁটি গুলাব জামুন, ১ কেজি, রূপচাঁদা ব্র্যান্ড, প্রিমিয়াম কোয়ালিটি",342
prod_03266,রাধুনী লবণ (২ কেজি),মশলা,"সমুদ্রের লবণ, ২ কেজি, রাধুনী ব্র্যান্ড, প্রিমিয়াম কোয়ালিটি",142
prod_03267,ইগলু মরিচ পেস্ট (১ লিটার),রান্নার উপাদান,"মরিচ পেস্ট, ১ লিটার, ইগলু ব্র্যান্ড, প্রিমিয়াম কোয়ালিটি",145
prod_03268,ফ্রেশ রসুন (২ কেজি),শাকসবজি,"সাদা রসুন, ২ কেজি, ফ্রেশ ব্র্যান্ড, প্রিমিয়াম কোয়ালিটি",266
prod_03269,মিল্কভিটা চিনি (৫ কেজি),মিষ্টি ও ডেজার্ট,"সাদা পরিশোধিত চিনি, ৫ কেজি, মিল্কভিটা ব্র্যান্ড, প্রিমিয়াম কোয়ালিটি",687
prod_03270,ফ্রেশ পেয়ারা (৫ কেজি),ফল,"তাজা পেয়ারা, ৫ কেজি, ফ্রেশ ব্র্যান্ড, প্রিমিয়াম কোয়ালিটি",542
prod_03271,ড্যানিশ আঙুর (১ কেজি),ফল,"সবুজ আঙুর, ১ কেজি, ড্যানিশ ব্র্যান্ড, প্রিমিয়াম কোয়ালিটি",551
prod_03272,রাধুনী মাশরুম (৫ কেজি),শাকসবজি,"তাজা মাশরুম, ৫ কেজি, রাধুনী ব্র্যান্ড, প্রিমিয়াম কোয়ালিটি",814
prod_03273,কাজী ফার্মস ভুট্টা (৫ কেজি),খাদ্যশস্য,"হলুদ ভুট্টা, ৫ কেজি, কাজী ফার্মস ব্র্যান্ড, প্রিমিয়াম কোয়ালিটি",528
prod_03274,আফতাব কলা (৫ কেজি),ফল,"সবুজ কলা, ৫ কেজি, আফতাব ব্র্যান্ড, প্রিমিয়াম কোয়ালিটি",379
prod_03275,ফ্রেশ বাঁধাকপি (৫০০ গ্রাম),শাকসবজি,"তাজা বাঁধাকপি, ৫০০ গ্রাম, ফ্রেশ ব্র্যান্ড, প্রিমিয়াম কোয়ালিটি",33
prod_03276,কাজী ফার্মস গরম মসলা (২ কেজি),মশলা,"গরম মাসালা মিশ্রণ, ২ কেজি, কাজী ফার্মস ব্র্যান্ড, প্রিমিয়াম কোয়ালিটি",279
prod_03277,তীর পেঁয়াজ (৫ কেজি),শাকসবজি,"তাজা পেঁয়াজ, ৫ কেজি, তীর ব্র্যান্ড, প্রিমিয়াম কোয়ালিটি",341
prod_03278,কাজী ফার্মস লাল মরিচ (১ কেজি),মশলা,"সূক্ষ্ম লাল মরিচ, ১ কেজি, কাজী ফার্মস ব্র্যান্ড, প্রিমিয়াম কোয়ালিটি",139
prod_03279,ফ্রেশ মুগ ডাল (৫ কেজি),দালিল শস্য,"সবুজ মুগ ডাল, ৫ কেজি, ফ্রেশ ব্র্যান্ড, প্রিমিয়াম কোয়ালিটি",880
prod_03280,প্রাণ গোলমরিচ (৫০০ গ্রাম),মশলা,"কালো গোলমরিচ, ৫০০ গ্রাম, প্রাণ ব্র্যান্ড, প্রিমিয়াম কোয়ালিটি",141
prod_03281,তীর নারকেল চিপস (৫ কেজি),বাদাম ও শুকনো ফল,"কাটা নারকেল চিপস, ৫ কেজি, তীর ব্র্যান্ড, প্রিমিয়াম কোয়ালিটি",747
prod_03282,মেঘনা রুটি (৫ কেজি),তাৎক্ষণিক খাদ্য,"স্লাইসড রুটি, ৫ কেজি, মেঘনা ব্র্যান্ড, প্রিমিয়াম কোয়ালিটি",455
prod_03283,আরকু পনির (৫০০ গ্রাম),দুগ্ধজাত,"ঘৃতি পনির, ৫০০ গ্রাম, আরকু ব্র্যান্ড, প্রিমিয়াম কোয়ালিটি",154
prod_03284,ম্যারিকো পাঙ্গাস মাছ (৫০০ গ্রাম),প্রোটিন,"তাজা পাঙ্গাস মাছ, ৫০০ গ্রাম, ম্যারিকো ব্র্যান্ড, প্রিমিয়াম কোয়ালিটি",329
prod_03285,বসুন্ধরা দুধ (৫০০ গ্রাম),দুগ্ধজাত,"তাজা গরুর দুধ, ৫০০ গ্রাম, বসুন্ধরা ব্র্যান্ড, প্রিমিয়াম কোয়ালিটি",85
prod_03286,কাজী ফার্মস ভ্যাজিটেবল স্টক (১ লিটার),স্টক ও সস,"শাকসবজির স্টক, ১ লিটার, কাজী ফার্মস ব্র্যান্ড, প্রিমিয়াম কোয়ালিটি",300
prod_03287,ইগলু লবণ (২৫০ গ্রাম),মশলা,"সমুদ্রের লবণ, ২৫০ গ্রাম, ইগলু ব্র্যান্ড, প্রিমিয়াম কোয়ালিটি",22
prod_03288,কাজী ফার্মস মাংস স্টক (৫০০ মিলি),স্টক ও সস,"গরুর মাংসের স্টক, ৫০০ মিলি, কাজী ফার্মস ব্র্যান্ড, প্রিমিয়াম কোয়ালিটি",217
prod_03289,মেঘনা গ্রিন টি (৫ লিটার),পানীয়,"গ্রিন টি ব্যাগ, ৫ লিটার, মেঘনা ব্র্যান্ড, প্রিমিয়াম কোয়ালিটি",1319
prod_03290,তীর গোলমরিচ (১ কেজি),মশলা,"কালো গোলমরিচ, ১ কেজি, তীর ব্র্যান্ড, প্রিমিয়াম কোয়ালিটি",309
prod_03291,প্রাণ মেয়োনেজ (৫ লিটার),স্টক ও সস,"ক্রিমি মেয়োনেজ, ৫ লিটার, প্রাণ ব্র্যান্ড, প্রিমিয়াম কোয়ালিটি",776
prod_03292,কাজী ফার্মস কফি বিন (২৫০ মিলি),পানীয়,"ভাজা কফি বিন, ২৫০ মিলি, কাজী ফার্মস ব্র্যান্ড, প্রিমিয়াম কোয়ালিটি",131
prod_03293,স্কয়ার ভ্যাজিটেবল স্টক (২৫০ মিলি),স্টক ও সস,"শাকসবজির স্টক, ২৫০ মিলি, স্কয়ার ব্র্যান্ড, প্রিমিয়াম কোয়ালিটি",86
prod_03294,তীর চানাচুর (৫০০ গ্রাম),তাৎক্ষণিক খাদ্য,"মসলাদার চানাচুর, ৫০০ গ্রাম, তীর ব্র্যান্ড, প্রিমিয়াম কোয়ালিটি",46
prod_03295,সুরভি ফুলকপি (২ কেজি),শাকসবজি,"সাদা ফুলকপি, ২ কেজি, সুরভি ব্র্যান্ড, প্রিমিয়াম কোয়ালিটি",181
prod_03296,আফতাব গাজর (১ কেজি),শাকসবজি,"হলুদ গাজর, ১ কেজি, আফতাব ব্র্যান্ড, প্রিমিয়াম কোয়ালিটি",64
prod_03297,আফতাব কলা (১ কেজি),ফল,"সবুজ কলা, ১ কেজি, আফতাব ব্র্যান্ড, প্রিমিয়াম কোয়ালিটি",95
prod_03298,অর্গানিক ফার্ম খেজুর (২৫০ গ্রাম),বাদাম ও শুকনো ফল,"মধ্যপূর্বীয় খেজুর, ২৫০ গ্রাম, অর্গানিক ফার্ম ব্র্যান্ড, প্রিমিয়াম কোয়ালিটি",156
prod_03299,পূর্ণ তেজপাতা (৫০০ গ্রাম),মশলা,"তেজপাতা, ৫০০ গ্রাম, পূর্ণ ব্র্যান্ড, প্রিমিয়াম কোয়ালিটি",38
prod_03300,মিল্কভিটা বেকিং পাউডার (৫০০ মিলি),রান্নার উপাদান,"বেকিং পাউডার, ৫০০ মিলি, মিল্কভিটা ব্র্যান্ড, প্রিমিয়াম কোয়ালিটি",46
prod_03301,তীর সিং মাছ (৫০০ গ্রাম),প্রোটিন,"স্থানীয় সিং মাছ, ৫০০ গ্রাম, তীর ব্র্যান্ড, প্রিমিয়াম কোয়ালিটি",366
prod_03302,মেঘনা চা পাতি (৫০০ মিলি),পানীয়,"সিলেটের চা পাতি, ৫০০ মিলি, মেঘনা ব্র্যান্ড, প্রিমিয়াম কোয়ালিটি",210
prod_03303,ইস্পাহানি মাস্টার্ড সস (২ লিটার),স্টক ও সস,"মাস্টার্ড সস, ২ লিটার, ইস্পাহানি ব্র্যান্ড, প্রিমিয়াম কোয়ালিটি",403
prod_03304,বসুন্ধরা প্রোটিন পাউডার (২ কেজি),স্বাস্থ্য খাদ্য,"হোয়ে প্রোটিন, ২ কেজি, বসুন্ধরা ব্র্যান্ড, প্রিমিয়াম কোয়ালিটি",2575
prod_03305,রাধুনী মধু (১ কেজি),মিষ্টি ও ডেজার্ট,"খাঁটি মৌমাছির মধু, ১ কেজি, রাধুনী ব্র্যান্ড, প্রিমিয়াম কোয়ালিটি",489
prod_03306,রাধুনী পাস্তা (২৫০ গ্রাম),তাৎক্ষণিক খাদ্য,"ইতালিয়ান পাস্তা, ২৫০ গ্রাম, রাধুনী ব্র্যান্ড, প্রিমিয়াম কোয়ালিটি",64
prod_03307,মিল্কভিটা অলিভ অয়েল (২৫০ মিলি),রান্নার তেল,"এক্সট্রা ভার্জিন অলিভ অয়েল, ২৫০ মিলি, মিল্কভিটা ব্র্যান্ড, প্রিমিয়াম কোয়ালিটি",196
prod_03308,প্রাণ নারকেল চিপস (২ কেজি),বাদাম ও শুকনো ফল,"কাটা নারকেল চিপস, ২ কেজি, প্রাণ ব্র্যান্ড, প্রিমিয়াম কোয়ালিটি",336
prod_03309,রূপচাঁদা খাসির মাংস (৫ কেজি),প্রোটিন,"তাজা খাসির মাংস, ৫ কেজি, রূপচাঁদা ব্র্যান্ড, প্রিমিয়াম কোয়ালিটি",7124
prod_03310,প্রাণ ফুলকপি (৫ কেজি),শাকসবজি,"সাদা ফুলকপি, ৫ কেজি, প্রাণ ব্র্যান্ড, প্রিমিয়াম কোয়ালিটি",340
prod_03311,ড্যানিশ চিড়া (৫ কেজি),খাদ্যশস্য,"চ্যাপ্টা চিড়া, ৫ কেজি, ড্যানিশ ব্র্যান্ড, প্রিমিয়াম কোয়ালিটি",483
prod_03312,অর্গানিক ফার্ম জিলাপি (২৫০ গ্রাম),মিষ্টি ও ডেজার্ট,"তাজা জিলাপি, ২৫০ গ্রাম, অর্গানিক ফার্ম ব্র্যান্ড, প্রিমিয়াম কোয়ালিটি",51
prod_03313,ইস্পাহানি লবঙ্গ (২৫০ গ্রাম),মশলা,"খাঁটি লবঙ্গ, ২৫০ গ্রাম, ইস্পাহানি ব্র্যান্ড, প্রিমিয়াম কোয়ালিটি",57
prod_03314,মেঘনা কাতলা মাছ (২৫০ গ্রাম),প্রোটিন,"তাজা কাতলা মাছ, ২৫০ গ্রাম, মেঘনা ব্র্যান্ড, প্রিমিয়াম কোয়ালিটি",146
prod_03315,মেঘনা নারকেল দুধ (২৫০ মিলি),রান্নার উপাদান,"গাঢ় নারকেল দুধ, ২৫০ মিলি, মেঘনা ব্র্যান্ড, প্রিমিয়াম কোয়ালিটি",52
prod_03316,ফ্রেশ জিলাপি (১ কেজি),মিষ্টি ও ডেজার্ট,"তাজা জিলাপি, ১ কেজি, ফ্রেশ ব্র্যান্ড, প্রিমিয়াম কোয়ালিটি",169
prod_03317,ম্যারিকো খেজুর (২৫০ গ্রাম),বাদাম ও শুকনো ফল,"মধ্যপূর্বীয় খেজুর, ২৫০ গ্রাম, ম্যারিকো ব্র্যান্ড, প্রিমিয়াম কোয়ালিটি",149
prod_03318,ACI টমেটো সস (৫ লিটার),রান্নার উপাদান,"টমেটো কেচাপ, ৫ লিটার, ACI ব্র্যান্ড, প্রিমিয়াম কোয়ালিটি",614
prod_03319,অর্গানিক ফার্ম রাজমা (২ কেজি),দালিল শস্য,"লাল রাজমা, ২ কেজি, অর্গানিক ফার্ম ব্র্যান্ড, প্রিমিয়াম কোয়ালিটি",444
prod_03320,ইগলু ময়দা (১ কেজি),খাদ্যশস্য,"সাদা ময়দা, ১ কেজি, ইগলু ব্র্যান্ড, প্রিমিয়াম কোয়ালিটি",84
prod_03321,মেঘনা আলু (৫০০ গ্রাম),শাকসবজি,"স্থানীয় আলু, ৫০০ গ্রাম, মেঘনা ব্র্যান্ড, প্রিমিয়াম কোয়ালিটি",33
prod_03322,ড্যানিশ বাসমতি চাল (২ কেজি),খাদ্যশস্য,"লম্বা বাসমতি চাল, ২ কেজি, ড্যানিশ ব্র্যান্ড, প্রিমিয়াম কোয়ালিটি",436
prod_03323,ফ্রেশ গরুর মাংস (২ কেজি),প্রোটিন,"তাজা গরুর মাংস, ২ কেজি, ফ্রেশ ব্র্যান্ড, প্রিমিয়াম কোয়ালিটি",1908
prod_03324,রূপচাঁদা গ্রিন টি (২ লিটার),পানীয়,"গ্রিন টি ব্যাগ, ২ লিটার, রূপচাঁদা ব্র্যান্ড, প্রিমিয়াম কোয়ালিটি",554
prod_03325,ইস্পাহানি তেঁতুলের চাটনি (৫ কেজি),সংরক্ষণ ও চাটনি,"তেঁতুলের চাটনি, ৫ কেজি, ইস্পাহানি ব্র্যান্ড, প্রিমিয়াম কোয়ালিটি",574
prod_03326,ইগলু ঝিঙ্গা (৫০০ গ্রাম),শাকসবজি,"সবুজ ঝিঙ্গা, ৫০০ গ্রাম, ইগলু ব্র্যান্ড, প্রিমিয়াম কোয়ালিটি",35
prod_03327,মেঘনা চিকেন স্টক (৫০০ মিলি),স্টক ও সস,"মুরগির স্টক, ৫০০ মিলি, মেঘনা ব্র্যান্ড, প্রিমিয়াম কোয়ালিটি",194
prod_03328,তীর চিনাবাদাম (২ কেজি),বাদাম ও শুকনো ফল,"সিদ্ধ চিনাবাদাম, ২ কেজি, তীর ব্র্যান্ড, প্রিমিয়াম কোয়ালিটি",453
prod_03329,ইস্পাহানি নুডুলস (৫০০ গ্রাম),তাৎক্ষণিক খাদ্য,"ডিম নুডুলস, ৫০০ গ্রাম, ইস্পাহানি ব্র্যান্ড, প্রিমিয়াম কোয়ালিটি",68
prod_03330,ড্যানিশ কফি বিন (২ লিটার),পানীয়,"ভাজা কফি বিন, ২ লিটার, ড্যানিশ ব্র্যান্ড, প্রিমিয়াম কোয়ালিটি",812
prod_03331,পূর্ণ ডিম (৫ কেজি),প্রোটিন,"তাজা মুরগির ডিম, ৫ কেজি, পূর্ণ ব্র্যান্ড, প্রিমিয়াম কোয়ালিটি",961
prod_03332,ফ্রেশ নারকেল দুধ (২৫০ মিলি),রান্নার উপাদান,"গাঢ় নারকেল দুধ, ২৫০ মিলি, ফ্রেশ ব্র্যান্ড, প্রিমিয়াম কোয়ালিটি",59
prod_03333,মেঘনা ইলিশ মাছ (৫ কেজি),প্রোটিন,"বিখ্যাত ইলিশ মাছ, ৫ কেজি, মেঘনা ব্র্যান্ড, প্রিমিয়াম কোয়ালিটি",4483
prod_03334,স্কয়ার চিনি (২ কেজি),মিষ্টি ও ডেজার্ট,"সাদা পরিশোধিত চিনি, ২ কেজি, স্কয়ার ব্র্যান্ড, প্রিমিয়াম কোয়ালিটি",292
prod_03335,রূপচাঁদা ভুট্টা (১ কেজি),খাদ্যশস্য,"হলুদ ভুট্টা, ১ কেজি, রূপচাঁদা ব্র্যান্ড, প্রিমিয়াম কোয়ালিটি",109
prod_03336,সুরভি পাম তেল (৫ লিটার),রান্নার তেল,"পরিশোধিত পাম তেল, ৫ লিটার, সুরভি ব্র্যান্ড, প্রিমিয়াম কোয়ালিটি",1128
prod_03337,বসুন্ধরা লবঙ্গ (২৫০ গ্রাম),মশলা,"খাঁটি লবঙ্গ, ২৫০ গ্রাম, বসুন্ধরা ব্র্যান্ড, প্রিমিয়াম কোয়ালিটি",66
prod_03338,ম্যারিকো গুলাব জামুন (২ কেজি),মিষ্টি ও ডেজার্ট,"খাঁটি গুলাব জামুন, ২ কেজি, ম্যারিকো ব্র্যান্ড, প্রিমিয়াম কোয়ালিটি",611
prod_03339,আফতাব কচু শাক (৫ কেজি),শাকসবজি,"তাজা কচু শাক, ৫ কেজি, আফতাব ব্র্যান্ড, প্রিমিয়াম কোয়ালিটি",169
prod_03340,ফ্রেশ চিংড়ি (৫০০ গ্রাম),প্রোটিন,"তাজা চিংড়ি, ৫০০ গ্রাম, ফ্রেশ ব্র্যান্ড, প্রিমিয়াম কোয়ালিটি",582
prod_03341,তীর গ্রিন টি (২ লিটার),পানীয়,"গ্রিন টি ব্যাগ, ২ লিটার, তীর ব্র্যান্ড, প্রিমিয়াম কোয়ালিটি",492
prod_03342,আরকু পনির (২ কেজি),দুগ্ধজাত,"ঘৃতি পনির, ২ কেজি, আরকু ব্র্যান্ড, প্রিমিয়াম কোয়ালিটি",559
prod_03343,সুরভি কিসমিস (১ কেজি),বাদাম ও শুকনো ফল,"ভারতীয় কিসমিস, ১ কেজি, সুরভি ব্র্যান্ড, প্রিমিয়াম কোয়ালিটি",352
prod_03344,ড্যানিশ কাবুলি ছোলা (২৫০ গ্রাম),দালিল শস্য,"বড় কাবুলি ছোলা, ২৫০ গ্রাম, ড্যানিশ ব্র্যান্ড, প্রিমিয়াম কোয়ালিটি",70
prod_03345,বসুন্ধরা নারকেল জল (১ লিটার),পানীয়,"তাজা নারকেল জল, ১ লিটার, বসুন্ধরা ব্র্যান্ড, প্রিমিয়াম কোয়ালিটি",191
prod_03346,আরকু রসগোল্লা (৫০০ গ্রাম),মিষ্টি ও ডেজার্ট,"সিলেটি রসগোল্লা, ৫০০ গ্রাম, আরকু ব্র্যান্ড, প্রিমিয়াম কোয়ালিটি",172
prod_03347,ম্যারিকো মাষকলাই ডাল (১ কেজি),দালিল শস্য,"কালো মাষকলাই ডাল, ১ কেজি, ম্যারিকো ব্র্যান্ড, প্রিমিয়াম কোয়ালিটি",240
prod_03348,ইস্পাহানি পটল (১ কেজি),শাকসবজি,"তাজা পটল, ১ কেজি, ইস্পাহানি ব্র্যান্ড, প্রিমিয়াম কোয়ালিটি",91
prod_03349,ACI টমেটোর চাটনি (২৫০ গ্রাম),সংরক্ষণ ও চাটনি,"টমেটোর চাটনি, ২৫০ গ্রাম, ACI ব্র্যান্ড, প্রিমিয়াম কোয়ালিটি",35
prod_03350,কাজী ফার্মস সুজি (৫০০ গ্রাম),খাদ্যশস্য,"সুজি, রান্নার জন্য, ৫০০ গ্রাম, কাজী ফার্মস ব্র্যান্ড, প্রিমিয়াম কোয়ালিটি",52
prod_03351,সুরভি টমেটোর চাটনি (১ কেজি),সংরক্ষণ ও চাটনি,"টমেটোর চাটনি, ১ কেজি, সুরভি ব্র্যান্ড, প্রিমিয়াম কোয়ালিটি",131
prod_03352,ফ্রেশ সয়া সস (৫০০ মিলি),রান্নার উপাদান,"প্রামাণিক সয়া সস, ৫০০ মিলি, ফ্রেশ ব্র্যান্ড, প্রিমিয়াম কোয়ালিটি",145
prod_03353,মিল্কভিটা পেঁয়াজ (৫০০ গ্রাম),শাকসবজি,"তাজা পেঁয়াজ, ৫০০ গ্রাম, মিল্কভিটা ব্র্যান্ড, প্রিমিয়াম কোয়ালিটি",45
prod_03354,রাধুনী কিনোয়া (৫ কেজি),স্বাস্থ্য খাদ্য,"অর্গানিক কিনোয়া, ৫ কেজি, রাধুনী ব্র্যান্ড, প্রিমিয়াম কোয়ালিটি",2718
prod_03355,ম্যারিকো নারকেল চিপস (৫ কেজি),বাদাম ও শুকনো ফল,"কাটা নারকেল চিপস, ৫ কেজি, ম্যারিকো ব্র্যান্ড, প্রিমিয়াম কোয়ালিটি",799
prod_03356,ম্যারিকো ছোলা (২ কেজি),দালিল শস্য,"ছোট ছোলা, ২ কেজি, ম্যারিকো ব্র্যান্ড, প্রিমিয়াম কোয়ালিটি",357
prod_03357,মেঘনা লাচ্ছি (১ লিটার),পানীয়,"ঠান্ডা লাচ্ছি, ১ লিটার, মেঘনা ব্র্যান্ড, প্রিমিয়াম কোয়ালিটি",106
prod_03358,রাধুনী পটল (২ কেজি),শাকসবজি,"তাজা পটল, ২ কেজি, রাধুনী ব্র্যান্ড, প্রিমিয়াম কোয়ালিটি",140
prod_03359,অর্গানিক ফার্ম কালিজিরা চাল (১ কেজি),খাদ্যশস্য,"সুগন্ধী কালিজিরা চাল, ১ কেজি, অর্গানিক ফার্ম ব্র্যান্ড, প্রিমিয়াম কোয়ালিটি",162
prod_03360,আরকু পাঙ্গাস মাছ (৫ কেজি),প্রোটিন,"তাজা পাঙ্গাস মাছ, ৫ কেজি, আরকু ব্র্যান্ড, প্রিমিয়াম কোয়ালিটি",2083
prod_03361,রূপচাঁদা দুধের পাউডার (৫ কেজি),দুগ্ধজাত,"সম্পূর্ণ দুধের পাউডার, ৫ কেজি, রূপচাঁদা ব্র্যান্ড, প্রিমিয়াম কোয়ালিটি",2333
prod_03362,ইগলু অলিভ অয়েল (৫ লিটার),রান্নার তেল,"এক্সট্রা ভার্জিন অলিভ অয়েল, ৫ লিটার, ইগলু ব্র্যান্ড, প্রিমিয়াম কোয়ালিটি",3040
prod_03363,অর্গানিক ফার্ম আদা পেস্ট (১ লিটার),রান্নার উপাদান,"তাজা আদা পেস্ট, ১ লিটার, অর্গানিক ফার্ম ব্র্যান্ড, প্রিমিয়াম কোয়ালিটি",139
prod_03364,মিল্কভিটা কালিজিরা চাল (৫০০ গ্রাম),খাদ্যশস্য,"সুগন্ধী কালিজিরা চাল, ৫০০ গ্রাম, মিল্কভিটা ব্র্যান্ড, প্রিমিয়াম কোয়ালিটি",87
prod_03365,আফতাব মুড়ি (২ কেজি),খাদ্যশস্য,"ফোলানো মুড়ি, ২ কেজি, আফতাব ব্র্যান্ড, প্রিমিয়াম কোয়ালিটি",128
prod_03366,সুরভি আখের রস (১ লিটার),পানীয়,"তাজা আখের রস, ১ লিটার, সুরভি ব্র্যান্ড, প্রিমিয়াম কোয়ালিটি",286
prod_03367,সুরভি গাজর (২৫০ গ্রাম),শাকসবজি,"হলুদ গাজর, ২৫০ গ্রাম, সুরভি ব্র্যান্ড, প্রিমিয়াম কোয়ালিটি",17
prod_03368,তীর চিনাবাদাম (১ কেজি),বাদাম ও শুকনো ফল,"সিদ্ধ চিনাবাদাম, ১ কেজি, তীর ব্র্যান্ড, প্রিমিয়াম কোয়ালিটি",294
prod_03369,সুরভি চা পাতি (৫০০ মিলি),পানীয়,"সিলেটের চা পাতি, ৫০০ মিলি, সুরভি ব্র্যান্ড, প্রিমিয়াম কোয়ালিটি",202
prod_03370,মেঘনা সুজি (৫ কেজি),খাদ্যশস্য,"সুজি, রান্নার জন্য, ৫ কেজি, মেঘনা ব্র্যান্ড, প্রিমিয়াম কোয়ালিটি",470
prod_03371,কাজী ফার্মস পাস্তা (১ কেজি),তাৎক্ষণিক খাদ্য,"ইতালিয়ান পাস্তা, ১ কেজি, কাজী ফার্মস ব্র্যান্ড, প্রিমিয়াম কোয়ালিটি",230
prod_03372,স্কয়ার ওয়েস্টার সস (২৫০ মিলি),স্টক ও সস,"ওয়েস্টার সস, ২৫০ মিলি, স্কয়ার ব্র্যান্ড, প্রিমিয়াম কোয়ালিটি",83
prod_03373,মেঘনা খই (৫০০ গ্রাম),খাদ্যশস্য,"ভাজা খই, ৫০০ গ্রাম, মেঘনা ব্র্যান্ড, প্রিমিয়াম কোয়ালিটি",48
prod_03374,বসুন্ধরা কফি পাউডার (২৫০ মিলি),পানীয়,"কফি পাউডার, ২৫০ মিলি, বসুন্ধরা ব্র্যান্ড, প্রিমিয়াম কোয়ালিটি",111
prod_03375,পূর্ণ পুঁই শাক (১ কেজি),শাকসবজি,"তাজা পুঁই শাক, ১ কেজি, পূর্ণ ব্র্যান্ড, প্রিমিয়াম কোয়ালিটি",59
prod_03376,সুরভি চিজ (১ কেজি),দুগ্ধজাত,"প্রসেসড চিজ, ১ কেজি, সুরভি ব্র্যান্ড, প্রিমিয়াম কোয়ালিটি",418
prod_03377,ইগলু নারকেল দুধ (৫০০ মিলি),রান্নার উপাদান,"গাঢ় নারকেল দুধ, ৫০০ মিলি, ইগলু ব্র্যান্ড, প্রিমিয়াম কোয়ালিটি",117
prod_03378,তীর হট সস (২ লিটার),স্টক ও সস,"হট চিলি সস, ২ লিটার, তীর ব্র্যান্ড, প্রিমিয়াম কোয়ালিটি",280
prod_03379,ইস্পাহানি জায়ফল (৫০০ গ্রাম),মশলা,"খাঁটি জায়ফল, ৫০০ গ্রাম, ইস্পাহানি ব্র্যান্ড, প্রিমিয়াম কোয়ালিটি",181
prod_03380,ইস্পাহানি স্ট্রবেরি (১ কেজি),ফল,"তাজা স্ট্রবেরি, ১ কেজি, ইস্পাহানি ব্র্যান্ড, প্রিমিয়াম কোয়ালিটি",539
prod_03381,পূর্ণ ধনিয়া (৫ কেজি),মশলা,"ধনিয়া গুঁড়া, ৫ কেজি, পূর্ণ ব্র্যান্ড, প্রিমিয়াম কোয়ালিটি",407
prod_03382,ড্যানিশ রুই মাছ (৫০০ গ্রাম),প্রোটিন,"তাজা রুই মাছ, ৫০০ গ্রাম, ড্যানিশ ব্র্যান্ড, প্রিমিয়াম কোয়ালিটি",345
prod_03383,আফতাব সয়া সস (৫০০ মিলি),রান্নার উপাদান,"প্রামাণিক সয়া সস, ৫০০ মিলি, আফতাব ব্র্যান্ড, প্রিমিয়াম কোয়ালিটি",149
prod_03384,ফ্রেশ ময়দা (২ কেজি),খাদ্যশস্য,"সাদা ময়দা, ২ কেজি, ফ্রেশ ব্র্যান্ড, প্রিমিয়াম কোয়ালিটি",154
prod_03385,আরকু আলু (৫০০ গ্রাম),শাকসবজি,"স্থানীয় আলু, ৫০০ গ্রাম, আরকু ব্র্যান্ড, প্রিমিয়াম কোয়ালিটি",32
prod_03386,তীর রাইস ব্রান তেল (৫ লিটার),রান্নার তেল,"রাইস ব্রান তেল, ৫ লিটার, তীর ব্র্যান্ড, প্রিমিয়াম কোয়ালিটি",1554
prod_03387,ফ্রেশ মুড়ি (৫ কেজি),খাদ্যশস্য,"ফোলানো মুড়ি, ৫ কেজি, ফ্রেশ ব্র্যান্ড, প্রিমিয়াম কোয়ালিটি",321
prod_03388,ম্যারিকো পাস্তা (৫০০ গ্রাম),তাৎক্ষণিক খাদ্য,"ইতালিয়ান পাস্তা, ৫০০ গ্রাম, ম্যারিকো ব্র্যান্ড, প্রিমিয়াম কোয়ালিটি",119
prod_03389,ACI চিয়া সিড (১ কেজি),স্বাস্থ্য খাদ্য,"চিয়া সিড, ১ কেজি, ACI ব্র্যান্ড, প্রিমিয়াম কোয়ালিটি",536
prod_03390,কাজী ফার্মস চিনি (১ কেজি),মিষ্টি ও ডেজার্ট,"সাদা পরিশোধিত চিনি, ১ কেজি, কাজী ফার্মস ব্র্যান্ড, প্রিমিয়াম কোয়ালিটি",149
prod_03391,আরকু আলু (২৫০ গ্রাম),শাকসবজি,"স্থানীয় আলু, ২৫০ গ্রাম, আরকু ব্র্যান্ড, প্রিমিয়াম কোয়ালিটি",17
prod_03392,ড্যানিশ ঢেঁড়স (৫০০ গ্রাম),শাকসবজি,"তাজা ঢেঁড়স, ৫০০ গ্রাম, ড্যানিশ ব্র্যান্ড, প্রিমিয়াম কোয়ালিটি",42
prod_03393,সুরভি চিনি (২ কেজি),মিষ্টি ও ডেজার্ট,"সাদা পরিশোধিত চিনি, ২ কেজি, সুরভি ব্র্যান্ড, প্রিমিয়াম কোয়ালিটি",247
prod_03394,সুরভি পেঁয়াজের চাটনি (২ কেজি),সংরক্ষণ ও চাটনি,"পেঁয়াজের চাটনি, ২ কেজি, সুরভি ব্র্যান্ড, প্রিমিয়াম কোয়ালিটি",253
prod_03395,ইস্পাহানি করলা (২৫০ গ্রাম),শাকসবজি,"তাজা করলা, ২৫০ গ্রাম, ইস্পাহানি ব্র্যান্ড, প্রিমিয়াম কোয়ালিটি",25
prod_03396,রাধুনী আখরোট (৫ কেজি),বাদাম ও শুকনো ফল,"আখরোট, ৫ কেজি, রাধুনী ব্র্যান্ড, প্রিমিয়াম কোয়ালিটি",2494
prod_03397,আরকু আদার আচার (৫ কেজি),সংরক্ষণ ও চাটনি,"আদার আচার, ৫ কেজি, আরকু ব্র্যান্ড, প্রিমিয়াম কোয়ালিটি",570
prod_03398,অর্গানিক ফার্ম হট সস (৫০০ মিলি),স্টক ও সস,"হট চিলি সস, ৫০০ মিলি, অর্গানিক ফার্ম ব্র্যান্ড, প্রিমিয়াম কোয়ালিটি",105
prod_03399,ACI কই মাছ (৫ কেজি),প্রোটিন,"তাজা কই মাছ, ৫ কেজি, ACI ব্র্যান্ড, প্রিমিয়াম কোয়ালিটি",2875
prod_03400,বসুন্ধরা আদার আচার (২ কেজি),সংরক্ষণ ও চাটনি,"আদার আচার, ২ কেজি, বসুন্ধরা ব্র্যান্ড, প্রিমিয়াম কোয়ালিটি",285
prod_03401,প্রাণ কফি বিন (৫০০ মিলি),পানীয়,"ভাজা কফি বিন, ৫০০ মিলি, প্রাণ ব্র্যান্ড, প্রিমিয়াম কোয়ালিটি",270
prod_03402,তীর ডিম (২ কেজি),প্রোটিন,"তাজা মুরগির ডিম, ২ কেজি, তীর ব্র্যান্ড, প্রিমিয়াম কোয়ালিটি",377
prod_03403,ফ্রেশ কলা (৫ কেজি),ফল,"সবুজ কলা, ৫ কেজি, ফ্রেশ ব্র্যান্ড, প্রিমিয়াম কোয়ালিটি",366
prod_03404,রাধুনী কফি পাউডার (১ লিটার),পানীয়,"কফি পাউডার, ১ লিটার, রাধুনী ব্র্যান্ড, প্রিমিয়াম কোয়ালিটি",454
prod_03405,মেঘনা লবণ (১ কেজি),মশলা,"সমুদ্রের লবণ, ১ কেজি, মেঘনা ব্র্যান্ড, প্রিমিয়াম কোয়ালিটি",71
prod_03406,ড্যানিশ স্ট্রবেরি (৫ কেজি),ফল,"তাজা স্ট্রবেরি, ৫ কেজি, ড্যানিশ ব্র্যান্ড, প্রিমিয়াম কোয়ালিটি",2856
prod_03407,সুরভি ম্যাকারনি (২ কেজি),তাৎক্ষণিক খাদ্য,"ম্যাকারনি, ২ কেজি, সুরভি ব্র্যান্ড, প্রিমিয়াম কোয়ালিটি",312
prod_03408,কাজী ফার্মস জাম (২ কেজি),ফল,"কালো জাম, ২ কেজি, কাজী ফার্মস ব্র্যান্ড, প্রিমিয়াম কোয়ালিটি",484
prod_03409,রাধুনী গুলাব জামুন (৫ কেজি),মিষ্টি ও ডেজার্ট,"খাঁটি গুলাব জামুন, ৫ কেজি, রাধুনী ব্র্যান্ড, প্রিমিয়াম কোয়ালিটি",1437
prod_03410,সুরভি গুঁড়া চিনি (১ কেজি),মিষ্টি ও ডেজার্ট,"সাদা গুঁড়া চিনি, ১ কেজি, সুরভি ব্র্যান্ড, প্রিমিয়াম কোয়ালিটি",145
prod_03411,কাজী ফার্মস বার্লি (২ কেজি),খাদ্যশস্য,"প্রাকৃতিক বার্লি, ২ কেজি, কাজী ফার্মস ব্র্যান্ড, প্রিমিয়াম কোয়ালিটি",309
prod_03412,মেঘনা পেঁয়াজ (১ কেজি),শাকসবজি,"তাজা পেঁয়াজ, ১ কেজি, মেঘনা ব্র্যান্ড, প্রিমিয়াম কোয়ালিটি",99
prod_03413,ইগলু পাঙ্গাস মাছ (৫০০ গ্রাম),প্রোটিন,"তাজা পাঙ্গাস মাছ, ৫০০ গ্রাম, ইগলু ব্র্যান্ড, প্রিমিয়াম কোয়ালিটি",352
prod_03414,ম্যারিকো ফিশ সস (৫০০ মিলি),স্টক ও সস,"মাছের সস, ৫০০ মিলি, ম্যারিকো ব্র্যান্ড, প্রিমিয়াম কোয়ালিটি",112
prod_03415,তীর রুই মাছ (২ কেজি),প্রোটিন,"তাজা রুই মাছ, ২ কেজি, তীর ব্র্যান্ড, প্রিমিয়াম কোয়ালিটি",1198
prod_03416,আরকু হট সস (২৫০ মিলি),স্টক ও সস,"হট চিলি সস, ২৫০ মিলি, আরকু ব্র্যান্ড, প্রিমিয়াম কোয়ালিটি",52
prod_03417,অর্গানিক ফার্ম তিলের তেল (৫০০ মিলি),রান্নার তেল,"খাঁটি তিলের তেল, ৫০০ মিলি, অর্গানিক ফার্ম ব্র্যান্ড, প্রিমিয়াম কোয়ালিটি",300
prod_03418,রাধুনী রসুনের আচার (৫০০ গ্রাম),সংরক্ষণ ও চাটনি,"রসুনের আচার, ৫০০ গ্রাম, রাধুনী ব্র্যান্ড, প্রিমিয়াম কোয়ালিটি",69
prod_03419,ইস্পাহানি মাংস স্টক (২ লিটার),স্টক ও সস,"গরুর মাংসের স্টক, ২ লিটার, ইস্পাহানি ব্র্যান্ড, প্রিমিয়াম কোয়ালিটি",858
prod_03420,ড্যানিশ নারকেল চিপস (১ কেজি),বাদাম ও শুকনো ফল,"কাটা নারকেল চিপস, ১ কেজি, ড্যানিশ ব্র্যান্ড, প্রিমিয়াম কোয়ালিটি",176
prod_03421,ফ্রেশ আটা (৫০০ গ্রাম),খাদ্যশস্য,"গম আটা, উচ্চমানের, ৫০০ গ্রাম, ফ্রেশ ব্র্যান্ড, প্রিমিয়াম কোয়ালিটি",47
prod_03422,ইস্পাহানি ফেলন (৫ কেজি),দালিল শস্য,"সবুজ ফেলন, ৫ কেজি, ইস্পাহানি ব্র্যান্ড, প্রিমিয়াম কোয়ালিটি",808
prod_03423,ইগলু আদা পেস্ট (৫ লিটার),রান্নার উপাদান,"তাজা আদা পেস্ট, ৫ লিটার, ইগলু ব্র্যান্ড, প্রিমিয়াম কোয়ালিটি",632
prod_03424,আফতাব শরবত (১ লিটার),পানীয়,"রুহ আফজা শরবত, ১ লিটার, আফতাব ব্র্যান্ড, প্রিমিয়াম কোয়ালিটি",229
prod_03425,বসুন্ধরা মাংস স্টক (২৫০ মিলি),স্টক ও সস,"গরুর মাংসের স্টক, ২৫০ মিলি, বসুন্ধরা ব্র্যান্ড, প্রিমিয়াম কোয়ালিটি",125
prod_03426,ম্যারিকো শোল মাছ (২ কেজি),প্রোটিন,"তাজা শোল মাছ, ২ কেজি, ম্যারিকো ব্র্যান্ড, প্রিমিয়াম কোয়ালিটি",1657
prod_03427,ইস্পাহানি গুলাব জামুন (৫ কেজি),মিষ্টি ও ডেজার্ট,"খাঁটি গুলাব জামুন, ৫ কেজি, ইস্পাহানি ব্র্যান্ড, প্রিমিয়াম কোয়ালিটি",1392
prod_03428,রূপচাঁদা তিলের তেল (১ লিটার),রান্নার তেল,"খাঁটি তিলের তেল, ১ লিটার, রূপচাঁদা ব্র্যান্ড, প্রিমিয়াম কোয়ালিটি",658
prod_03429,ইস্পাহানি আদা পেস্ট (২৫০ মিলি),রান্নার উপাদান,"তাজা আদা পেস্ট, ২৫০ মিলি, ইস্পাহানি ব্র্যান্ড, প্রিমিয়াম কোয়ালিটি",46
prod_03430,বসুন্ধরা ফিশ সস (২৫০ মিলি),স্টক ও সস,"মাছের সস, ২৫০ মিলি, বসুন্ধরা ব্র্যান্ড, প্রিমিয়াম কোয়ালিটি",57
prod_03431,প্রাণ টমেটোর চাটনি (৫০০ গ্রাম),সংরক্ষণ ও চাটনি,"টমেটোর চাটনি, ৫০০ গ্রাম, প্রাণ ব্র্যান্ড, প্রিমিয়াম কোয়ালিটি",74
prod_03432,ম্যারিকো রসুন (৫ কেজি),শাকসবজি,"সাদা রসুন, ৫ কেজি, ম্যারিকো ব্র্যান্ড, প্রিমিয়াম কোয়ালিটি",511
prod_03433,কাজী ফার্মস কিসমিস (৫০০ গ্রাম),বাদাম ও শুকনো ফল,"ভারতীয় কিসমিস, ৫০০ গ্রাম, কাজী ফার্মস ব্র্যান্ড, প্রিমিয়াম কোয়ালিটি",208
prod_03434,বসুন্ধরা অড়হর ডাল (২৫০ গ্রাম),দালিল শস্য,"অড়হর ডাল, ২৫০ গ্রাম, বসুন্ধরা ব্র্যান্ড, প্রিমিয়াম কোয়ালিটি",80
prod_03435,রূপচাঁদা ফেলন (২৫০ গ্রাম),দালিল শস্য,"সবুজ ফেলন, ২৫০ গ্রাম, রূপচাঁদা ব্র্যান্ড, প্রিমিয়াম কোয়ালিটি",51
prod_03436,প্রাণ রাইস ব্রান তেল (১ লিটার),রান্নার তেল,"রাইস ব্রান তেল, ১ লিটার, প্রাণ ব্র্যান্ড, প্রিমিয়াম কোয়ালিটি",503
prod_03437,ম্যারিকো ইস্ট (১ লিটার),রান্নার উপাদান,"ড্রাই ইস্ট, ১ লিটার, ম্যারিকো ব্র্যান্ড, প্রিমিয়াম কোয়ালিটি",116
prod_03438,ফ্রেশ রসুনের আচার (১ কেজি),সংরক্ষণ ও চাটনি,"রসুনের আচার, ১ কেজি, ফ্রেশ ব্র্যান্ড, প্রিমিয়াম কোয়ালিটি",139
prod_03439,তীর ঢেঁড়স (২৫০ গ্রাম),শাকসবজি,"তাজা ঢেঁড়স, ২৫০ গ্রাম, তীর ব্র্যান্ড, প্রিমিয়াম কোয়ালিটি",25
prod_03440,মিল্কভিটা বেকিং পাউডার (২৫০ মিলি),রান্নার উপাদান,"বেকিং পাউডার, ২৫০ মিলি, মিল্কভিটা ব্র্যান্ড, প্রিমিয়াম কোয়ালিটি",23
prod_03441,ইগলু সিং মাছ (২৫০ গ্রাম),প্রোটিন,"স্থানীয় সিং মাছ, ২৫০ গ্রাম, ইগলু ব্র্যান্ড, প্রিমিয়াম কোয়ালিটি",211
prod_03442,ম্যারিকো নারকেল তেল (৫০০ মিলি),রান্নার তেল,"খাঁটি নারকেল তেল, ৫০০ মিলি, ম্যারিকো ব্র্যান্ড, প্রিমিয়াম কোয়ালিটি",216
prod_03443,ইগলু তেজপাতা (৫০০ গ্রাম),মশলা,"তেজপাতা, ৫০০ গ্রাম, ইগলু ব্র্যান্ড, প্রিমিয়াম কোয়ালিটি",38
prod_03444,আরকু তেঁতুলের চাটনি (২ কেজি),সংরক্ষণ ও চাটনি,"তেঁতুলের চাটনি, ২ কেজি, আরকু ব্র্যান্ড, প্রিমিয়াম কোয়ালিটি",206
prod_03445,মিল্কভিটা অলিভ অয়েল (২ লিটার),রান্নার তেল,"এক্সট্রা ভার্জিন অলিভ অয়েল, ২ লিটার, মিল্কভিটা ব্র্যান্ড, প্রিমিয়াম কোয়ালিটি",1266
prod_03446,ACI কালিজিরা চাল (৫ কেজি),খাদ্যশস্য,"সুগন্ধী কালিজিরা চাল, ৫ কেজি, ACI ব্র্যান্ড, প্রিমিয়াম কোয়ালিটি",707
prod_03447,ফ্রেশ তিলের তেল (২ লিটার),রান্নার তেল,"খাঁটি তিলের তেল, ২ লিটার, ফ্রেশ ব্র্যান্ড, প্রিমিয়াম কোয়ালিটি",1057
prod_03448,রাধুনী পেস্তাবাদাম (১ কেজি),বাদাম ও শুকনো ফল,"ইরানি পেস্তাবাদাম, ১ কেজি, রাধুনী ব্র্যান্ড, প্রিমিয়াম কোয়ালিটি",589
prod_03449,রাধুনী আদার আচার (৫০০ গ্রাম),সংরক্ষণ ও চাটনি,"আদার আচার, ৫০০ গ্রাম, রাধুনী ব্র্যান্ড, প্রিমিয়াম কোয়ালিটি",90
prod_03450,রূপচাঁদা প্রোটিন পাউডার (১ কেজি),স্বাস্থ্য খাদ্য,"হোয়ে প্রোটিন, ১ কেজি, রূপচাঁদা ব্র্যান্ড, প্রিমিয়াম কোয়ালিটি",1553
prod_03451,ফ্রেশ চিয়া সিড (৫ কেজি),স্বাস্থ্য খাদ্য,"চিয়া সিড, ৫ কেজি, ফ্রেশ ব্র্যান্ড, প্রিমিয়াম কোয়ালিটি",2242
prod_03452,পূর্ণ পেঁয়াজের চাটনি (২ কেজি),সংরক্ষণ ও চাটনি,"পেঁয়াজের চাটনি, ২ কেজি, পূর্ণ ব্র্যান্ড, প্রিমিয়াম কোয়ালিটি",265
prod_03453,মেঘনা খাসির মাংস (৫ কেজি),প্রোটিন,"তাজা খাসির মাংস, ৫ কেজি, মেঘনা ব্র্যান্ড, প্রিমিয়াম কোয়ালিটি",7448
prod_03454,রাধুনী চিপস (২ কেজি),তাৎক্ষণিক খাদ্য,"আলুর চিপস, ২ কেজি, রাধুনী ব্র্যান্ড, প্রিমিয়াম কোয়ালিটি",128
prod_03455,অর্গানিক ফার্ম চা পাতি (২৫০ মিলি),পানীয়,"সিলেটের চা পাতি, ২৫০ মিলি, অর্গানিক ফার্ম ব্র্যান্ড, প্রিমিয়াম কোয়ালিটি",107
prod_03456,প্রাণ জিলাপি (৫০০ গ্রাম),মিষ্টি ও ডেজার্ট,"তাজা জিলাপি, ৫০০ গ্রাম, প্রাণ ব্র্যান্ড, প্রিমিয়াম কোয়ালিটি",110
prod_03457,ইস্পাহানি কাঠবাদাম (৫ কেজি),বাদাম ও শুকনো ফল,"কাঠবাদাম, ৫ কেজি, ইস্পাহানি ব্র্যান্ড, প্রিমিয়াম কোয়ালিটি",2182
prod_03458,পূর্ণ নারকেল তেল (২ লিটার),রান্নার তেল,"খাঁটি নারকেল তেল, ২ লিটার, পূর্ণ ব্র্যান্ড, প্রিমিয়াম কোয়ালিটি",672
prod_03459,ইগলু কাসুন্দি (৫ কেজি),সংরক্ষণ ও চাটনি,"বাঙালি কাসুন্দি, ৫ কেজি, ইগলু ব্র্যান্ড, প্রিমিয়াম কোয়ালিটি",798
prod_03460,রাধুনী কিনোয়া (৫০০ গ্রাম),স্বাস্থ্য খাদ্য,"অর্গানিক কিনোয়া, ৫০০ গ্রাম, রাধুনী ব্র্যান্ড, প্রিমিয়াম কোয়ালিটি",374
prod_03461,ম্যারিকো আদা পেস্ট (২ লিটার),রান্নার উপাদান,"তাজা আদা পেস্ট, ২ লিটার, ম্যারিকো ব্র্যান্ড, প্রিমিয়াম কোয়ালিটি",258
prod_03462,অর্গানিক ফার্ম চিপস (২ কেজি),তাৎক্ষণিক খাদ্য,"আলুর চিপস, ২ কেজি, অর্গানিক ফার্ম ব্র্যান্ড, প্রিমিয়াম কোয়ালিটি",116
prod_03463,বসুন্ধরা কলা (২ কেজি),ফল,"সবুজ কলা, ২ কেজি, বসুন্ধরা ব্র্যান্ড, প্রিমিয়াম কোয়ালিটি",137
prod_03464,তীর খাসির মাংস (৫০০ গ্রাম),প্রোটিন,"তাজা খাসির মাংস, ৫০০ গ্রাম, তীর ব্র্যান্ড, প্রিমিয়াম কোয়ালিটি",851
prod_03465,পূর্ণ ফেলন (২৫০ গ্রাম),দালিল শস্য,"সবুজ ফেলন, ২৫০ গ্রাম, পূর্ণ ব্র্যান্ড, প্রিমিয়াম কোয়ালিটি",67
prod_03466,রূপচাঁদা তেঁতুলের চাটনি (৫০০ গ্রাম),সংরক্ষণ ও চাটনি,"তেঁতুলের চাটনি, ৫০০ গ্রাম, রূপচাঁদা ব্র্যান্ড, প্রিমিয়াম কোয়ালিটি",60
prod_03467,ড্যানিশ মুড়ি (১ কেজি),খাদ্যশস্য,"ফোলানো মুড়ি, ১ কেজি, ড্যানিশ ব্র্যান্ড, প্রিমিয়াম কোয়ালিটি",66
prod_03468,তীর লাল মরিচ (২৫০ গ্রাম),মশলা,"সূক্ষ্ম লাল মরিচ, ২৫০ গ্রাম, তীর ব্র্যান্ড, প্রিমিয়াম কোয়ালিটি",32
prod_03469,ইগলু রাইস ব্রান তেল (২ লিটার),রান্নার তেল,"রাইস ব্রান তেল, ২ লিটার, ইগলু ব্র্যান্ড, প্রিমিয়াম কোয়ালিটি",838
prod_03470,আরকু কফি পাউডার (২৫০ মিলি),পানীয়,"কফি পাউডার, ২৫০ মিলি, আরকু ব্র্যান্ড, প্রিমিয়াম কোয়ালিটি",123
prod_03471,ACI হট সস (৫০০ মিলি),স্টক ও সস,"হট চিলি সস, ৫০০ মিলি, ACI ব্র্যান্ড, প্রিমিয়াম কোয়ালিটি",90
prod_03472,রূপচাঁদা মাস্টার্ড সস (৫ লিটার),স্টক ও সস,"মাস্টার্ড সস, ৫ লিটার, রূপচাঁদা ব্র্যান্ড, প্রিমিয়াম কোয়ালিটি",813
prod_03473,মেঘনা গোলমরিচ (৫ কেজি),মশলা,"কালো গোলমরিচ, ৫ কেজি, মেঘনা ব্র্যান্ড, প্রিমিয়াম কোয়ালিটি",1087
prod_03474,অর্গানিক ফার্ম জোয়ার (৫০০ গ্রাম),খাদ্যশস্য,"জোয়ারের আটা, ৫০০ গ্রাম, অর্গানিক ফার্ম ব্র্যান্ড, প্রিমিয়াম কোয়ালিটি",65
prod_03475,স্কয়ার ডিম (২৫০ গ্রাম),প্রোটিন,"তাজা মুরগির ডিম, ২৫০ গ্রাম, স্কয়ার ব্র্যান্ড, প্রিমিয়াম কোয়ালিটি",53
prod_03476,রূপচাঁদা চিয়া সিড (১ কেজি),স্বাস্থ্য খাদ্য,"চিয়া সিড, ১ কেজি, রূপচাঁদা ব্র্যান্ড, প্রিমিয়াম কোয়ালিটি",477
prod_03477,আফতাব ওয়েস্টার সস (২৫০ মিলি),স্টক ও সস,"ওয়েস্টার সস, ২৫০ মিলি, আফতাব ব্র্যান্ড, প্রিমিয়াম কোয়ালিটি",91
prod_03478,ইগলু সিং মাছ (৫ কেজি),প্রোটিন,"স্থানীয় সিং মাছ, ৫ কেজি, ইগলু ব্র্যান্ড, প্রিমিয়াম কোয়ালিটি",2505
prod_03479,ড্যানিশ ঘি (৫ কেজি),দুগ্ধজাত,"খাঁটি গাওয়া ঘি, ৫ কেজি, ড্যানিশ ব্র্যান্ড, প্রিমিয়াম কোয়ালিটি",3246
prod_03480,মেঘনা টমেটো সস (৫০০ মিলি),রান্নার উপাদান,"টমেটো কেচাপ, ৫০০ মিলি, মেঘনা ব্র্যান্ড, প্রিমিয়াম কোয়ালিটি",90
prod_03481,মেঘনা বার্লি (২৫০ গ্রাম),খাদ্যশস্য,"প্রাকৃতিক বার্লি, ২৫০ গ্রাম, মেঘনা ব্র্যান্ড, প্রিমিয়াম কোয়ালিটি",39
prod_03482,রূপচাঁদা কাজু বাদাম (২ কেজি),বাদাম ও শুকনো ফল,"টাটকা কাজু বাদাম, ২ কেজি, রূপচাঁদা ব্র্যান্ড, প্রিমিয়াম কোয়ালিটি",872
prod_03483,কাজী ফার্মস টমেটোর চাটনি (২ কেজি),সংরক্ষণ ও চাটনি,"টমেটোর চাটনি, ২ কেজি, কাজী ফার্মস ব্র্যান্ড, প্রিমিয়াম কোয়ালিটি",257
prod_03484,ইস্পাহানি পাস্তা (২ কেজি),তাৎক্ষণিক খাদ্য,"ইতালিয়ান পাস্তা, ২ কেজি, ইস্পাহানি ব্র্যান্ড, প্রিমিয়াম কোয়ালিটি",375
prod_03485,কাজী ফার্মস ধনিয়া (২ কেজি),মশলা,"ধনিয়া গুঁড়া, ২ কেজি, কাজী ফার্মস ব্র্যান্ড, প্রিমিয়াম কোয়ালিটি",185
prod_03486,অর্গানিক ফার্ম ওয়েস্টার সস (২৫০ মিলি),স্টক ও সস,"ওয়েস্টার সস, ২৫০ মিলি, অর্গানিক ফার্ম ব্র্যান্ড, প্রিমিয়াম কোয়ালিটি",91
prod_03487,প্রাণ রসুন (৫ কেজি),শাকসবজি,"সাদা রসুন, ৫ কেজি, প্রাণ ব্র্যান্ড, প্রিমিয়াম কোয়ালিটি",677
prod_03488,অর্গানিক ফার্ম করলা (৫ কেজি),শাকসবজি,"তাজা করলা, ৫ কেজি, অর্গানিক ফার্ম ব্র্যান্ড, প্রিমিয়াম কোয়ালিটি",362
prod_03489,ACI ওটস (২ কেজি),স্বাস্থ্য খাদ্য,"রোলড ওটস, ২ কেজি, ACI ব্র্যান্ড, প্রিমিয়াম কোয়ালিটি",526
prod_03490,ফ্রেশ পিনাট বাটার (৫০০ গ্রাম),স্বাস্থ্য খাদ্য,"পিনাট বাটার, ৫০০ গ্রাম, ফ্রেশ ব্র্যান্ড, প্রিমিয়াম কোয়ালিটি",354
prod_03491,ইগলু ব্রোকলি (২ কেজি),শাকসবজি,"সবুজ ব্রোকলি, ২ কেজি, ইগলু ব্র্যান্ড, প্রিমিয়াম কোয়ালিটি",323
prod_03492,মেঘনা ভিনেগার (৫০০ মিলি),রান্নার উপাদান,"সাদা ভিনেগার, ৫০০ মিলি, মেঘনা ব্র্যান্ড, প্রিমিয়াম কোয়ালিটি",60
prod_03493,ACI আখের রস (২ লিটার),পানীয়,"তাজা আখের রস, ২ লিটার, ACI ব্র্যান্ড, প্রিমিয়াম কোয়ালিটি",504
prod_03494,আরকু ভুট্টা (২৫০ গ্রাম),খাদ্যশস্য,"হলুদ ভুট্টা, ২৫০ গ্রাম, আরকু ব্র্যান্ড, প্রিমিয়াম কোয়ালিটি",27
prod_03495,স্কয়ার টমেটোর চাটনি (৫০০ গ্রাম),সংরক্ষণ ও চাটনি,"টমেটোর চাটনি, ৫০০ গ্রাম, স্কয়ার ব্র্যান্ড, প্রিমিয়াম কোয়ালিটি",91
prod_03496,কাজী ফার্মস ফিশ সস (২ লিটার),স্টক ও সস,"মাছের সস, ২ লিটার, কাজী ফার্মস ব্র্যান্ড, প্রিমিয়াম কোয়ালিটি",377
prod_03497,মিল্কভিটা ভিনেগার (২ লিটার),রান্নার উপাদান,"সাদা ভিনেগার, ২ লিটার, মিল্কভিটা ব্র্যান্ড, প্রিমিয়াম কোয়ালিটি",170
prod_03498,পূর্ণ নারকেল দুধ (১ লিটার),রান্নার উপাদান,"গাঢ় নারকেল দুধ, ১ লিটার, পূর্ণ ব্র্যান্ড, প্রিমিয়াম কোয়ালিটি",199
prod_03499,ফ্রেশ ফিশ সস (৫০০ মিলি),স্টক ও সস,"মাছের সস, ৫০০ মিলি, ফ্রেশ ব্র্যান্ড, প্রিমিয়াম কোয়ালিটি",130
prod_03500,কাজী ফার্মস মরিচ পেস্ট (৫০০ মিলি),রান্নার উপাদান,"মরিচ পেস্ট, ৫০০ মিলি, কাজী ফার্মস ব্র্যান্ড, প্রিমিয়াম কোয়ালিটি",107
prod_03501,রাধুনী পনির (২৫০ গ্রাম),দুগ্ধজাত,"ঘৃতি পনির, ২৫০ গ্রাম, রাধুনী ব্র্যান্ড, প্রিমিয়াম কোয়ালিটি",88
prod_03502,অর্গানিক ফার্ম মুরগি (৫ কেজি),প্রোটিন,"তাজা মুরগির মাংস, ৫ কেজি, অর্গানিক ফার্ম ব্র্যান্ড, প্রিমিয়াম কোয়ালিটি",3378
prod_03503,প্রাণ পাম তেল (৫০০ মিলি),রান্নার তেল,"পরিশোধিত পাম তেল, ৫০০ মিলি, প্রাণ ব্র্যান্ড, প্রিমিয়াম কোয়ালিটি",206
prod_03504,সুরভি রসুনের আচার (৫০০ গ্রাম),সংরক্ষণ ও চাটনি,"রসুনের আচার, ৫০০ গ্রাম, সুরভি ব্র্যান্ড, প্রিমিয়াম কোয়ালিটি",75
prod_03505,বসুন্ধরা গুলাব জামুন (২৫০ গ্রাম),মিষ্টি ও ডেজার্ট,"খাঁটি গুলাব জামুন, ২৫০ গ্রাম, বসুন্ধরা ব্র্যান্ড, প্রিমিয়াম কোয়ালিটি",83
prod_03506,প্রাণ সিং মাছ (৫ কেজি),প্রোটিন,"স্থানীয় সিং মাছ, ৫ কেজি, প্রাণ ব্র্যান্ড, প্রিমিয়াম কোয়ালিটি",3163
prod_03507,অর্গানিক ফার্ম ঝিঙ্গা (২৫০ গ্রাম),শাকসবজি,"সবুজ ঝিঙ্গা, ২৫০ গ্রাম, অর্গানিক ফার্ম ব্র্যান্ড, প্রিমিয়াম কোয়ালিটি",17
prod_03508,ইস্পাহানি খেজুর (২৫০ গ্রাম),বাদাম ও শুকনো ফল,"মধ্যপূর্বীয় খেজুর, ২৫০ গ্রাম, ইস্পাহানি ব্র্যান্ড, প্রিমিয়াম কোয়ালিটি",122
prod_03509,পূর্ণ মিষ্টি আমের চাটনি (২৫০ গ্রাম),সংরক্ষণ ও চাটনি,"মিষ্টি আমের চাটনি, ২৫০ গ্রাম, পূর্ণ ব্র্যান্ড, প্রিমিয়াম কোয়ালিটি",49
prod_03510,রাধুনী ভুট্টা (২ কেজি),খাদ্যশস্য,"হলুদ ভুট্টা, ২ কেজি, রাধুনী ব্র্যান্ড, প্রিমিয়াম কোয়ালিটি",236
prod_03511,ড্যানিশ নারকেল তেল (২ লিটার),রান্নার তেল,"খাঁটি নারকেল তেল, ২ লিটার, ড্যানিশ ব্র্যান্ড, প্রিমিয়াম কোয়ালিটি",714
prod_03512,ইস্পাহানি চিয়া সিড (১ কেজি),স্বাস্থ্য খাদ্য,"চিয়া সিড, ১ কেজি, ইস্পাহানি ব্র্যান্ড, প্রিমিয়াম কোয়ালিটি",460
prod_03513,ফ্রেশ হলুদ গুঁড়া (১ কেজি),মশলা,"খাঁটি হলুদ গুঁড়া, ১ কেজি, ফ্রেশ ব্র্যান্ড, প্রিমিয়াম কোয়ালিটি",103
prod_03514,অর্গানিক ফার্ম পেঁপে (৫ কেজি),ফল,"পাকা পেঁপে, ৫ কেজি, অর্গানিক ফার্ম ব্র্যান্ড, প্রিমিয়াম কোয়ালিটি",383
prod_03515,ম্যারিকো কফি বিন (৫ লিটার),পানীয়,"ভাজা কফি বিন, ৫ লিটার, ম্যারিকো ব্র্যান্ড, প্রিমিয়াম কোয়ালিটি",1503
prod_03516,আফতাব জোয়ার (৫০০ গ্রাম),খাদ্যশস্য,"জোয়ারের আটা, ৫০০ গ্রাম, আফতাব ব্র্যান্ড, প্রিমিয়াম কোয়ালিটি",68
prod_03517,ম্যারিকো আদার আচার (২৫০ গ্রাম),সংরক্ষণ ও চাটনি,"আদার আচার, ২৫০ গ্রাম, ম্যারিকো ব্র্যান্ড, প্রিমিয়াম কোয়ালিটি",40
prod_03518,তীর গুঁড়া চিনি (১ কেজি),মিষ্টি ও ডেজার্ট,"সাদা গুঁড়া চিনি, ১ কেজি, তীর ব্র্যান্ড, প্রিমিয়াম কোয়ালিটি",159
prod_03519,মেঘনা পনির (৫ কেজি),দুগ্ধজাত,"ঘৃতি পনির, ৫ কেজি, মেঘনা ব্র্যান্ড, প্রিমিয়াম কোয়ালিটি",1411
prod_03520,ড্যানিশ অ্যালমন্ড মিল্ক (৫ কেজি),স্বাস্থ্য খাদ্য,"অ্যালমন্ড মিল্ক, ৫ কেজি, ড্যানিশ ব্র্যান্ড, প্রিমিয়াম কোয়ালিটি",2126
prod_03521,ইস্পাহানি ছানা (৫০০ গ্রাম),দুগ্ধজাত,"তাজা ছানা, ৫০০ গ্রাম, ইস্পাহানি ব্র্যান্ড, প্রিমিয়াম কোয়ালিটি",158
prod_03522,ফ্রেশ লেবুর রস (৫ লিটার),পানীয়,"প্রাকৃতিক লেবুর রস, ৫ লিটার, ফ্রেশ ব্র্যান্ড, প্রিমিয়াম কোয়ালিটি",609
prod_03523,ম্যারিকো পেস্তাবাদাম (২ কেজি),বাদাম ও শুকনো ফল,"ইরানি পেস্তাবাদাম, ২ কেজি, ম্যারিকো ব্র্যান্ড, প্রিমিয়াম কোয়ালিটি",1003
prod_03524,অর্গানিক ফার্ম পিনাট বাটার (১ কেজি),স্বাস্থ্য খাদ্য,"পিনাট বাটার, ১ কেজি, অর্গানিক ফার্ম ব্র্যান্ড, প্রিমিয়াম কোয়ালিটি",630
prod_03525,পূর্ণ শিম (২ কেজি),শাকসবজি,"তাজা শিম, ২ কেজি, পূর্ণ ব্র্যান্ড, প্রিমিয়াম কোয়ালিটি",160
prod_03526,রাধুনী টমেটোর চাটনি (২ কেজি),সংরক্ষণ ও চাটনি,"টমেটোর চাটনি, ২ কেজি, রাধুনী ব্র্যান্ড, প্রিমিয়াম কোয়ালিটি",230
prod_03527,বসুন্ধরা কাবুলি ছোলা (৫ কেজি),দালিল শস্য,"বড় কাবুলি ছোলা, ৫ কেজি, বসুন্ধরা ব্র্যান্ড, প্রিমিয়াম কোয়ালিটি",1094
prod_03528,প্রাণ তেঁতুলের চাটনি (২৫০ গ্রাম),সংরক্ষণ ও চাটনি,"তেঁতুলের চাটনি, ২৫০ গ্রাম, প্রাণ ব্র্যান্ড, প্রিমিয়াম কোয়ালিটি",31
prod_03529,ইস্পাহানি বিস্কুট (১ কেজি),তাৎক্ষণিক খাদ্য,"ক্রিম বিস্কুট, ১ কেজি, ইস্পাহানি ব্র্যান্ড, প্রিমিয়াম কোয়ালিটি",49
prod_03530,মেঘনা দুধ (৫০০ গ্রাম),দুগ্ধজাত,"তাজা গরুর দুধ, ৫০০ গ্রাম, মেঘনা ব্র্যান্ড, প্রিমিয়াম কোয়ালিটি",86
prod_03531,স্কয়ার আলু (২৫০ গ্রাম),শাকসবজি,"স্থানীয় আলু, ২৫০ গ্রাম, স্কয়ার ব্র্যান্ড, প্রিমিয়াম কোয়ালিটি",18
prod_03532,মিল্কভিটা চিজ (১ কেজি),দুগ্ধজাত,"প্রসেসড চিজ, ১ কেজি, মিল্কভিটা ব্র্যান্ড, প্রিমিয়াম কোয়ালিটি",503
prod_03533,ACI পাম তেল (৫ লিটার),রান্নার তেল,"পরিশোধিত পাম তেল, ৫ লিটার, ACI ব্র্যান্ড, প্রিমিয়াম কোয়ালিটি",1151
prod_03534,কাজী ফার্মস পনির (১ কেজি),দুগ্ধজাত,"ঘৃতি পনির, ১ কেজি, কাজী ফার্মস ব্র্যান্ড, প্রিমিয়াম কোয়ালিটি",345
prod_03535,ড্যানিশ পাম তেল (১ লিটার),রান্নার তেল,"পরিশোধিত পাম তেল, ১ লিটার, ড্যানিশ ব্র্যান্ড, প্রিমিয়াম কোয়ালিটি",354
prod_03536,আরকু ঘি (২ কেজি),দুগ্ধজাত,"খাঁটি গাওয়া ঘি, ২ কেজি, আরকু ব্র্যান্ড, প্রিমিয়াম কোয়ালিটি",1279
prod_03537,ফ্রেশ লেবুর রস (২৫০ মিলি),পানীয়,"প্রাকৃতিক লেবুর রস, ২৫০ মিলি, ফ্রেশ ব্র্যান্ড, প্রিমিয়াম কোয়ালিটি",39
prod_03538,পূর্ণ পরোটা (৫০০ গ্রাম),তাৎক্ষণিক খাদ্য,"ফ্রোজেন পরোটা, ৫০০ গ্রাম, পূর্ণ ব্র্যান্ড, প্রিমিয়াম কোয়ালিটি",81
prod_03539,মিল্কভিটা চিনাবাদাম (২৫০ গ্রাম),বাদাম ও শুকনো ফল,"সিদ্ধ চিনাবাদাম, ২৫০ গ্রাম, মিল্কভিটা ব্র্যান্ড, প্রিমিয়াম কোয়ালিটি",81
prod_03540,পূর্ণ পেস্তাবাদাম (২৫০ গ্রাম),বাদাম ও শুকনো ফল,"ইরানি পেস্তাবাদাম, ২৫০ গ্রাম, পূর্ণ ব্র্যান্ড, প্রিমিয়াম কোয়ালিটি",178
prod_03541,প্রাণ মাষকলাই ডাল (২৫০ গ্রাম),দালিল শস্য,"কালো মাষকলাই ডাল, ২৫০ গ্রাম, প্রাণ ব্র্যান্ড, প্রিমিয়াম কোয়ালিটি",66
prod_03542,বসুন্ধরা ওয়েস্টার সস (১ লিটার),স্টক ও সস,"ওয়েস্টার সস, ১ লিটার, বসুন্ধরা ব্র্যান্ড, প্রিমিয়াম কোয়ালিটি",309
prod_03543,কাজী ফার্মস সয়া সস (১ লিটার),রান্নার উপাদান,"প্রামাণিক সয়া সস, ১ লিটার, কাজী ফার্মস ব্র্যান্ড, প্রিমিয়াম কোয়ালিটি",251
prod_03544,ACI বুটের ডাল (২ কেজি),দালিল শস্য,"বুটের ডাল, ২ কেজি, ACI ব্র্যান্ড, প্রিমিয়াম কোয়ালিটি",367
prod_03545,অর্গানিক ফার্ম ব্রোকলি (২৫০ গ্রাম),শাকসবজি,"সবুজ ব্রোকলি, ২৫০ গ্রাম, অর্গানিক ফার্ম ব্র্যান্ড, প্রিমিয়াম কোয়ালিটি",38
prod_03546,তীর মসুর ডাল (২৫০ গ্রাম),দালিল শস্য,"লাল মসুর ডাল, ২৫০ গ্রাম, তীর ব্র্যান্ড, প্রিমিয়াম কোয়ালিটি",74
prod_03547,ইস্পাহানি ফিশ সস (২৫০ মিলি),স্টক ও সস,"মাছের সস, ২৫০ মিলি, ইস্পাহানি ব্র্যান্ড, প্রিমিয়াম কোয়ালিটি",58
prod_03548,আরকু আম আচার (১ কেজি),সংরক্ষণ ও চাটনি,"তাজা আম আচার, ১ কেজি, আরকু ব্র্যান্ড, প্রিমিয়াম কোয়ালিটি",180
prod_03549,আরকু মুগ ডাল (১ কেজি),দালিল শস্য,"সবুজ মুগ ডাল, ১ কেজি, আরকু ব্র্যান্ড, প্রিমিয়াম কোয়ালিটি",196
prod_03550,পূর্ণ পরোটা (১ কেজি),তাৎক্ষণিক খাদ্য,"ফ্রোজেন পরোটা, ১ কেজি, পূর্ণ ব্র্যান্ড, প্রিমিয়াম কোয়ালিটি",152
prod_03551,ইগলু তেলাপিয়া (২৫০ গ্রাম),প্রোটিন,"তাজা তেলাপিয়া মাছ, ২৫০ গ্রাম, ইগলু ব্র্যান্ড, প্রিমিয়াম কোয়ালিটি",110
prod_03552,মিল্কভিটা বোয়াল মাছ (২ কেজি),প্রোটিন,"তাজা বোয়াল মাছ, ২ কেজি, মিল্কভিটা ব্র্যান্ড, প্রিমিয়াম কোয়ালিটি",1499
prod_03553,আফতাব ঢেঁড়স (৫০০ গ্রাম),শাকসবজি,"তাজা ঢেঁড়স, ৫০০ গ্রাম, আফতাব ব্র্যান্ড, প্রিমিয়াম কোয়ালিটি",51
prod_03554,স্কয়ার পেয়ারা (২ কেজি),ফল,"তাজা পেয়ারা, ২ কেজি, স্কয়ার ব্র্যান্ড, প্রিমিয়াম কোয়ালিটি",234
prod_03555,রাধুনী আখের রস (১ লিটার),পানীয়,"তাজা আখের রস, ১ লিটার, রাধুনী ব্র্যান্ড, প্রিমিয়াম কোয়ালিটি",274
prod_03556,রাধুনী গুড় (২৫০ গ্রাম),মিষ্টি ও ডেজার্ট,"খাঁটি গুড়, ২৫০ গ্রাম, রাধুনী ব্র্যান্ড, প্রিমিয়াম কোয়ালিটি",68
prod_03557,প্রাণ অড়হর ডাল (৫০০ গ্রাম),দালিল শস্য,"অড়হর ডাল, ৫০০ গ্রাম, প্রাণ ব্র্যান্ড, প্রিমিয়াম কোয়ালিটি",138
prod_03558,রূপচাঁদা টমেটো সস (২৫০ মিলি),রান্নার উপাদান,"টমেটো কেচাপ, ২৫০ মিলি, রূপচাঁদা ব্র্যান্ড, প্রিমিয়াম কোয়ালিটি",38
prod_03559,ইগলু চানাচুর (৫০০ গ্রাম),তাৎক্ষণিক খাদ্য,"মসলাদার চানাচুর, ৫০০ গ্রাম, ইগলু ব্র্যান্ড, প্রিমিয়াম কোয়ালিটি",55
prod_03560,সুরভি শসা (১ কেজি),শাকসবজি,"তাজা শসা, ১ কেজি, সুরভি ব্র্যান্ড, প্রিমিয়াম কোয়ালিটি",69
prod_03561,পূর্ণ ফ্ল্যাক্স সিড (৫০০ গ্রাম),স্বাস্থ্য খাদ্য,"ফ্ল্যাক্স সিড, ৫০০ গ্রাম, পূর্ণ ব্র্যান্ড, প্রিমিয়াম কোয়ালিটি",217
prod_03562,ACI মাংস স্টক (৫ লিটার),স্টক ও সস,"গরুর মাংসের স্টক, ৫ লিটার, ACI ব্র্যান্ড, প্রিমিয়াম কোয়ালিটি",1827
prod_03563,ফ্রেশ খাসির মাংস (২৫০ গ্রাম),প্রোটিন,"তাজা খাসির মাংস, ২৫০ গ্রাম, ফ্রেশ ব্র্যান্ড, প্রিমিয়াম কোয়ালিটি",414
prod_03564,বসুন্ধরা চিয়া সিড (২৫০ গ্রাম),স্বাস্থ্য খাদ্য,"চিয়া সিড, ২৫০ গ্রাম, বসুন্ধরা ব্র্যান্ড, প্রিমিয়াম কোয়ালিটি",148
prod_03565,বসুন্ধরা গ্রানোলা (২৫০ গ্রাম),স্বাস্থ্য খাদ্য,"মিক্সড গ্রানোলা, ২৫০ গ্রাম, বসুন্ধরা ব্র্যান্ড, প্রিমিয়াম কোয়ালিটি",157
prod_03566,ড্যানিশ সানফ্লাওয়ার তেল (৫০০ মিলি),রান্নার তেল,"সানফ্লাওয়ার তেল, ৫০০ মিলি, ড্যানিশ ব্র্যান্ড, প্রিমিয়াম কোয়ালিটি",268
prod_03567,আরকু হট সস (২ লিটার),স্টক ও সস,"হট চিলি সস, ২ লিটার, আরকু ব্র্যান্ড, প্রিমিয়াম কোয়ালিটি",298
prod_03568,পূর্ণ পেঁয়াজ (২ কেজি),শাকসবজি,"তাজা পেঁয়াজ, ২ কেজি, পূর্ণ ব্র্যান্ড, প্রিমিয়াম কোয়ালিটি",145
prod_03569,ইস্পাহানি দুধের পাউডার (৫ কেজি),দুগ্ধজাত,"সম্পূর্ণ দুধের পাউডার, ৫ কেজি, ইস্পাহানি ব্র্যান্ড, প্রিমিয়াম কোয়ালিটি",1958
prod_03570,ড্যানিশ জাম (২৫০ গ্রাম),ফল,"কালো জাম, ২৫০ গ্রাম, ড্যানিশ ব্র্যান্ড, প্রিমিয়াম কোয়ালিটি",79
prod_03571,সুরভি গুঁড়া চিনি (২৫০ গ্রাম),মিষ্টি ও ডেজার্ট,"সাদা গুঁড়া চিনি, ২৫০ গ্রাম, সুরভি ব্র্যান্ড, প্রিমিয়াম কোয়ালিটি",41
prod_03572,বসুন্ধরা ফেলন (৫০০ গ্রাম),দালিল শস্য,"সবুজ ফেলন, ৫০০ গ্রাম, বসুন্ধরা ব্র্যান্ড, প্রিমিয়াম কোয়ালিটি",104
prod_03573,সুরভি লাউ (৫ কেজি),শাকসবজি,"মিষ্টি লাউ, ৫ কেজি, সুরভি ব্র্যান্ড, প্রিমিয়াম কোয়ালিটি",397
prod_03574,পূর্ণ আদা পেস্ট (২৫০ মিলি),রান্নার উপাদান,"তাজা আদা পেস্ট, ২৫০ মিলি, পূর্ণ ব্র্যান্ড, প্রিমিয়াম কোয়ালিটি",38
prod_03575,ম্যারিকো ফল জুস (৫০০ মিলি),পানীয়,"মিশ্র ফল জুস, ৫০০ মিলি, ম্যারিকো ব্র্যান্ড, প্রিমিয়াম কোয়ালিটি",152
prod_03576,অর্গানিক ফার্ম পেঁয়াজের চাটনি (১ কেজি),সংরক্ষণ ও চাটনি,"পেঁয়াজের চাটনি, ১ কেজি, অর্গানিক ফার্ম ব্র্যান্ড, প্রিমিয়াম কোয়ালিটি",144
prod_03577,আফতাব গাজর (৫ কেজি),শাকসবজি,"হলুদ গাজর, ৫ কেজি, আফতাব ব্র্যান্ড, প্রিমিয়াম কোয়ালিটি",260
prod_03578,ইস্পাহানি কিসমিস (১ কেজি),বাদাম ও শুকনো ফল,"ভারতীয় কিসমিস, ১ কেজি, ইস্পাহানি ব্র্যান্ড, প্রিমিয়াম কোয়ালিটি",379
prod_03579,স্কয়ার ধনিয়া (২ কেজি),মশলা,"ধনিয়া গুঁড়া, ২ কেজি, স্কয়ার ব্র্যান্ড, প্রিমিয়াম কোয়ালিটি",171
prod_03580,রূপচাঁদা সুজি (২ কেজি),খাদ্যশস্য,"সুজি, রান্নার জন্য, ২ কেজি, রূপচাঁদা ব্র্যান্ড, প্রিমিয়াম কোয়ালিটি",167
prod_03581,রাধুনী এলাচ (৫০০ গ্রাম),মশলা,"সবুজ এলাচ, ৫০০ গ্রাম, রাধুনী ব্র্যান্ড, প্রিমিয়াম কোয়ালিটি",115
prod_03582,মেঘনা ময়দা (২ কেজি),খাদ্যশস্য,"সাদা ময়দা, ২ কেজি, মেঘনা ব্র্যান্ড, প্রিমিয়াম কোয়ালিটি",163
prod_03583,রূপচাঁদা কমলা (২৫০ গ্রাম),ফল,"নাগপুরি কমলা, ২৫০ গ্রাম, রূপচাঁদা ব্র্যান্ড, প্রিমিয়াম কোয়ালিটি",77
prod_03584,ACI ময়দা (৫০০ গ্রাম),খাদ্যশস্য,"সাদা ময়দা, ৫০০ গ্রাম, ACI ব্র্যান্ড, প্রিমিয়াম কোয়ালিটি",50
prod_03585,ফ্রেশ মেথি বীজ (২৫০ গ্রাম),মশলা,"মেথি বীজ, ২৫০ গ্রাম, ফ্রেশ ব্র্যান্ড, প্রিমিয়াম কোয়ালিটি",23
prod_03586,রূপচাঁদা কেক (১ কেজি),তাৎক্ষণিক খাদ্য,"ফ্রুট কেক, ১ কেজি, রূপচাঁদা ব্র্যান্ড, প্রিমিয়াম কোয়ালিটি",309
prod_03587,বসুন্ধরা ফল জুস (১ লিটার),পানীয়,"মিশ্র ফল জুস, ১ লিটার, বসুন্ধরা ব্র্যান্ড, প্রিমিয়াম কোয়ালিটি",248
prod_03588,স্কয়ার পেঁয়াজের চাটনি (৫ কেজি),সংরক্ষণ ও চাটনি,"পেঁয়াজের চাটনি, ৫ কেজি, স্কয়ার ব্র্যান্ড, প্রিমিয়াম কোয়ালিটি",608
prod_03589,বসুন্ধরা কলা (৫ কেজি),ফল,"সবুজ কলা, ৫ কেজি, বসুন্ধরা ব্র্যান্ড, প্রিমিয়াম কোয়ালিটি",400
prod_03590,ড্যানিশ কালিজিরা চাল (৫০০ গ্রাম),খাদ্যশস্য,"সুগন্ধী কালিজিরা চাল, ৫০০ গ্রাম, ড্যানিশ ব্র্যান্ড, প্রিমিয়াম কোয়ালিটি",89
prod_03591,রূপচাঁদা ডিম (২৫০ গ্রাম),প্রোটিন,"তাজা মুরগির ডিম, ২৫০ গ্রাম, রূপচাঁদা ব্র্যান্ড, প্রিমিয়াম কোয়ালিটি",55
prod_03592,ম্যারিকো হট সস (২৫০ মিলি),স্টক ও সস,"হট চিলি সস, ২৫০ মিলি, ম্যারিকো ব্র্যান্ড, প্রিমিয়াম কোয়ালিটি",45
prod_03593,বসুন্ধরা সয়া সস (৫ লিটার),রান্নার উপাদান,"প্রামাণিক সয়া সস, ৫ লিটার, বসুন্ধরা ব্র্যান্ড, প্রিমিয়াম কোয়ালিটি",1097
prod_03594,বসুন্ধরা চিয়া সিড (১ কেজি),স্বাস্থ্য খাদ্য,"চিয়া সিড, ১ কেজি, বসুন্ধরা ব্র্যান্ড, প্রিমিয়াম কোয়ালিটি",602
prod_03595,ড্যানিশ কর্নফ্লাওয়ার (১ লিটার),রান্নার উপাদান,"কর্নফ্লাওয়ার, ১ লিটার, ড্যানিশ ব্র্যান্ড, প্রিমিয়াম কোয়ালিটি",118
prod_03596,আফতাব ফেলন (১ কেজি),দালিল শস্য,"সবুজ ফেলন, ১ কেজি, আফতাব ব্র্যান্ড, প্রিমিয়াম কোয়ালিটি",237
prod_03597,ইগলু পটল (৫ কেজি),শাকসবজি,"তাজা পটল, ৫ কেজি, ইগলু ব্র্যান্ড, প্রিমিয়াম কোয়ালিটি",384
prod_03598,ফ্রেশ পেঁয়াজের চাটনি (২৫০ গ্রাম),সংরক্ষণ ও চাটনি,"পেঁয়াজের চাটনি, ২৫০ গ্রাম, ফ্রেশ ব্র্যান্ড, প্রিমিয়াম কোয়ালিটি",37
prod_03599,তীর খাসির মাংস (৫ কেজি),প্রোটিন,"তাজা খাসির মাংস, ৫ কেজি, তীর ব্র্যান্ড, প্রিমিয়াম কোয়ালিটি",7695
prod_03600,রূপচাঁদা দারুচিনি (১ কেজি),মশলা,"দারুচিনির ছাল, ১ কেজি, রূপচাঁদা ব্র্যান্ড, প্রিমিয়াম কোয়ালিটি",156
prod_03601,ইগলু চিনাবাদাম (২৫০ গ্রাম),বাদাম ও শুকনো ফল,"সিদ্ধ চিনাবাদাম, ২৫০ গ্রাম, ইগলু ব্র্যান্ড, প্রিমিয়াম কোয়ালিটি",66
prod_03602,রূপচাঁদা পেঁয়াজ (১ কেজি),শাকসবজি,"তাজা পেঁয়াজ, ১ কেজি, রূপচাঁদা ব্র্যান্ড, প্রিমিয়াম কোয়ালিটি",76
prod_03603,আরকু আম আচার (১ কেজি),সংরক্ষণ ও চাটনি,"তাজা আম আচার, ১ কেজি, আরকু ব্র্যান্ড, প্রিমিয়াম কোয়ালিটি",144
prod_03604,রাধুনী পেস্তাবাদাম (১ কেজি),বাদাম ও শুকনো ফল,"ইরানি পেস্তাবাদাম, ১ কেজি, রাধুনী ব্র্যান্ড, প্রিমিয়াম কোয়ালিটি",514
prod_03605,মিল্কভিটা দুধের পাউডার (২৫০ গ্রাম),দুগ্ধজাত,"সম্পূর্ণ দুধের পাউডার, ২৫০ গ্রাম, মিল্কভিটা ব্র্যান্ড, প্রিমিয়াম কোয়ালিটি",131
prod_03606,মেঘনা রাজমা (৫০০ গ্রাম),দালিল শস্য,"লাল রাজমা, ৫০০ গ্রাম, মেঘনা ব্র্যান্ড, প্রিমিয়াম কোয়ালিটি",174
prod_03607,পূর্ণ আদা পেস্ট (২৫০ মিলি),রান্নার উপাদান,"তাজা আদা পেস্ট, ২৫০ মিলি, পূর্ণ ব্র্যান্ড, প্রিমিয়াম কোয়ালিটি",47
prod_03608,ইস্পাহানি খেজুর (৫ কেজি),বাদাম ও শুকনো ফল,"মধ্যপূর্বীয় খেজুর, ৫ কেজি, ইস্পাহানি ব্র্যান্ড, প্রিমিয়াম কোয়ালিটি",2059
prod_03609,তীর পরোটা (৫০০ গ্রাম),তাৎক্ষণিক খাদ্য,"ফ্রোজেন পরোটা, ৫০০ গ্রাম, তীর ব্র্যান্ড, প্রিমিয়াম কোয়ালিটি",74
prod_03610,ACI ফিশ সস (১ লিটার),স্টক ও সস,"মাছের সস, ১ লিটার, ACI ব্র্যান্ড, প্রিমিয়াম কোয়ালিটি",204
prod_03611,পূর্ণ চিয়া সিড (২ কেজি),স্বাস্থ্য খাদ্য,"চিয়া সিড, ২ কেজি, পূর্ণ ব্র্যান্ড, প্রিমিয়াম কোয়ালিটি",843
prod_03612,আফতাব গ্রানোলা (১ কেজি),স্বাস্থ্য খাদ্য,"মিক্সড গ্রানোলা, ১ কেজি, আফতাব ব্র্যান্ড, প্রিমিয়াম কোয়ালিটি",499
prod_03613,ড্যানিশ মাস্টার্ড সস (২ লিটার),স্টক ও সস,"মাস্টার্ড সস, ২ লিটার, ড্যানিশ ব্র্যান্ড, প্রিমিয়াম কোয়ালিটি",347
prod_03614,ড্যানিশ মুড়ি (২৫০ গ্রাম),খাদ্যশস্য,"ফোলানো মুড়ি, ২৫০ গ্রাম, ড্যানিশ ব্র্যান্ড, প্রিমিয়াম কোয়ালিটি",21
prod_03615,মিল্কভিটা কিসমিস (৫ কেজি),বাদাম ও শুকনো ফল,"ভারতীয় কিসমিস, ৫ কেজি, মিল্কভিটা ব্র্যান্ড, প্রিমিয়াম কোয়ালিটি",1442
prod_03616,পূর্ণ চিনাবাদাম (৫০০ গ্রাম),বাদাম ও শুকনো ফল,"সিদ্ধ চিনাবাদাম, ৫০০ গ্রাম, পূর্ণ ব্র্যান্ড, প্রিমিয়াম কোয়ালিটি",140
prod_03617,আফতাব বেসন (২ কেজি),খাদ্যশস্য,"ছোলার বেসন, ২ কেজি, আফতাব ব্র্যান্ড, প্রিমিয়াম কোয়ালিটি",317
prod_03618,বসুন্ধরা সয়াবিন তেল (২৫০ মিলি),রান্নার তেল,"বিশুদ্ধ সয়াবিন তেল, ২৫০ মিলি, বসুন্ধরা ব্র্যান্ড, প্রিমিয়াম কোয়ালিটি",133
prod_03619,মিল্কভিটা মিষ্টি আলু (২ কেজি),শাকসবজি,"কমলা মিষ্টি আলু, ২ কেজি, মিল্কভিটা ব্র্যান্ড, প্রিমিয়াম কোয়ালিটি",202
prod_03620,মিল্কভিটা মুগ ডাল (৫ কেজি),দালিল শস্য,"সবুজ মুগ ডাল, ৫ কেজি, মিল্কভিটা ব্র্যান্ড, প্রিমিয়াম কোয়ালিটি",1004
prod_03621,আফতাব অড়হর ডাল (৫০০ গ্রাম),দালিল শস্য,"অড়হর ডাল, ৫০০ গ্রাম, আফতাব ব্র্যান্ড, প্রিমিয়াম কোয়ালিটি",142
prod_03622,সুরভি আপেল (৫০০ গ্রাম),ফল,"ফুজি আপেল, ৫০০ গ্রাম, সুরভি ব্র্যান্ড, প্রিমিয়াম কোয়ালিটি",235
prod_03623,রূপচাঁদা চিনাবাদাম (৫ কেজি),বাদাম ও শুকনো ফল,"সিদ্ধ চিনাবাদাম, ৫ কেজি, রূপচাঁদা ব্র্যান্ড, প্রিমিয়াম কোয়ালিটি",1148
prod_03624,প্রাণ রসুন (৫০০ গ্রাম),শাকসবজি,"সাদা রসুন, ৫০০ গ্রাম, প্রাণ ব্র্যান্ড, প্রিমিয়াম কোয়ালিটি",82
prod_03625,ফ্রেশ ঢেঁড়স (৫০০ গ্রাম),শাকসবজি,"তাজা ঢেঁড়স, ৫০০ গ্রাম, ফ্রেশ ব্র্যান্ড, প্রিমিয়াম কোয়ালিটি",45
prod_03626,আফতাব আম (২ কেজি),ফল,"হিমসাগর আম, ২ কেজি, আফতাব ব্র্যান্ড, প্রিমিয়াম কোয়ালিটি",619
prod_03627,পূর্ণ মিষ্টি আলু (২ কেজি),শাকসবজি,"কমলা মিষ্টি আলু, ২ কেজি, পূর্ণ ব্র্যান্ড, প্রিমিয়াম কোয়ালিটি",219
prod_03628,বসুন্ধরা জিলাপি (৫ কেজি),মিষ্টি ও ডেজার্ট,"তাজা জিলাপি, ৫ কেজি, বসুন্ধরা ব্র্যান্ড, প্রিমিয়াম কোয়ালিটি",790
prod_03629,তীর পটল (২৫০ গ্রাম),শাকসবজি,"তাজা পটল, ২৫০ গ্রাম, তীর ব্র্যান্ড, প্রিমিয়াম কোয়ালিটি",20
prod_03630,আফতাব ব্রাউন সুগার (৫ কেজি),মিষ্টি ও ডেজার্ট,"ব্রাউন সুগার, ৫ কেজি, আফতাব ব্র্যান্ড, প্রিমিয়াম কোয়ালিটি",750
prod_03631,ACI পেয়ারা (২৫০ গ্রাম),ফল,"তাজা পেয়ারা, ২৫০ গ্রাম, ACI ব্র্যান্ড, প্রিমিয়াম কোয়ালিটি",45
prod_03632,বসুন্ধরা আনারস (২ কেজি),ফল,"তাজা আনারস, ২ কেজি, বসুন্ধরা ব্র্যান্ড, প্রিমিয়াম কোয়ালিটি",309
prod_03633,ড্যানিশ ঝিঙ্গা (২ কেজি),শাকসবজি,"সবুজ ঝিঙ্গা, ২ কেজি, ড্যানিশ ব্র্যান্ড, প্রিমিয়াম কোয়ালিটি",114
prod_03634,ফ্রেশ নারকেল চিপস (৫ কেজি),বাদাম ও শুকনো ফল,"কাটা নারকেল চিপস, ৫ কেজি, ফ্রেশ ব্র্যান্ড, প্রিমিয়াম কোয়ালিটি",725
prod_03635,অর্গানিক ফার্ম চিনাবাদাম (২ কেজি),বাদাম ও শুকনো ফল,"সিদ্ধ চিনাবাদাম, ২ কেজি, অর্গানিক ফার্ম ব্র্যান্ড, প্রিমিয়াম কোয়ালিটি",400
prod_03636,ইগলু রসুনের আচার (২ কেজি),সংরক্ষণ ও চাটনি,"রসুনের আচার, ২ কেজি, ইগলু ব্র্যান্ড, প্রিমিয়াম কোয়ালিটি",238
prod_03637,আফতাব জাফরান (৫ কেজি),মশলা,"খাঁটি জাফরান, ৫ কেজি, আফতাব ব্র্যান্ড, প্রিমিয়াম কোয়ালিটি",2054
prod_03638,রাধুনী ইস্ট (৫০০ মিলি),রান্নার উপাদান,"ড্রাই ইস্ট, ৫০০ মিলি, রাধুনী ব্র্যান্ড, প্রিমিয়াম কোয়ালিটি",62
prod_03639,ইগলু টমেটোর চাটনি (৫০০ গ্রাম),সংরক্ষণ ও চাটনি,"টমেটোর চাটনি, ৫০০ গ্রাম, ইগলু ব্র্যান্ড, প্রিমিয়াম কোয়ালিটি",74
prod_03640,রাধুনী কাঠবাদাম (২ কেজি),বাদাম ও শুকনো ফল,"কাঠবাদাম, ২ কেজি, রাধুনী ব্র্যান্ড, প্রিমিয়াম কোয়ালিটি",924
prod_03641,ইস্পাহানি পেঁপে (৫ কেজি),ফল,"পাকা পেঁপে, ৫ কেজি, ইস্পাহানি ব্র্যান্ড, প্রিমিয়াম কোয়ালিটি",478
prod_03642,স্কয়ার কফি পাউডার (৫ লিটার),পানীয়,"কফি পাউডার, ৫ লিটার, স্কয়ার ব্র্যান্ড, প্রিমিয়াম কোয়ালিটি",1750
prod_03643,রাধুনী তেঁতুলের চাটনি (২৫০ গ্রাম),সংরক্ষণ ও চাটনি,"তেঁতুলের চাটনি, ২৫০ গ্রাম, রাধুনী ব্র্যান্ড, প্রিমিয়াম কোয়ালিটি",30
prod_03644,ফ্রেশ লবঙ্গ (২৫০ গ্রাম),মশলা,"খাঁটি লবঙ্গ, ২৫০ গ্রাম, ফ্রেশ ব্র্যান্ড, প্রিমিয়াম কোয়ালিটি",59
prod_03645,সুরভি আনারস (৫০০ গ্রাম),ফল,"তাজা আনারস, ৫০০ গ্রাম, সুরভি ব্র্যান্ড, প্রিমিয়াম কোয়ালিটি",88
prod_03646,ড্যানিশ লবণ (২৫০ গ্রাম),মশলা,"সমুদ্রের লবণ, ২৫০ গ্রাম, ড্যানিশ ব্র্যান্ড, প্রিমিয়াম কোয়ালিটি",17
prod_03647,আরকু কফি বিন (২৫০ মিলি),পানীয়,"ভাজা কফি বিন, ২৫০ মিলি, আরকু ব্র্যান্ড, প্রিমিয়াম কোয়ালিটি",122
prod_03648,ইস্পাহানি আম আচার (১ কেজি),সংরক্ষণ ও চাটনি,"তাজা আম আচার, ১ কেজি, ইস্পাহানি ব্র্যান্ড, প্রিমিয়াম কোয়ালিটি",142
prod_03649,তীর পিনাট বাটার (৫ কেজি),স্বাস্থ্য খাদ্য,"পিনাট বাটার, ৫ কেজি, তীর ব্র্যান্ড, প্রিমিয়াম কোয়ালিটি",2440
prod_03650,রূপচাঁদা ছানা (২ কেজি),দুগ্ধজাত,"তাজা ছানা, ২ কেজি, রূপচাঁদা ব্র্যান্ড, প্রিমিয়াম কোয়ালিটি",505
prod_03651,ইস্পাহানি গুড় (২ কেজি),মিষ্টি ও ডেজার্ট,"খাঁটি গুড়, ২ কেজি, ইস্পাহানি ব্র্যান্ড, প্রিমিয়াম কোয়ালিটি",420
prod_03652,মিল্কভিটা পনির (২৫০ গ্রাম),দুগ্ধজাত,"ঘৃতি পনির, ২৫০ গ্রাম, মিল্কভিটা ব্র্যান্ড, প্রিমিয়াম কোয়ালিটি",93
prod_03653,আরকু বাঁধাকপি (৫০০ গ্রাম),শাকসবজি,"তাজা বাঁধাকপি, ৫০০ গ্রাম, আরকু ব্র্যান্ড, প্রিমিয়াম কোয়ালিটি",33
prod_03654,মিল্কভিটা তেঁতুলের চাটনি (৫ কেজি),সংরক্ষণ ও চাটনি,"তেঁতুলের চাটনি, ৫ কেজি, মিল্কভিটা ব্র্যান্ড, প্রিমিয়াম কোয়ালিটি",582
prod_03655,আফতাব ম্যাকারনি (২ কেজি),তাৎক্ষণিক খাদ্য,"ম্যাকারনি, ২ কেজি, আফতাব ব্র্যান্ড, প্রিমিয়াম কোয়ালিটি",290
prod_03656,আফতাব চিজ (১ কেজি),দুগ্ধজাত,"প্রসেসড চিজ, ১ কেজি, আফতাব ব্র্যান্ড, প্রিমিয়াম কোয়ালিটি",430
prod_03657,রাধুনী বোয়াল মাছ (২ কেজি),প্রোটিন,"তাজা বোয়াল মাছ, ২ কেজি, রাধুনী ব্র্যান্ড, প্রিমিয়াম কোয়ালিটি",1408
prod_03658,মিল্কভিটা সয়া সস (২৫০ মিলি),রান্নার উপাদান,"প্রামাণিক সয়া সস, ২৫০ মিলি, মিল্কভিটা ব্র্যান্ড, প্রিমিয়াম কোয়ালিটি",62
prod_03659,ফ্রেশ কাজু বাদাম (২ কেজি),বাদাম ও শুকনো ফল,"টাটকা কাজু বাদাম, ২ কেজি, ফ্রেশ ব্র্যান্ড, প্রিমিয়াম কোয়ালিটি",823
prod_03660,সুরভি নুডুলস (১ কেজি),তাৎক্ষণিক খাদ্য,"ডিম নুডুলস, ১ কেজি, সুরভি ব্র্যান্ড, প্রিমিয়াম কোয়ালিটি",121
prod_03661,মেঘনা লেবুর রস (২৫০ মিলি),পানীয়,"প্রাকৃতিক লেবুর রস, ২৫০ মিলি, মেঘনা ব্র্যান্ড, প্রিমিয়াম কোয়ালিটি",44
prod_03662,রাধুনী দারুচিনি (৫ কেজি),মশলা,"দারুচিনির ছাল, ৫ কেজি, রাধুনী ব্র্যান্ড, প্রিমিয়াম কোয়ালিটি",766
prod_03663,অর্গানিক ফার্ম কাঠবাদাম (২৫০ গ্রাম),বাদাম ও শুকনো ফল,"কাঠবাদাম, ২৫০ গ্রাম, অর্গানিক ফার্ম ব্র্যান্ড, প্রিমিয়াম কোয়ালিটি",152
prod_03664,রূপচাঁদা মূলা (১ কেজি),শাকসবজি,"সাদা মূলা, ১ কেজি, রূপচাঁদা ব্র্যান্ড, প্রিমিয়াম কোয়ালিটি",56
prod_03665,ড্যানিশ মাষকলাই ডাল (১ কেজি),দালিল শস্য,"কালো মাষকলাই ডাল, ১ কেজি, ড্যানিশ ব্র্যান্ড, প্রিমিয়াম কোয়ালিটি",221
prod_03666,ম্যারিকো ছোলা (৫ কেজি),দালিল শস্য,"ছোট ছোলা, ৫ কেজি, ম্যারিকো ব্র্যান্ড, প্রিমিয়াম কোয়ালিটি",903
prod_03667,সুরভি নুডুলস (২ কেজি),তাৎক্ষণিক খাদ্য,"ডিম নুডুলস, ২ কেজি, সুরভি ব্র্যান্ড, প্রিমিয়াম কোয়ালিটি",167
prod_03668,রাধুনী মাষকলাই ডাল (২ কেজি),দালিল শস্য,"কালো মাষকলাই ডাল, ২ কেজি, রাধুনী ব্র্যান্ড, প্রিমিয়াম কোয়ালিটি",444
prod_03669,তীর তিলের তেল (১ লিটার),রান্নার তেল,"খাঁটি তিলের তেল, ১ লিটার, তীর ব্র্যান্ড, প্রিমিয়াম কোয়ালিটি",672
prod_03670,রূপচাঁদা পেঁয়াজ (৫ কেজি),শাকসবজি,"তাজা পেঁয়াজ, ৫ কেজি, রূপচাঁদা ব্র্যান্ড, প্রিমিয়াম কোয়ালিটি",344
prod_03671,রূপচাঁদা তেঁতুলের চাটনি (১ কেজি),সংরক্ষণ ও চাটনি,"তেঁতুলের চাটনি, ১ কেজি, রূপচাঁদা ব্র্যান্ড, প্রিমিয়াম কোয়ালিটি",136
prod_03672,আরকু চিনি (২৫০ গ্রাম),মিষ্টি ও ডেজার্ট,"সাদা পরিশোধিত চিনি, ২৫০ গ্রাম, আরকু ব্র্যান্ড, প্রিমিয়াম কোয়ালিটি",43
prod_03673,অর্গানিক ফার্ম ক্রিম (২ কেজি),দুগ্ধজাত,"ফ্রেশ ক্রিম, ২ কেজি, অর্গানিক ফার্ম ব্র্যান্ড, প্রিমিয়াম কোয়ালিটি",674
prod_03674,রূপচাঁদা জোয়ার (২৫০ গ্রাম),খাদ্যশস্য,"জোয়ারের আটা, ২৫০ গ্রাম, রূপচাঁদা ব্র্যান্ড, প্রিমিয়াম কোয়ালিটি",36
prod_03675,ড্যানিশ নারকেল দুধ (২ লিটার),রান্নার উপাদান,"গাঢ় নারকেল দুধ, ২ লিটার, ড্যানিশ ব্র্যান্ড, প্রিমিয়াম কোয়ালিটি",357
prod_03676,ফ্রেশ ঝিঙ্গা (৫ কেজি),শাকসবজি,"সবুজ ঝিঙ্গা, ৫ কেজি, ফ্রেশ ব্র্যান্ড, প্রিমিয়াম কোয়ালিটি",343
prod_03677,ম্যারিকো টমেটোর চাটনি (১ কেজি),সংরক্ষণ ও চাটনি,"টমেটোর চাটনি, ১ কেজি, ম্যারিকো ব্র্যান্ড, প্রিমিয়াম কোয়ালিটি",141
prod_03678,সুরভি অড়হর ডাল (২৫০ গ্রাম),দালিল শস্য,"অড়হর ডাল, ২৫০ গ্রাম, সুরভি ব্র্যান্ড, প্রিমিয়াম কোয়ালিটি",71
prod_03679,কাজী ফার্মস গুলাব জামুন (৫ কেজি),মিষ্টি ও ডেজার্ট,"খাঁটি গুলাব জামুন, ৫ কেজি, কাজী ফার্মস ব্র্যান্ড, প্রিমিয়াম কোয়ালিটি",1166
prod_03680,সুরভি খই (২৫০ গ্রাম),খাদ্যশস্য,"ভাজা খই, ২৫০ গ্রাম, সুরভি ব্র্যান্ড, প্রিমিয়াম কোয়ালিটি",19
prod_03681,ইস্পাহানি খাসির মাংস (১ কেজি),প্রোটিন,"তাজা খাসির মাংস, ১ কেজি, ইস্পাহানি ব্র্যান্ড, প্রিমিয়াম কোয়ালিটি",1398
prod_03682,ACI মিষ্টি আমের চাটনি (৫০০ গ্রাম),সংরক্ষণ ও চাটনি,"মিষ্টি আমের চাটনি, ৫০০ গ্রাম, ACI ব্র্যান্ড, প্রিমিয়াম কোয়ালিটি",103
prod_03683,ফ্রেশ আঙুর (২৫০ গ্রাম),ফল,"সবুজ আঙুর, ২৫০ গ্রাম, ফ্রেশ ব্র্যান্ড, প্রিমিয়াম কোয়ালিটি",130
prod_03684,মেঘনা চিজ (৫০০ গ্রাম),দুগ্ধজাত,"প্রসেসড চিজ, ৫০০ গ্রাম, মেঘনা ব্র্যান্ড, প্রিমিয়াম কোয়ালিটি",245
prod_03685,কাজী ফার্মস আখরোট (১ কেজি),বাদাম ও শুকনো ফল,"আখরোট, ১ কেজি, কাজী ফার্মস ব্র্যান্ড, প্রিমিয়াম কোয়ালিটি",699
prod_03686,বসুন্ধরা জিলাপি (১ কেজি),মিষ্টি ও ডেজার্ট,"তাজা জিলাপি, ১ কেজি, বসুন্ধরা ব্র্যান্ড, প্রিমিয়াম কোয়ালিটি",190
prod_03687,মেঘনা পেঁয়াজ (২ কেজি),শাকসবজি,"তাজা পেঁয়াজ, ২ কেজি, মেঘনা ব্র্যান্ড, প্রিমিয়াম কোয়ালিটি",169
prod_03688,রাধুনী পেয়ারা (৫০০ গ্রাম),ফল,"তাজা পেয়ারা, ৫০০ গ্রাম, রাধুনী ব্র্যান্ড, প্রিমিয়াম কোয়ালিটি",89
prod_03689,কাজী ফার্মস মধু (৫০০ গ্রাম),মিষ্টি ও ডেজার্ট,"খাঁটি মৌমাছির মধু, ৫০০ গ্রাম, কাজী ফার্মস ব্র্যান্ড, প্রিমিয়াম কোয়ালিটি",248
prod_03690,সুরভি মুরগি (২ কেজি),প্রোটিন,"তাজা মুরগির মাংস, ২ কেজি, সুরভি ব্র্যান্ড, প্রিমিয়াম কোয়ালিটি",1337
prod_03691,প্রাণ কিনোয়া (২ কেজি),স্বাস্থ্য খাদ্য,"অর্গানিক কিনোয়া, ২ কেজি, প্রাণ ব্র্যান্ড, প্রিমিয়াম কোয়ালিটি",1233
prod_03692,মিল্কভিটা আখের রস (২ লিটার),পানীয়,"তাজা আখের রস, ২ লিটার, মিল্কভিটা ব্র্যান্ড, প্রিমিয়াম কোয়ালিটি",451
prod_03693,বসুন্ধরা সয়াবিন তেল (৫ লিটার),রান্নার তেল,"বিশুদ্ধ সয়াবিন তেল, ৫ লিটার, বসুন্ধরা ব্র্যান্ড, প্রিমিয়াম কোয়ালিটি",1891
prod_03694,পূর্ণ খই (২ কেজি),খাদ্যশস্য,"ভাজা খই, ২ কেজি, পূর্ণ ব্র্যান্ড, প্রিমিয়াম কোয়ালিটি",141
prod_03695,পূর্ণ গুড় (৫০০ গ্রাম),মিষ্টি ও ডেজার্ট,"খাঁটি গুড়, ৫০০ গ্রাম, পূর্ণ ব্র্যান্ড, প্রিমিয়াম কোয়ালিটি",125
prod_03696,আরকু খেসারি ডাল (৫ কেজি),দালিল শস্য,"খেসারি ডাল, ৫ কেজি, আরকু ব্র্যান্ড, প্রিমিয়াম কোয়ালিটি",809
prod_03697,স্কয়ার ময়দা (১ কেজি),খাদ্যশস্য,"সাদা ময়দা, ১ কেজি, স্কয়ার ব্র্যান্ড, প্রিমিয়াম কোয়ালিটি",98
prod_03698,স্কয়ার দই (৫ কেজি),দুগ্ধজাত,"তাজা গরুর দই, ৫ কেজি, স্কয়ার ব্র্যান্ড, প্রিমিয়াম কোয়ালিটি",514
prod_03699,ফ্রেশ চিকেন স্টক (৫ লিটার),স্টক ও সস,"মুরগির স্টক, ৫ লিটার, ফ্রেশ ব্র্যান্ড, প্রিমিয়াম কোয়ালিটি",1488
prod_03700,ড্যানিশ নারকেল চিপস (৫ কেজি),বাদাম ও শুকনো ফল,"কাটা নারকেল চিপস, ৫ কেজি, ড্যানিশ ব্র্যান্ড, প্রিমিয়াম কোয়ালিটি",799
prod_03701,পূর্ণ কফি পাউডার (২ লিটার),পানীয়,"কফি পাউডার, ২ লিটার, পূর্ণ ব্র্যান্ড, প্রিমিয়াম কোয়ালিটি",755
prod_03702,প্রাণ ব্রাউন সুগার (১ কেজি),মিষ্টি ও ডেজার্ট,"ব্রাউন সুগার, ১ কেজি, প্রাণ ব্র্যান্ড, প্রিমিয়াম কোয়ালিটি",215
prod_03703,সুরভি কফি বিন (৫ লিটার),পানীয়,"ভাজা কফি বিন, ৫ লিটার, সুরভি ব্র্যান্ড, প্রিমিয়াম কোয়ালিটি",1642
prod_03704,অর্গানিক ফার্ম ভিনেগার (১ লিটার),রান্নার উপাদান,"সাদা ভিনেগার, ১ লিটার, অর্গানিক ফার্ম ব্র্যান্ড, প্রিমিয়াম কোয়ালিটি",103
prod_03705,প্রাণ শরবত (২৫০ মিলি),পানীয়,"রুহ আফজা শরবত, ২৫০ মিলি, প্রাণ ব্র্যান্ড, প্রিমিয়াম কোয়ালিটি",56
prod_03706,ইস্পাহানি চানাচুর (২ কেজি),তাৎক্ষণিক খাদ্য,"মসলাদার চানাচুর, ২ কেজি, ইস্পাহানি ব্র্যান্ড, প্রিমিয়াম কোয়ালিটি",158
prod_03707,ইগলু ওটস (২৫০ গ্রাম),স্বাস্থ্য খাদ্য,"রোলড ওটস, ২৫০ গ্রাম, ইগলু ব্র্যান্ড, প্রিমিয়াম কোয়ালিটি",102
prod_03708,কাজী ফার্মস আঙুর (৫০০ গ্রাম),ফল,"সবুজ আঙুর, ৫০০ গ্রাম, কাজী ফার্মস ব্র্যান্ড, প্রিমিয়াম কোয়ালিটি",291
prod_03709,অর্গানিক ফার্ম রাইস ব্রান তেল (৫ লিটার),রান্নার তেল,"রাইস ব্রান তেল, ৫ লিটার, অর্গানিক ফার্ম ব্র্যান্ড, প্রিমিয়াম কোয়ালিটি",1718
prod_03710,ইস্পাহানি তিলের তেল (১ লিটার),রান্নার তেল,"খাঁটি তিলের তেল, ১ লিটার, ইস্পাহানি ব্র্যান্ড, প্রিমিয়াম কোয়ালিটি",680
prod_03711,রূপচাঁদা আখের রস (৫০০ মিলি),পানীয়,"তাজা আখের রস, ৫০০ মিলি, রূপচাঁদা ব্র্যান্ড, প্রিমিয়াম কোয়ালিটি",137
prod_03712,অর্গানিক ফার্ম মেথি বীজ (২৫০ গ্রাম),মশলা,"মেথি বীজ, ২৫০ গ্রাম, অর্গানিক ফার্ম ব্র্যান্ড, প্রিমিয়াম কোয়ালিটি",22
prod_03713,আফতাব ছোলা (২ কেজি),দালিল শস্য,"ছোট ছোলা, ২ কেজি, আফতাব ব্র্যান্ড, প্রিমিয়াম কোয়ালিটি",360
prod_03714,সুরভি কাবুলি ছোলা (২৫০ গ্রাম),দালিল শস্য,"বড় কাবুলি ছোলা, ২৫০ গ্রাম, সুরভি ব্র্যান্ড, প্রিমিয়াম কোয়ালিটি",85
prod_03715,প্রাণ আখের রস (১ লিটার),পানীয়,"তাজা আখের রস, ১ লিটার, প্রাণ ব্র্যান্ড, প্রিমিয়াম কোয়ালিটি",273
prod_03716,সুরভি ফেলন (১ কেজি),দালিল শস্য,"সবুজ ফেলন, ১ কেজি, সুরভি ব্র্যান্ড, প্রিমিয়াম কোয়ালিটি",190
prod_03717,আফতাব কিনোয়া (২৫০ গ্রাম),স্বাস্থ্য খাদ্য,"অর্গানিক কিনোয়া, ২৫০ গ্রাম, আফতাব ব্র্যান্ড, প্রিমিয়াম কোয়ালিটি",161
prod_03718,মেঘনা পরোটা (২ কেজি),তাৎক্ষণিক খাদ্য,"ফ্রোজেন পরোটা, ২ কেজি, মেঘনা ব্র্যান্ড, প্রিমিয়াম কোয়ালিটি",223
prod_03719,তীর ওয়েস্টার সস (২৫০ মিলি),স্টক ও সস,"ওয়েস্টার সস, ২৫০ মিলি, তীর ব্র্যান্ড, প্রিমিয়াম কোয়ালিটি",75
prod_03720,ড্যানিশ টমেটোর চাটনি (১ কেজি),সংরক্ষণ ও চাটনি,"টমেটোর চাটনি, ১ কেজি, ড্যানিশ ব্র্যান্ড, প্রিমিয়াম কোয়ালিটি",142
prod_03721,ইস্পাহানি চিনাবাদাম (১ কেজি),বাদাম ও শুকনো ফল,"সিদ্ধ চিনাবাদাম, ১ কেজি, ইস্পাহানি ব্র্যান্ড, প্রিমিয়াম কোয়ালিটি",225
prod_03722,মিল্কভিটা কই মাছ (২৫০ গ্রাম),প্রোটিন,"তাজা কই মাছ, ২৫০ গ্রাম, মিল্কভিটা ব্র্যান্ড, প্রিমিয়াম কোয়ালিটি",154
prod_03723,আফতাব দুধ (৫ কেজি),দুগ্ধজাত,"তাজা গরুর দুধ, ৫ কেজি, আফতাব ব্র্যান্ড, প্রিমিয়াম কোয়ালিটি",651
prod_03724,পূর্ণ মিষ্টি আমের চাটনি (৫ কেজি),সংরক্ষণ ও চাটনি,"মিষ্টি আমের চাটনি, ৫ কেজি, পূর্ণ ব্র্যান্ড, প্রিমিয়াম কোয়ালিটি",644
prod_03725,রাধুনী গরুর মাংস (২৫০ গ্রাম),প্রোটিন,"তাজা গরুর মাংস, ২৫০ গ্রাম, রাধুনী ব্র্যান্ড, প্রিমিয়াম কোয়ালিটি",398
prod_03726,আফতাব মিষ্টি দই (৫ কেজি),মিষ্টি ও ডেজার্ট,"মিষ্টি দই, ৫ কেজি, আফতাব ব্র্যান্ড, প্রিমিয়াম কোয়ালিটি",701
prod_03727,আফতাব ভ্যাজিটেবল স্টক (২৫০ মিলি),স্টক ও সস,"শাকসবজির স্টক, ২৫০ মিলি, আফতাব ব্র্যান্ড, প্রিমিয়াম কোয়ালিটি",92
prod_03728,বসুন্ধরা গ্রানোলা (৫০০ গ্রাম),স্বাস্থ্য খাদ্য,"মিক্সড গ্রানোলা, ৫০০ গ্রাম, বসুন্ধরা ব্র্যান্ড, প্রিমিয়াম কোয়ালিটি",308
prod_03729,স্কয়ার কিসমিস (৫০০ গ্রাম),বাদাম ও শুকনো ফল,"ভারতীয় কিসমিস, ৫০০ গ্রাম, স্কয়ার ব্র্যান্ড, প্রিমিয়াম কোয়ালিটি",217
prod_03730,ইগলু মিষ্টি আমের চাটনি (১ কেজি),সংরক্ষণ ও চাটনি,"মিষ্টি আমের চাটনি, ১ কেজি, ইগলু ব্র্যান্ড, প্রিমিয়াম কোয়ালিটি",193
prod_03731,সুরভি কচু শাক (২ কেজি),শাকসবজি,"তাজা কচু শাক, ২ কেজি, সুরভি ব্র্যান্ড, প্রিমিয়াম কোয়ালিটি",85
prod_03732,রাধুনী হট সস (১ লিটার),স্টক ও সস,"হট চিলি সস, ১ লিটার, রাধুনী ব্র্যান্ড, প্রিমিয়াম কোয়ালিটি",183
prod_03733,রূপচাঁদা সানফ্লাওয়ার তেল (৫ লিটার),রান্নার তেল,"সানফ্লাওয়ার তেল, ৫ লিটার, রূপচাঁদা ব্র্যান্ড, প্রিমিয়াম কোয়ালিটি",1930
prod_03734,মিল্কভিটা ফিশ সস (৫০০ মিলি),স্টক ও সস,"মাছের সস, ৫০০ মিলি, মিল্কভিটা ব্র্যান্ড, প্রিমিয়াম কোয়ালিটি",146
prod_03735,মিল্কভিটা গুলাব জামুন (৫০০ গ্রাম),মিষ্টি ও ডেজার্ট,"খাঁটি গুলাব জামুন, ৫০০ গ্রাম, মিল্কভিটা ব্র্যান্ড, প্রিমিয়াম কোয়ালিটি",185
prod_03736,স্কয়ার আখরোট (২৫০ গ্রাম),বাদাম ও শুকনো ফল,"আখরোট, ২৫০ গ্রাম, স্কয়ার ব্র্যান্ড, প্রিমিয়াম কোয়ালিটি",153
prod_03737,মিল্কভিটা মাংস স্টক (২ লিটার),স্টক ও সস,"গরুর মাংসের স্টক, ২ লিটার, মিল্কভিটা ব্র্যান্ড, প্রিমিয়াম কোয়ালিটি",831
prod_03738,ইগলু মাখন (২৫০ গ্রাম),দুগ্ধজাত,"খাঁটি মাখন, ২৫০ গ্রাম, ইগলু ব্র্যান্ড, প্রিমিয়াম কোয়ালিটি",144
prod_03739,কাজী ফার্মস ওয়েস্টার সস (২ লিটার),স্টক ও সস,"ওয়েস্টার সস, ২ লিটার, কাজী ফার্মস ব্র্যান্ড, প্রিমিয়াম কোয়ালিটি",549
prod_03740,আরকু মাগুর মাছ (২ কেজি),প্রোটিন,"তাজা মাগুর মাছ, ২ কেজি, আরকু ব্র্যান্ড, প্রিমিয়াম কোয়ালিটি",1097
prod_03741,তীর লাল মরিচ (৫ কেজি),মশলা,"সূক্ষ্ম লাল মরিচ, ৫ কেজি, তীর ব্র্যান্ড, প্রিমিয়াম কোয়ালিটি",582
prod_03742,মেঘনা আদা পেস্ট (৫০০ মিলি),রান্নার উপাদান,"তাজা আদা পেস্ট, ৫০০ মিলি, মেঘনা ব্র্যান্ড, প্রিমিয়াম কোয়ালিটি",82
prod_03743,ফ্রেশ মধু (১ কেজি),মিষ্টি ও ডেজার্ট,"খাঁটি মৌমাছির মধু, ১ কেজি, ফ্রেশ ব্র্যান্ড, প্রিমিয়াম কোয়ালিটি",564
prod_03744,অর্গানিক ফার্ম পরোটা (৫ কেজি),তাৎক্ষণিক খাদ্য,"ফ্রোজেন পরোটা, ৫ কেজি, অর্গানিক ফার্ম ব্র্যান্ড, প্রিমিয়াম কোয়ালিটি",529
prod_03745,মেঘনা মুগ ডাল (২ কেজি),দালিল শস্য,"সবুজ মুগ ডাল, ২ কেজি, মেঘনা ব্র্যান্ড, প্রিমিয়াম কোয়ালিটি",449
prod_03746,ACI পিনাট বাটার (২ কেজি),স্বাস্থ্য খাদ্য,"পিনাট বাটার, ২ কেজি, ACI ব্র্যান্ড, প্রিমিয়াম কোয়ালিটি",1085
prod_03747,তীর লাল মরিচ (২৫০ গ্রাম),মশলা,"সূক্ষ্ম লাল মরিচ, ২৫০ গ্রাম, তীর ব্র্যান্ড, প্রিমিয়াম কোয়ালিটি",35
prod_03748,পূর্ণ কাসুন্দি (১ কেজি),সংরক্ষণ ও চাটনি,"বাঙালি কাসুন্দি, ১ কেজি, পূর্ণ ব্র্যান্ড, প্রিমিয়াম কোয়ালিটি",167
prod_03749,সুরভি কফি বিন (১ লিটার),পানীয়,"ভাজা কফি বিন, ১ লিটার, সুরভি ব্র্যান্ড, প্রিমিয়াম কোয়ালিটি",449
prod_03750,আফতাব ফেলন (৫ কেজি),দালিল শস্য,"সবুজ ফেলন, ৫ কেজি, আফতাব ব্র্যান্ড, প্রিমিয়াম কোয়ালিটি",921
prod_03751,স্কয়ার ওয়েস্টার সস (২ লিটার),স্টক ও সস,"ওয়েস্টার সস, ২ লিটার, স্কয়ার ব্র্যান্ড, প্রিমিয়াম কোয়ালিটি",484
prod_03752,আরকু মেথি বীজ (৫০০ গ্রাম),মশলা,"মেথি বীজ, ৫০০ গ্রাম, আরকু ব্র্যান্ড, প্রিমিয়াম কোয়ালিটি",48
prod_03753,অর্গানিক ফার্ম শরবত (১ লিটার),পানীয়,"রুহ আফজা শরবত, ১ লিটার, অর্গানিক ফার্ম ব্র্যান্ড, প্রিমিয়াম কোয়ালিটি",190
prod_03754,ফ্রেশ পেস্তাবাদাম (১ কেজি),বাদাম ও শুকনো ফল,"ইরানি পেস্তাবাদাম, ১ কেজি, ফ্রেশ ব্র্যান্ড, প্রিমিয়াম কোয়ালিটি",536
prod_03755,ইস্পাহানি ফ্ল্যাক্স সিড (১ কেজি),স্বাস্থ্য খাদ্য,"ফ্ল্যাক্স সিড, ১ কেজি, ইস্পাহানি ব্র্যান্ড, প্রিমিয়াম কোয়ালিটি",509
prod_03756,ফ্রেশ শরবত (৫০০ মিলি),পানীয়,"রুহ আফজা শরবত, ৫০০ মিলি, ফ্রেশ ব্র্যান্ড, প্রিমিয়াম কোয়ালিটি",125
prod_03757,ম্যারিকো রুই মাছ (৫ কেজি),প্রোটিন,"তাজা রুই মাছ, ৫ কেজি, ম্যারিকো ব্র্যান্ড, প্রিমিয়াম কোয়ালিটি",2891
prod_03758,অর্গানিক ফার্ম গরম মসলা (২৫০ গ্রাম),মশলা,"গরম মাসালা মিশ্রণ, ২৫০ গ্রাম, অর্গানিক ফার্ম ব্র্যান্ড, প্রিমিয়াম কোয়ালিটি",45
prod_03759,রূপচাঁদা দই (২৫০ গ্রাম),দুগ্ধজাত,"তাজা গরুর দই, ২৫০ গ্রাম, রূপচাঁদা ব্র্যান্ড, প্রিমিয়াম কোয়ালিটি",33
prod_03760,ইগলু কাঠবাদাম (৫ কেজি),বাদাম ও শুকনো ফল,"কাঠবাদাম, ৫ কেজি, ইগলু ব্র্যান্ড, প্রিমিয়াম কোয়ালিটি",1997
prod_03761,ফ্রেশ প্রোটিন পাউডার (২৫০ গ্রাম),স্বাস্থ্য খাদ্য,"হোয়ে প্রোটিন, ২৫০ গ্রাম, ফ্রেশ ব্র্যান্ড, প্রিমিয়াম কোয়ালিটি",393
prod_03762,বসুন্ধরা মাস্টার্ড সস (২৫০ মিলি),স্টক ও সস,"মাস্টার্ড সস, ২৫০ মিলি, বসুন্ধরা ব্র্যান্ড, প্রিমিয়াম কোয়ালিটি",61
prod_03763,মেঘনা কফি বিন (২৫০ মিলি),পানীয়,"ভাজা কফি বিন, ২৫০ মিলি, মেঘনা ব্র্যান্ড, প্রিমিয়াম কোয়ালিটি",134
prod_03764,স্কয়ার গুঁড়া চিনি (৫০০ গ্রাম),মিষ্টি ও ডেজার্ট,"সাদা গুঁড়া চিনি, ৫০০ গ্রাম, স্কয়ার ব্র্যান্ড, প্রিমিয়াম কোয়ালিটি",95
prod_03765,আফতাব ফল জুস (২৫০ মিলি),পানীয়,"মিশ্র ফল জুস, ২৫০ মিলি, আফতাব ব্র্যান্ড, প্রিমিয়াম কোয়ালিটি",74
prod_03766,ড্যানিশ নুডুলস (২৫০ গ্রাম),তাৎক্ষণিক খাদ্য,"ডিম নুডুলস, ২৫০ গ্রাম, ড্যানিশ ব্র্যান্ড, প্রিমিয়াম কোয়ালিটি",33
prod_03767,কাজী ফার্মস সেমাই (২৫০ গ্রাম),তাৎক্ষণিক খাদ্য,"পাতলা সেমাই, ২৫০ গ্রাম, কাজী ফার্মস ব্র্যান্ড, প্রিমিয়াম কোয়ালিটি",39
prod_03768,তীর গম (৫ কেজি),খাদ্যশস্য,"সাদা গম, উচ্চমানের, ৫ কেজি, তীর ব্র্যান্ড, প্রিমিয়াম কোয়ালিটি",1444
prod_03769,বসুন্ধরা গুড় (২ কেজি),মিষ্টি ও ডেজার্ট,"খাঁটি গুড়, ২ কেজি, বসুন্ধরা ব্র্যান্ড, প্রিমিয়াম কোয়ালিটি",343
prod_03770,ACI পাঁচফোড়ন (৫০০ গ্রাম),মশলা,"পাঁচফোড়ন মিশ্রণ, ৫০০ গ্রাম, ACI ব্র্যান্ড, প্রিমিয়াম কোয়ালিটি",63
prod_03771,প্রাণ নারকেল তেল (২ লিটার),রান্নার তেল,"খাঁটি নারকেল তেল, ২ লিটার, প্রাণ ব্র্যান্ড, প্রিমিয়াম কোয়ালিটি",556
prod_03772,আরকু মাখন (২ কেজি),দুগ্ধজাত,"খাঁটি মাখন, ২ কেজি, আরকু ব্র্যান্ড, প্রিমিয়াম কোয়ালিটি",1081
prod_03773,সুরভি কর্নফ্লাওয়ার (১ লিটার),রান্নার উপাদান,"কর্নফ্লাওয়ার, ১ লিটার, সুরভি ব্র্যান্ড, প্রিমিয়াম কোয়ালিটি",125
prod_03774,সুরভি দারুচিনি (১ কেজি),মশলা,"দারুচিনির ছাল, ১ কেজি, সুরভি ব্র্যান্ড, প্রিমিয়াম কোয়ালিটি",189
prod_03775,পূর্ণ আঙুর (৫ কেজি),ফল,"সবুজ আঙুর, ৫ কেজি, পূর্ণ ব্র্যান্ড, প্রিমিয়াম কোয়ালিটি",2153
prod_03776,ফ্রেশ পেয়ারা (৫০০ গ্রাম),ফল,"তাজা পেয়ারা, ৫০০ গ্রাম, ফ্রেশ ব্র্যান্ড, প্রিমিয়াম কোয়ালিটি",70
prod_03777,ইগলু কাঠবাদাম (১ কেজি),বাদাম ও শুকনো ফল,"কাঠবাদাম, ১ কেজি, ইগলু ব্র্যান্ড, প্রিমিয়াম কোয়ালিটি",499
prod_03778,ইস্পাহানি ভ্যাজিটেবল স্টক (২ লিটার),স্টক ও সস,"শাকসবজির স্টক, ২ লিটার, ইস্পাহানি ব্র্যান্ড, প্রিমিয়াম কোয়ালিটি",654
prod_03779,পূর্ণ ব্রোকলি (৫০০ গ্রাম),শাকসবজি,"সবুজ ব্রোকলি, ৫০০ গ্রাম, পূর্ণ ব্র্যান্ড, প্রিমিয়াম কোয়ালিটি",97
prod_03780,অর্গানিক ফার্ম লিচু (২ কেজি),ফল,"তাজা লিচু, ২ কেজি, অর্গানিক ফার্ম ব্র্যান্ড, প্রিমিয়াম কোয়ালিটি",675
prod_03781,বসুন্ধরা আটা (৫ কেজি),খাদ্যশস্য,"গম আটা, উচ্চমানের, ৫ কেজি, বসুন্ধরা ব্র্যান্ড, প্রিমিয়াম কোয়ালিটি",377
prod_03782,কাজী ফার্মস চিকেন স্টক (১ লিটার),স্টক ও সস,"মুরগির স্টক, ১ লিটার, কাজী ফার্মস ব্র্যান্ড, প্রিমিয়াম কোয়ালিটি",367
prod_03783,পূর্ণ বিস্কুট (২ কেজি),তাৎক্ষণিক খাদ্য,"ক্রিম বিস্কুট, ২ কেজি, পূর্ণ ব্র্যান্ড, প্রিমিয়াম কোয়ালিটি",93
prod_03784,বসুন্ধরা চা পাতি (২ লিটার),পানীয়,"সিলেটের চা পাতি, ২ লিটার, বসুন্ধরা ব্র্যান্ড, প্রিমিয়াম কোয়ালিটি",683
prod_03785,ACI নুডুলস (২ কেজি),তাৎক্ষণিক খাদ্য,"ডিম নুডুলস, ২ কেজি, ACI ব্র্যান্ড, প্রিমিয়াম কোয়ালিটি",186
prod_03786,ফ্রেশ জিরা (৫ কেজি),মশলা,"জিরা বীজ, ৫ কেজি, ফ্রেশ ব্র্যান্ড, প্রিমিয়াম কোয়ালিটি",619
prod_03787,কাজী ফার্মস তেলাপিয়া (২৫০ গ্রাম),প্রোটিন,"তাজা তেলাপিয়া মাছ, ২৫০ গ্রাম, কাজী ফার্মস ব্র্যান্ড, প্রিমিয়াম কোয়ালিটি",141
prod_03788,পূর্ণ মুড়ি (২৫০ গ্রাম),খাদ্যশস্য,"ফোলানো মুড়ি, ২৫০ গ্রাম, পূর্ণ ব্র্যান্ড, প্রিমিয়াম কোয়ালিটি",21
prod_03789,কাজী ফার্মস চিপস (২৫০ গ্রাম),তাৎক্ষণিক খাদ্য,"আলুর চিপস, ২৫০ গ্রাম, কাজী ফার্মস ব্র্যান্ড, প্রিমিয়াম কোয়ালিটি",20
prod_03790,কাজী ফার্মস দুধ (৫০০ গ্রাম),দুগ্ধজাত,"তাজা গরুর দুধ, ৫০০ গ্রাম, কাজী ফার্মস ব্র্যান্ড, প্রিমিয়াম কোয়ালিটি",91
prod_03791,ACI টমেটো সস (৫০০ মিলি),রান্নার উপাদান,"টমেটো কেচাপ, ৫০০ মিলি, ACI ব্র্যান্ড, প্রিমিয়াম কোয়ালিটি",89
prod_03792,ম্যারিকো বিস্কুট (৫ কেজি),তাৎক্ষণিক খাদ্য,"ক্রিম বিস্কুট, ৫ কেজি, ম্যারিকো ব্র্যান্ড, প্রিমিয়াম কোয়ালিটি",240
prod_03793,প্রাণ চাল (৫ কেজি),খাদ্যশস্য,"সাদা চাল, স্থানীয় উৎপাদিত, ৫ কেজি, প্রাণ ব্র্যান্ড, প্রিমিয়াম কোয়ালিটি",297
prod_03794,আরকু বেকিং পাউডার (৫০০ মিলি),রান্নার উপাদান,"বেকিং পাউডার, ৫০০ মিলি, আরকু ব্র্যান্ড, প্রিমিয়াম কোয়ালিটি",46
prod_03795,সুরভি গম (২৫০ গ্রাম),খাদ্যশস্য,"সাদা গম, উচ্চমানের, ২৫০ গ্রাম, সুরভি ব্র্যান্ড, প্রিমিয়াম কোয়ালিটি",93
prod_03796,পূর্ণ ফুলকপি (৫০০ গ্রাম),শাকসবজি,"সাদা ফুলকপি, ৫০০ গ্রাম, পূর্ণ ব্র্যান্ড, প্রিমিয়াম কোয়ালিটি",54
prod_03797,রাধুনী কফি বিন (২৫০ মিলি),পানীয়,"ভাজা কফি বিন, ২৫০ মিলি, রাধুনী ব্র্যান্ড, প্রিমিয়াম কোয়ালিটি",125
prod_03798,প্রাণ চিকেন স্টক (৫ লিটার),স্টক ও সস,"মুরগির স্টক, ৫ লিটার, প্রাণ ব্র্যান্ড, প্রিমিয়াম কোয়ালিটি",1588
prod_03799,মিল্কভিটা রুই মাছ (২ কেজি),প্রোটিন,"তাজা রুই মাছ, ২ কেজি, মিল্কভিটা ব্র্যান্ড, প্রিমিয়াম কোয়ালিটি",1017
prod_03800,ড্যানিশ আখরোট (৫ কেজি),বাদাম ও শুকনো ফল,"আখরোট, ৫ কেজি, ড্যানিশ ব্র্যান্ড, প্রিমিয়াম কোয়ালিটি",2816
prod_03801,ইগলু খেজুর (৫০০ গ্রাম),বাদাম ও শুকনো ফল,"মধ্যপূর্বীয় খেজুর, ৫০০ গ্রাম, ইগলু ব্র্যান্ড, প্রিমিয়াম কোয়ালিটি",246
prod_03802,ACI তরমুজ (২ কেজি),ফল,"তাজা তরমুজ, ২ কেজি, ACI ব্র্যান্ড, প্রিমিয়াম কোয়ালিটি",168
prod_03803,রূপচাঁদা ওয়েস্টার সস (১ লিটার),স্টক ও সস,"ওয়েস্টার সস, ১ লিটার, রূপচাঁদা ব্র্যান্ড, প্রিমিয়াম কোয়ালিটি",323
prod_03804,প্রাণ গুলাব জামুন (২ কেজি),মিষ্টি ও ডেজার্ট,"খাঁটি গুলাব জামুন, ২ কেজি, প্রাণ ব্র্যান্ড, প্রিমিয়াম কোয়ালিটি",615
prod_03805,ইগলু আদার আচার (৫০০ গ্রাম),সংরক্ষণ ও চাটনি,"আদার আচার, ৫০০ গ্রাম, ইগলু ব্র্যান্ড, প্রিমিয়াম কোয়ালিটি",86
prod_03806,সুরভি ভুট্টা (২ কেজি),খাদ্যশস্য,"হলুদ ভুট্টা, ২ কেজি, সুরভি ব্র্যান্ড, প্রিমিয়াম কোয়ালিটি",199
prod_03807,ACI ডাটা শাক (১ কেজি),শাকসবজি,"তাজা ডাটা শাক, ১ কেজি, ACI ব্র্যান্ড, প্রিমিয়াম কোয়ালিটি",40
prod_03808,কাজী ফার্মস সরিষার তেল (৫০০ মিলি),রান্নার তেল,"ঐতিহ্যবাহী সরিষার তেল, ৫০০ মিলি, কাজী ফার্মস ব্র্যান্ড, প্রিমিয়াম কোয়ালিটি",136
prod_03809,সুরভি পেঁপে (২৫০ গ্রাম),ফল,"পাকা পেঁপে, ২৫০ গ্রাম, সুরভি ব্র্যান্ড, প্রিমিয়াম কোয়ালিটি",26
prod_03810,মিল্কভিটা জাম (৫০০ গ্রাম),ফল,"কালো জাম, ৫০০ গ্রাম, মিল্কভিটা ব্র্যান্ড, প্রিমিয়াম কোয়ালিটি",130
prod_03811,ড্যানিশ পেয়ারা (১ কেজি),ফল,"তাজা পেয়ারা, ১ কেজি, ড্যানিশ ব্র্যান্ড, প্রিমিয়াম কোয়ালিটি",154
prod_03812,স্কয়ার মুরগি (৫ কেজি),প্রোটিন,"তাজা মুরগির মাংস, ৫ কেজি, স্কয়ার ব্র্যান্ড, প্রিমিয়াম কোয়ালিটি",3088
prod_03813,ম্যারিকো আটা (৫ কেজি),খাদ্যশস্য,"গম আটা, উচ্চমানের, ৫ কেজি, ম্যারিকো ব্র্যান্ড, প্রিমিয়াম কোয়ালিটি",448
prod_03814,সুরভি আনারস (১ কেজি),ফল,"তাজা আনারস, ১ কেজি, সুরভি ব্র্যান্ড, প্রিমিয়াম কোয়ালিটি",177
prod_03815,কাজী ফার্মস জাম (২৫০ গ্রাম),ফল,"কালো জাম, ২৫০ গ্রাম, কাজী ফার্মস ব্র্যান্ড, প্রিমিয়াম কোয়ালিটি",84
prod_03816,পূর্ণ ভ্যাজিটেবল স্টক (৫০০ মিলি),স্টক ও সস,"শাকসবজির স্টক, ৫০০ মিলি, পূর্ণ ব্র্যান্ড, প্রিমিয়াম কোয়ালিটি",193
prod_03817,ইস্পাহানি কালো জিরা (৫০০ গ্রাম),মশলা,"খাঁটি কালো জিরা, ৫০০ গ্রাম, ইস্পাহানি ব্র্যান্ড, প্রিমিয়াম কোয়ালিটি",44
prod_03818,ড্যানিশ পেঁয়াজ (২ কেজি),শাকসবজি,"তাজা পেঁয়াজ, ২ কেজি, ড্যানিশ ব্র্যান্ড, প্রিমিয়াম কোয়ালিটি",144
prod_03819,কাজী ফার্মস আপেল (২ কেজি),ফল,"ফুজি আপেল, ২ কেজি, কাজী ফার্মস ব্র্যান্ড, প্রিমিয়াম কোয়ালিটি",775
prod_03820,ড্যানিশ কাজু বাদাম (১ কেজি),বাদাম ও শুকনো ফল,"টাটকা কাজু বাদাম, ১ কেজি, ড্যানিশ ব্র্যান্ড, প্রিমিয়াম কোয়ালিটি",537
prod_03821,স্কয়ার লাচ্ছি (৫ লিটার),পানীয়,"ঠান্ডা লাচ্ছি, ৫ লিটার, স্কয়ার ব্র্যান্ড, প্রিমিয়াম কোয়ালিটি",469
prod_03822,ACI মেথি বীজ (৫ কেজি),মশলা,"মেথি বীজ, ৫ কেজি, ACI ব্র্যান্ড, প্রিমিয়াম কোয়ালিটি",395
prod_03823,রূপচাঁদা পেঁয়াজের চাটনি (২ কেজি),সংরক্ষণ ও চাটনি,"পেঁয়াজের চাটনি, ২ কেজি, রূপচাঁদা ব্র্যান্ড, প্রিমিয়াম কোয়ালিটি",219
prod_03824,ইস্পাহানি ম্যাকারনি (৫ কেজি),তাৎক্ষণিক খাদ্য,"ম্যাকারনি, ৫ কেজি, ইস্পাহানি ব্র্যান্ড, প্রিমিয়াম কোয়ালিটি",798
prod_03825,স্কয়ার আম (২ কেজি),ফল,"হিমসাগর আম, ২ কেজি, স্কয়ার ব্র্যান্ড, প্রিমিয়াম কোয়ালিটি",578
prod_03826,প্রাণ কলা (১ কেজি),ফল,"সবুজ কলা, ১ কেজি, প্রাণ ব্র্যান্ড, প্রিমিয়াম কোয়ালিটি",95
prod_03827,কাজী ফার্মস পনির (২ কেজি),দুগ্ধজাত,"ঘৃতি পনির, ২ কেজি, কাজী ফার্মস ব্র্যান্ড, প্রিমিয়াম কোয়ালিটি",546
prod_03828,ইগলু ফেলন (৫ কেজি),দালিল শস্য,"সবুজ ফেলন, ৫ কেজি, ইগলু ব্র্যান্ড, প্রিমিয়াম কোয়ালিটি",807
prod_03829,মেঘনা মিষ্টি আমের চাটনি (২৫০ গ্রাম),সংরক্ষণ ও চাটনি,"মিষ্টি আমের চাটনি, ২৫০ গ্রাম, মেঘনা ব্র্যান্ড, প্রিমিয়াম কোয়ালিটি",56
prod_03830,ড্যানিশ আখের রস (৫ লিটার),পানীয়,"তাজা আখের রস, ৫ লিটার, ড্যানিশ ব্র্যান্ড, প্রিমিয়াম কোয়ালিটি",1122
prod_03831,বসুন্ধরা তেঁতুলের চাটনি (৫ কেজি),সংরক্ষণ ও চাটনি,"তেঁতুলের চাটনি, ৫ কেজি, বসুন্ধরা ব্র্যান্ড, প্রিমিয়াম কোয়ালিটি",531
prod_03832,মিল্কভিটা পনির (৫০০ গ্রাম),দুগ্ধজাত,"ঘৃতি পনির, ৫০০ গ্রাম, মিল্কভিটা ব্র্যান্ড, প্রিমিয়াম কোয়ালিটি",158
prod_03833,ইস্পাহানি ছানা (১ কেজি),দুগ্ধজাত,"তাজা ছানা, ১ কেজি, ইস্পাহানি ব্র্যান্ড, প্রিমিয়াম কোয়ালিটি",275
prod_03834,আফতাব বোয়াল মাছ (৫ কেজি),প্রোটিন,"তাজা বোয়াল মাছ, ৫ কেজি, আফতাব ব্র্যান্ড, প্রিমিয়াম কোয়ালিটি",3521
prod_03835,মিল্কভিটা রসুন পেস্ট (৫ লিটার),রান্নার উপাদান,"তরল রসুন পেস্ট, ৫ লিটার, মিল্কভিটা ব্র্যান্ড, প্রিমিয়াম কোয়ালিটি",649
prod_03836,ইস্পাহানি কমলা (২৫০ গ্রাম),ফল,"নাগপুরি কমলা, ২৫০ গ্রাম, ইস্পাহানি ব্র্যান্ড, প্রিমিয়াম কোয়ালিটি",97
prod_03837,অর্গানিক ফার্ম পনির (৫০০ গ্রাম),দুগ্ধজাত,"ঘৃতি পনির, ৫০০ গ্রাম, অর্গানিক ফার্ম ব্র্যান্ড, প্রিমিয়াম কোয়ালিটি",160
prod_03838,স্কয়ার আম (২৫০ গ্রাম),ফল,"হিমসাগর আম, ২৫০ গ্রাম, স্কয়ার ব্র্যান্ড, প্রিমিয়াম কোয়ালিটি",111
prod_03839,আফতাব ছোলা (২ কেজি),দালিল শস্য,"ছোট ছোলা, ২ কেজি, আফতাব ব্র্যান্ড, প্রিমিয়াম কোয়ালিটি",344
prod_03840,ACI আনারস (৫ কেজি),ফল,"তাজা আনারস, ৫ কেজি, ACI ব্র্যান্ড, প্রিমিয়াম কোয়ালিটি",808
prod_03841,পূর্ণ জিলাপি (২ কেজি),মিষ্টি ও ডেজার্ট,"তাজা জিলাপি, ২ কেজি, পূর্ণ ব্র্যান্ড, প্রিমিয়াম কোয়ালিটি",346
prod_03842,ACI আনারস (৫ কেজি),ফল,"তাজা আনারস, ৫ কেজি, ACI ব্র্যান্ড, প্রিমিয়াম কোয়ালিটি",708
prod_03843,ইস্পাহানি নারকেল তেল (১ লিটার),রান্নার তেল,"খাঁটি নারকেল তেল, ১ লিটার, ইস্পাহানি ব্র্যান্ড, প্রিমিয়াম কোয়ালিটি",382
prod_03844,রূপচাঁদা মাস্টার্ড সস (১ লিটার),স্টক ও সস,"মাস্টার্ড সস, ১ লিটার, রূপচাঁদা ব্র্যান্ড, প্রিমিয়াম কোয়ালিটি",209
prod_03845,ইস্পাহানি হট সস (২৫০ মিলি),স্টক ও সস,"হট চিলি সস, ২৫০ মিলি, ইস্পাহানি ব্র্যান্ড, প্রিমিয়াম কোয়ালিটি",55
prod_03846,ড্যানিশ গ্রানোলা (৫০০ গ্রাম),স্বাস্থ্য খাদ্য,"মিক্সড গ্রানোলা, ৫০০ গ্রাম, ড্যানিশ ব্র্যান্ড, প্রিমিয়াম কোয়ালিটি",289
prod_03847,মেঘনা দুধের পাউডার (৫০০ গ্রাম),দুগ্ধজাত,"সম্পূর্ণ দুধের পাউডার, ৫০০ গ্রাম, মেঘনা ব্র্যান্ড, প্রিমিয়াম কোয়ালিটি",316
prod_03848,ইগলু গম (১ কেজি),খাদ্যশস্য,"সাদা গম, উচ্চমানের, ১ কেজি, ইগলু ব্র্যান্ড, প্রিমিয়াম কোয়ালিটি",362
prod_03849,ACI ময়দা (১ কেজি),খাদ্যশস্য,"সাদা ময়দা, ১ কেজি, ACI ব্র্যান্ড, প্রিমিয়াম কোয়ালিটি",79
prod_03850,আফতাব পেঁয়াজের চাটনি (২৫০ গ্রাম),সংরক্ষণ ও চাটনি,"পেঁয়াজের চাটনি, ২৫০ গ্রাম, আফতাব ব্র্যান্ড, প্রিমিয়াম কোয়ালিটি",38
prod_03851,রূপচাঁদা খেসারি ডাল (২ কেজি),দালিল শস্য,"খেসারি ডাল, ২ কেজি, রূপচাঁদা ব্র্যান্ড, প্রিমিয়াম কোয়ালিটি",276
prod_03852,আরকু আখের রস (৫ লিটার),পানীয়,"তাজা আখের রস, ৫ লিটার, আরকু ব্র্যান্ড, প্রিমিয়াম কোয়ালিটি",1151
prod_03853,ইগলু পেঁপে (২ কেজি),ফল,"পাকা পেঁপে, ২ কেজি, ইগলু ব্র্যান্ড, প্রিমিয়াম কোয়ালিটি",173
prod_03854,মেঘনা পেঁয়াজ (২৫০ গ্রাম),শাকসবজি,"তাজা পেঁয়াজ, ২৫০ গ্রাম, মেঘনা ব্র্যান্ড, প্রিমিয়াম কোয়ালিটি",25
prod_03855,ইস্পাহানি শোল মাছ (৫০০ গ্রাম),প্রোটিন,"তাজা শোল মাছ, ৫০০ গ্রাম, ইস্পাহানি ব্র্যান্ড, প্রিমিয়াম কোয়ালিটি",437
prod_03856,ইগলু পেঁয়াজ (২৫০ গ্রাম),শাকসবজি,"তাজা পেঁয়াজ, ২৫০ গ্রাম, ইগলু ব্র্যান্ড, প্রিমিয়াম কোয়ালিটি",23
prod_03857,অর্গানিক ফার্ম গ্রিন টি (২৫০ মিলি),পানীয়,"গ্রিন টি ব্যাগ, ২৫০ মিলি, অর্গানিক ফার্ম ব্র্যান্ড, প্রিমিয়াম কোয়ালিটি",85
prod_03858,মিল্কভিটা ম্যাকারনি (১ কেজি),তাৎক্ষণিক খাদ্য,"ম্যাকারনি, ১ কেজি, মিল্কভিটা ব্র্যান্ড, প্রিমিয়াম কোয়ালিটি",180
prod_03859,আরকু আদা পেস্ট (২৫০ মিলি),রান্নার উপাদান,"তাজা আদা পেস্ট, ২৫০ মিলি, আরকু ব্র্যান্ড, প্রিমিয়াম কোয়ালিটি",38
prod_03860,বসুন্ধরা শোল মাছ (২৫০ গ্রাম),প্রোটিন,"তাজা শোল মাছ, ২৫০ গ্রাম, বসুন্ধরা ব্র্যান্ড, প্রিমিয়াম কোয়ালিটি",225
prod_03861,অর্গানিক ফার্ম খেসারি ডাল (৫০০ গ্রাম),দালিল শস্য,"খেসারি ডাল, ৫০০ গ্রাম, অর্গানিক ফার্ম ব্র্যান্ড, প্রিমিয়াম কোয়ালিটি",105
prod_03862,প্রাণ মাংস স্টক (১ লিটার),স্টক ও সস,"গরুর মাংসের স্টক, ১ লিটার, প্রাণ ব্র্যান্ড, প্রিমিয়াম কোয়ালিটি",419
prod_03863,স্কয়ার আদার আচার (২ কেজি),সংরক্ষণ ও চাটনি,"আদার আচার, ২ কেজি, স্কয়ার ব্র্যান্ড, প্রিমিয়াম কোয়ালিটি",277
prod_03864,রাধুনী তিলের তেল (২৫০ মিলি),রান্নার তেল,"খাঁটি তিলের তেল, ২৫০ মিলি, রাধুনী ব্র্যান্ড, প্রিমিয়াম কোয়ালিটি",196
prod_03865,ইস্পাহানি লাল মরিচ (১ কেজি),মশলা,"সূক্ষ্ম লাল মরিচ, ১ কেজি, ইস্পাহানি ব্র্যান্ড, প্রিমিয়াম কোয়ালিটি",129
prod_03866,ইস্পাহানি মুড়ি (২৫০ গ্রাম),খাদ্যশস্য,"ফোলানো মুড়ি, ২৫০ গ্রাম, ইস্পাহানি ব্র্যান্ড, প্রিমিয়াম কোয়ালিটি",18
prod_03867,রাধুনী কাসুন্দি (৫০০ গ্রাম),সংরক্ষণ ও চাটনি,"বাঙালি কাসুন্দি, ৫০০ গ্রাম, রাধুনী ব্র্যান্ড, প্রিমিয়াম কোয়ালিটি",89
prod_03868,ACI মাখন (২৫০ গ্রাম),দুগ্ধজাত,"খাঁটি মাখন, ২৫০ গ্রাম, ACI ব্র্যান্ড, প্রিমিয়াম কোয়ালিটি",154
prod_03869,বসুন্ধরা পেস্তাবাদাম (৫০০ গ্রাম),বাদাম ও শুকনো ফল,"ইরানি পেস্তাবাদাম, ৫০০ গ্রাম, বসুন্ধরা ব্র্যান্ড, প্রিমিয়াম কোয়ালিটি",326
prod_03870,ম্যারিকো ফিশ সস (১ লিটার),স্টক ও সস,"মাছের সস, ১ লিটার, ম্যারিকো ব্র্যান্ড, প্রিমিয়াম কোয়ালিটি",260
prod_03871,বসুন্ধরা দারুচিনি (২ কেজি),মশলা,"দারুচিনির ছাল, ২ কেজি, বসুন্ধরা ব্র্যান্ড, প্রিমিয়াম কোয়ালিটি",297
prod_03872,মিল্কভিটা আনারস (১ কেজি),ফল,"তাজা আনারস, ১ কেজি, মিল্কভিটা ব্র্যান্ড, প্রিমিয়াম কোয়ালিটি",171
prod_03873,আরকু চিয়া সিড (৫ কেজি),স্বাস্থ্য খাদ্য,"চিয়া সিড, ৫ কেজি, আরকু ব্র্যান্ড, প্রিমিয়াম কোয়ালিটি",2172
prod_03874,মেঘনা দুধের পাউডার (১ কেজি),দুগ্ধজাত,"সম্পূর্ণ দুধের পাউডার, ১ কেজি, মেঘনা ব্র্যান্ড, প্রিমিয়াম কোয়ালিটি",459
prod_03875,আফতাব কফি বিন (৫০০ মিলি),পানীয়,"ভাজা কফি বিন, ৫০০ মিলি, আফতাব ব্র্যান্ড, প্রিমিয়াম কোয়ালিটি",231
prod_03876,আরকু প্রোটিন পাউডার (২৫০ গ্রাম),স্বাস্থ্য খাদ্য,"হোয়ে প্রোটিন, ২৫০ গ্রাম, আরকু ব্র্যান্ড, প্রিমিয়াম কোয়ালিটি",402
prod_03877,তীর পাঁচফোড়ন (২ কেজি),মশলা,"পাঁচফোড়ন মিশ্রণ, ২ কেজি, তীর ব্র্যান্ড, প্রিমিয়াম কোয়ালিটি",229
prod_03878,মিল্কভিটা তেঁতুলের চাটনি (২৫০ গ্রাম),সংরক্ষণ ও চাটনি,"তেঁতুলের চাটনি, ২৫০ গ্রাম, মিল্কভিটা ব্র্যান্ড, প্রিমিয়াম কোয়ালিটি",33
prod_03879,মেঘনা ডাটা শাক (২৫০ গ্রাম),শাকসবজি,"তাজা ডাটা শাক, ২৫০ গ্রাম, মেঘনা ব্র্যান্ড, প্রিমিয়াম কোয়ালিটি",11
prod_03880,স্কয়ার আনারস (২৫০ গ্রাম),ফল,"তাজা আনারস, ২৫০ গ্রাম, স্কয়ার ব্র্যান্ড, প্রিমিয়াম কোয়ালিটি",45
prod_03881,ইস্পাহানি পেঁয়াজের চাটনি (২ কেজি),সংরক্ষণ ও চাটনি,"পেঁয়াজের চাটনি, ২ কেজি, ইস্পাহানি ব্র্যান্ড, প্রিমিয়াম কোয়ালিটি",243
prod_03882,অর্গানিক ফার্ম বেসন (২ কেজি),খাদ্যশস্য,"ছোলার বেসন, ২ কেজি, অর্গানিক ফার্ম ব্র্যান্ড, প্রিমিয়াম কোয়ালিটি",296
prod_03883,রূপচাঁদা মেয়োনেজ (৫০০ মিলি),স্টক ও সস,"ক্রিমি মেয়োনেজ, ৫০০ মিলি, রূপচাঁদা ব্র্যান্ড, প্রিমিয়াম কোয়ালিটি",111
prod_03884,রূপচাঁদা টমেটোর চাটনি (২ কেজি),সংরক্ষণ ও চাটনি,"টমেটোর চাটনি, ২ কেজি, রূপচাঁদা ব্র্যান্ড, প্রিমিয়াম কোয়ালিটি",240
prod_03885,ফ্রেশ জিলাপি (২ কেজি),মিষ্টি ও ডেজার্ট,"তাজা জিলাপি, ২ কেজি, ফ্রেশ ব্র্যান্ড, প্রিমিয়াম কোয়ালিটি",312
prod_03886,পূর্ণ শরবত (৫ লিটার),পানীয়,"রুহ আফজা শরবত, ৫ লিটার, পূর্ণ ব্র্যান্ড, প্রিমিয়াম কোয়ালিটি",721
prod_03887,অর্গানিক ফার্ম দারুচিনি (৫ কেজি),মশলা,"দারুচিনির ছাল, ৫ কেজি, অর্গানিক ফার্ম ব্র্যান্ড, প্রিমিয়াম কোয়ালিটি",682
prod_03888,স্কয়ার ইলিশ মাছ (২৫০ গ্রাম),প্রোটিন,"বিখ্যাত ইলিশ মাছ, ২৫০ গ্রাম, স্কয়ার ব্র্যান্ড, প্রিমিয়াম কোয়ালিটি",399
prod_03889,মেঘনা পেস্তাবাদাম (২ কেজি),বাদাম ও শুকনো ফল,"ইরানি পেস্তাবাদাম, ২ কেজি, মেঘনা ব্র্যান্ড, প্রিমিয়াম কোয়ালিটি",992
prod_03890,তীর ওটস (৫০০ গ্রাম),স্বাস্থ্য খাদ্য,"রোলড ওটস, ৫০০ গ্রাম, তীর ব্র্যান্ড, প্রিমিয়াম কোয়ালিটি",200
prod_03891,রাধুনী খেজুর (৫০০ গ্রাম),বাদাম ও শুকনো ফল,"মধ্যপূর্বীয় খেজুর, ৫০০ গ্রাম, রাধুনী ব্র্যান্ড, প্রিমিয়াম কোয়ালিটি",257
prod_03892,রাধুনী দুধের পাউডার (৫০০ গ্রাম),দুগ্ধজাত,"সম্পূর্ণ দুধের পাউডার, ৫০০ গ্রাম, রাধুনী ব্র্যান্ড, প্রিমিয়াম কোয়ালিটি",250
prod_03893,রূপচাঁদা আম আচার (৫০০ গ্রাম),সংরক্ষণ ও চাটনি,"তাজা আম আচার, ৫০০ গ্রাম, রূপচাঁদা ব্র্যান্ড, প্রিমিয়াম কোয়ালিটি",85
prod_03894,পূর্ণ জাম (৫০০ গ্রাম),ফল,"কালো জাম, ৫০০ গ্রাম, পূর্ণ ব্র্যান্ড, প্রিমিয়াম কোয়ালিটি",168
prod_03895,সুরভি বেকিং পাউডার (২৫০ মিলি),রান্নার উপাদান,"বেকিং পাউডার, ২৫০ মিলি, সুরভি ব্র্যান্ড, প্রিমিয়াম কোয়ালিটি",24
prod_03896,পূর্ণ ম্যাকারনি (১ কেজি),তাৎক্ষণিক খাদ্য,"ম্যাকারনি, ১ কেজি, পূর্ণ ব্র্যান্ড, প্রিমিয়াম কোয়ালিটি",201
prod_03897,কাজী ফার্মস মেয়োনেজ (২৫০ মিলি),স্টক ও সস,"ক্রিমি মেয়োনেজ, ২৫০ মিলি, কাজী ফার্মস ব্র্যান্ড, প্রিমিয়াম কোয়ালিটি",57
prod_03898,অর্গানিক ফার্ম গম (৫০০ গ্রাম),খাদ্যশস্য,"সাদা গম, উচ্চমানের, ৫০০ গ্রাম, অর্গানিক ফার্ম ব্র্যান্ড, প্রিমিয়াম কোয়ালিটি",216
prod_03899,স্কয়ার টমেটোর চাটনি (৫ কেজি),সংরক্ষণ ও চাটনি,"টমেটোর চাটনি, ৫ কেজি, স্কয়ার ব্র্যান্ড, প্রিমিয়াম কোয়ালিটি",658
prod_03900,সুরভি সয়া সস (৫০০ মিলি),রান্নার উপাদান,"প্রামাণিক সয়া সস, ৫০০ মিলি, সুরভি ব্র্যান্ড, প্রিমিয়াম কোয়ালিটি",139
prod_03901,ACI অড়হর ডাল (২ কেজি),দালিল শস্য,"অড়হর ডাল, ২ কেজি, ACI ব্র্যান্ড, প্রিমিয়াম কোয়ালিটি",393
prod_03902,ড্যানিশ নারকেল দুধ (৫০০ মিলি),রান্নার উপাদান,"গাঢ় নারকেল দুধ, ৫০০ মিলি, ড্যানিশ ব্র্যান্ড, প্রিমিয়াম কোয়ালিটি",102
prod_03903,আরকু বেকিং পাউডার (১ লিটার),রান্নার উপাদান,"বেকিং পাউডার, ১ লিটার, আরকু ব্র্যান্ড, প্রিমিয়াম কোয়ালিটি",102
prod_03904,ইস্পাহানি মাংস স্টক (২ লিটার),স্টক ও সস,"গরুর মাংসের স্টক, ২ লিটার, ইস্পাহানি ব্র্যান্ড, প্রিমিয়াম কোয়ালিটি",843
prod_03905,রাধুনী ঝিঙ্গা (১ কেজি),শাকসবজি,"সবুজ ঝিঙ্গা, ১ কেজি, রাধুনী ব্র্যান্ড, প্রিমিয়াম কোয়ালিটি",76
prod_03906,পূর্ণ ডাটা শাক (২৫০ গ্রাম),শাকসবজি,"তাজা ডাটা শাক, ২৫০ গ্রাম, পূর্ণ ব্র্যান্ড, প্রিমিয়াম কোয়ালিটি",11
prod_03907,আফতাব তেলাপিয়া (২ কেজি),প্রোটিন,"তাজা তেলাপিয়া মাছ, ২ কেজি, আফতাব ব্র্যান্ড, প্রিমিয়াম কোয়ালিটি",844
prod_03908,পূর্ণ বেসন (২ কেজি),খাদ্যশস্য,"ছোলার বেসন, ২ কেজি, পূর্ণ ব্র্যান্ড, প্রিমিয়াম কোয়ালিটি",311
prod_03909,বসুন্ধরা কাঠবাদাম (২৫০ গ্রাম),বাদাম ও শুকনো ফল,"কাঠবাদাম, ২৫০ গ্রাম, বসুন্ধরা ব্র্যান্ড, প্রিমিয়াম কোয়ালিটি",154
prod_03910,রূপচাঁদা গ্রানোলা (১ কেজি),স্বাস্থ্য খাদ্য,"মিক্সড গ্রানোলা, ১ কেজি, রূপচাঁদা ব্র্যান্ড, প্রিমিয়াম কোয়ালিটি",556
prod_03911,ইস্পাহানি আদার আচার (২ কেজি),সংরক্ষণ ও চাটনি,"আদার আচার, ২ কেজি, ইস্পাহানি ব্র্যান্ড, প্রিমিয়াম কোয়ালিটি",274
prod_03912,তীর সয়া সস (২৫০ মিলি),রান্নার উপাদান,"প্রামাণিক সয়া সস, ২৫০ মিলি, তীর ব্র্যান্ড, প্রিমিয়াম কোয়ালিটি",66
prod_03913,আফতাব গ্রিন টি (৫ লিটার),পানীয়,"গ্রিন টি ব্যাগ, ৫ লিটার, আফতাব ব্র্যান্ড, প্রিমিয়াম কোয়ালিটি",1346
prod_03914,আরকু পিনাট বাটার (২ কেজি),স্বাস্থ্য খাদ্য,"পিনাট বাটার, ২ কেজি, আরকু ব্র্যান্ড, প্রিমিয়াম কোয়ালিটি",956
prod_03915,ইগলু করলা (১ কেজি),শাকসবজি,"তাজা করলা, ১ কেজি, ইগলু ব্র্যান্ড, প্রিমিয়াম কোয়ালিটি",85
prod_03916,ড্যানিশ পেঁয়াজের চাটনি (১ কেজি),সংরক্ষণ ও চাটনি,"পেঁয়াজের চাটনি, ১ কেজি, ড্যানিশ ব্র্যান্ড, প্রিমিয়াম কোয়ালিটি",142
prod_03917,বসুন্ধরা জোয়ার (৫০০ গ্রাম),খাদ্যশস্য,"জোয়ারের আটা, ৫০০ গ্রাম, বসুন্ধরা ব্র্যান্ড, প্রিমিয়াম কোয়ালিটি",70
prod_03918,ইগলু চিকেন স্টক (১ লিটার),স্টক ও সস,"মুরগির স্টক, ১ লিটার, ইগলু ব্র্যান্ড, প্রিমিয়াম কোয়ালিটি",371
prod_03919,ফ্রেশ ফেলন (১ কেজি),দালিল শস্য,"সবুজ ফেলন, ১ কেজি, ফ্রেশ ব্র্যান্ড, প্রিমিয়াম কোয়ালিটি",231
prod_03920,ইস্পাহানি টমেটো সস (২৫০ মিলি),রান্নার উপাদান,"টমেটো কেচাপ, ২৫০ মিলি, ইস্পাহানি ব্র্যান্ড, প্রিমিয়াম কোয়ালিটি",40
prod_03921,তীর শোল মাছ (২ কেজি),প্রোটিন,"তাজা শোল মাছ, ২ কেজি, তীর ব্র্যান্ড, প্রিমিয়াম কোয়ালিটি",1566
prod_03922,ইগলু নারকেল জল (৫ লিটার),পানীয়,"তাজা নারকেল জল, ৫ লিটার, ইগলু ব্র্যান্ড, প্রিমিয়াম কোয়ালিটি",646
prod_03923,রাধুনী ওটস (১ কেজি),স্বাস্থ্য খাদ্য,"রোলড ওটস, ১ কেজি, রাধুনী ব্র্যান্ড, প্রিমিয়াম কোয়ালিটি",311
prod_03924,ফ্রেশ তেলাপিয়া (২ কেজি),প্রোটিন,"তাজা তেলাপিয়া মাছ, ২ কেজি, ফ্রেশ ব্র্যান্ড, প্রিমিয়াম কোয়ালিটি",803
prod_03925,ACI সানফ্লাওয়ার তেল (২ লিটার),রান্নার তেল,"সানফ্লাওয়ার তেল, ২ লিটার, ACI ব্র্যান্ড, প্রিমিয়াম কোয়ালিটি",931
prod_03926,রাধুনী এলাচ (২ কেজি),মশলা,"সবুজ এলাচ, ২ কেজি, রাধুনী ব্র্যান্ড, প্রিমিয়াম কোয়ালিটি",401
prod_03927,ACI ছানা (৫ কেজি),দুগ্ধজাত,"তাজা ছানা, ৫ কেজি, ACI ব্র্যান্ড, প্রিমিয়াম কোয়ালিটি",1129
prod_03928,মেঘনা চিনি (৫ কেজি),মিষ্টি ও ডেজার্ট,"সাদা পরিশোধিত চিনি, ৫ কেজি, মেঘনা ব্র্যান্ড, প্রিমিয়াম কোয়ালিটি",595
prod_03929,ইস্পাহানি ওয়েস্টার সস (১ লিটার),স্টক ও সস,"ওয়েস্টার সস, ১ লিটার, ইস্পাহানি ব্র্যান্ড, প্রিমিয়াম কোয়ালিটি",288
prod_03930,পূর্ণ ফেলন (৫০০ গ্রাম),দালিল শস্য,"সবুজ ফেলন, ৫০০ গ্রাম, পূর্ণ ব্র্যান্ড, প্রিমিয়াম কোয়ালিটি",126
prod_03931,ড্যানিশ চা পাতি (৫০০ মিলি),পানীয়,"সিলেটের চা পাতি, ৫০০ মিলি, ড্যানিশ ব্র্যান্ড, প্রিমিয়াম কোয়ালিটি",171
prod_03932,বসুন্ধরা মাংস স্টক (১ লিটার),স্টক ও সস,"গরুর মাংসের স্টক, ১ লিটার, বসুন্ধরা ব্র্যান্ড, প্রিমিয়াম কোয়ালিটি",444
prod_03933,সুরভি পাস্তা (৫০০ গ্রাম),তাৎক্ষণিক খাদ্য,"ইতালিয়ান পাস্তা, ৫০০ গ্রাম, সুরভি ব্র্যান্ড, প্রিমিয়াম কোয়ালিটি",102
prod_03934,রাধুনী সেমাই (৫ কেজি),তাৎক্ষণিক খাদ্য,"পাতলা সেমাই, ৫ কেজি, রাধুনী ব্র্যান্ড, প্রিমিয়াম কোয়ালিটি",491
prod_03935,অর্গানিক ফার্ম পিনাট বাটার (১ কেজি),স্বাস্থ্য খাদ্য,"পিনাট বাটার, ১ কেজি, অর্গানিক ফার্ম ব্র্যান্ড, প্রিমিয়াম কোয়ালিটি",583
prod_03936,প্রাণ জাম (১ কেজি),ফল,"কালো জাম, ১ কেজি, প্রাণ ব্র্যান্ড, প্রিমিয়াম কোয়ালিটি",257
prod_03937,তীর কাসুন্দি (২ কেজি),সংরক্ষণ ও চাটনি,"বাঙালি কাসুন্দি, ২ কেজি, তীর ব্র্যান্ড, প্রিমিয়াম কোয়ালিটি",336
prod_03938,কাজী ফার্মস কমলা (৫০০ গ্রাম),ফল,"নাগপুরি কমলা, ৫০০ গ্রাম, কাজী ফার্মস ব্র্যান্ড, প্রিমিয়াম কোয়ালিটি",189
prod_03939,আরকু লেবুর রস (৫ লিটার),পানীয়,"প্রাকৃতিক লেবুর রস, ৫ লিটার, আরকু ব্র্যান্ড, প্রিমিয়াম কোয়ালিটি",638
prod_03940,মেঘনা জাম (২৫০ গ্রাম),ফল,"কালো জাম, ২৫০ গ্রাম, মেঘনা ব্র্যান্ড, প্রিমিয়াম কোয়ালিটি",68
prod_03941,ACI পেঁয়াজের চাটনি (১ কেজি),সংরক্ষণ ও চাটনি,"পেঁয়াজের চাটনি, ১ কেজি, ACI ব্র্যান্ড, প্রিমিয়াম কোয়ালিটি",133
prod_03942,তীর ওটস (৫ কেজি),স্বাস্থ্য খাদ্য,"রোলড ওটস, ৫ কেজি, তীর ব্র্যান্ড, প্রিমিয়াম কোয়ালিটি",1384
prod_03943,ড্যানিশ তেঁতুলের চাটনি (২৫০ গ্রাম),সংরক্ষণ ও চাটনি,"তেঁতুলের চাটনি, ২৫০ গ্রাম, ড্যানিশ ব্র্যান্ড, প্রিমিয়াম কোয়ালিটি",37
prod_03944,সুরভি নারকেল চিপস (২ কেজি),বাদাম ও শুকনো ফল,"কাটা নারকেল চিপস, ২ কেজি, সুরভি ব্র্যান্ড, প্রিমিয়াম কোয়ালিটি",360
prod_03945,অর্গানিক ফার্ম গরুর মাংস (২৫০ গ্রাম),প্রোটিন,"তাজা গরুর মাংস, ২৫০ গ্রাম, অর্গানিক ফার্ম ব্র্যান্ড, প্রিমিয়াম কোয়ালিটি",307
prod_03946,ফ্রেশ ঘি (৫ কেজি),দুগ্ধজাত,"খাঁটি গাওয়া ঘি, ৫ কেজি, ফ্রেশ ব্র্যান্ড, প্রিমিয়াম কোয়ালিটি",2810
prod_03947,কাজী ফার্মস লবণ (২ কেজি),মশলা,"সমুদ্রের লবণ, ২ কেজি, কাজী ফার্মস ব্র্যান্ড, প্রিমিয়াম কোয়ালিটি",122
prod_03948,অর্গানিক ফার্ম দুধের পাউডার (১ কেজি),দুগ্ধজাত,"সম্পূর্ণ দুধের পাউডার, ১ কেজি, অর্গানিক ফার্ম ব্র্যান্ড, প্রিমিয়াম কোয়ালিটি",476
prod_03949,স্কয়ার আদার আচার (৫ কেজি),সংরক্ষণ ও চাটনি,"আদার আচার, ৫ কেজি, স্কয়ার ব্র্যান্ড, প্রিমিয়াম কোয়ালিটি",644
prod_03950,পূর্ণ টমেটো সস (২ লিটার),রান্নার উপাদান,"টমেটো কেচাপ, ২ লিটার, পূর্ণ ব্র্যান্ড, প্রিমিয়াম কোয়ালিটি",275
prod_03951,ইস্পাহানি নারকেল চিপস (৫০০ গ্রাম),বাদাম ও শুকনো ফল,"কাটা নারকেল চিপস, ৫০০ গ্রাম, ইস্পাহানি ব্র্যান্ড, প্রিমিয়াম কোয়ালিটি",97
prod_03952,স্কয়ার জোয়ার (২ কেজি),খাদ্যশস্য,"জোয়ারের আটা, ২ কেজি, স্কয়ার ব্র্যান্ড, প্রিমিয়াম কোয়ালিটি",251
prod_03953,মিল্কভিটা ফুলকপি (২ কেজি),শাকসবজি,"সাদা ফুলকপি, ২ কেজি, মিল্কভিটা ব্র্যান্ড, প্রিমিয়াম কোয়ালিটি",182
prod_03954,প্রাণ ফিশ সস (৫ লিটার),স্টক ও সস,"মাছের সস, ৫ লিটার, প্রাণ ব্র্যান্ড, প্রিমিয়াম কোয়ালিটি",834
prod_03955,প্রাণ পাম তেল (১ লিটার),রান্নার তেল,"পরিশোধিত পাম তেল, ১ লিটার, প্রাণ ব্র্যান্ড, প্রিমিয়াম কোয়ালিটি",334
prod_03956,রাধুনী পাঁচফোড়ন (১ কেজি),মশলা,"পাঁচফোড়ন মিশ্রণ, ১ কেজি, রাধুনী ব্র্যান্ড, প্রিমিয়াম কোয়ালিটি",107
prod_03957,আফতাব ইস্ট (৫০০ মিলি),রান্নার উপাদান,"ড্রাই ইস্ট, ৫০০ মিলি, আফতাব ব্র্যান্ড, প্রিমিয়াম কোয়ালিটি",66
prod_03958,মেঘনা জায়ফল (৫০০ গ্রাম),মশলা,"খাঁটি জায়ফল, ৫০০ গ্রাম, মেঘনা ব্র্যান্ড, প্রিমিয়াম কোয়ালিটি",180
prod_03959,তীর দুধ (১ কেজি),দুগ্ধজাত,"তাজা গরুর দুধ, ১ কেজি, তীর ব্র্যান্ড, প্রিমিয়াম কোয়ালিটি",125
prod_03960,মিল্কভিটা গম (২ কেজি),খাদ্যশস্য,"সাদা গম, উচ্চমানের, ২ কেজি, মিল্কভিটা ব্র্যান্ড, প্রিমিয়াম কোয়ালিটি",632
prod_03961,ইস্পাহানি ফ্ল্যাক্স সিড (২ কেজি),স্বাস্থ্য খাদ্য,"ফ্ল্যাক্স সিড, ২ কেজি, ইস্পাহানি ব্র্যান্ড, প্রিমিয়াম কোয়ালিটি",800
prod_03962,স্কয়ার শিম (৫০০ গ্রাম),শাকসবজি,"তাজা শিম, ৫০০ গ্রাম, স্কয়ার ব্র্যান্ড, প্রিমিয়াম কোয়ালিটি",50
prod_03963,আরকু সয়াবিন তেল (২ লিটার),রান্নার তেল,"বিশুদ্ধ সয়াবিন তেল, ২ লিটার, আরকু ব্র্যান্ড, প্রিমিয়াম কোয়ালিটি",994
prod_03964,রাধুনী তরমুজ (২ কেজি),ফল,"তাজা তরমুজ, ২ কেজি, রাধুনী ব্র্যান্ড, প্রিমিয়াম কোয়ালিটি",218
prod_03965,অর্গানিক ফার্ম কচু শাক (৫ কেজি),শাকসবজি,"তাজা কচু শাক, ৫ কেজি, অর্গানিক ফার্ম ব্র্যান্ড, প্রিমিয়াম কোয়ালিটি",199
prod_03966,আরকু অ্যালমন্ড মিল্ক (১ কেজি),স্বাস্থ্য খাদ্য,"অ্যালমন্ড মিল্ক, ১ কেজি, আরকু ব্র্যান্ড, প্রিমিয়াম কোয়ালিটি",492
prod_03967,পূর্ণ মাষকলাই ডাল (৫ কেজি),দালিল শস্য,"কালো মাষকলাই ডাল, ৫ কেজি, পূর্ণ ব্র্যান্ড, প্রিমিয়াম কোয়ালিটি",1051
prod_03968,ফ্রেশ পিনাট বাটার (২৫০ গ্রাম),স্বাস্থ্য খাদ্য,"পিনাট বাটার, ২৫০ গ্রাম, ফ্রেশ ব্র্যান্ড, প্রিমিয়াম কোয়ালিটি",143
prod_03969,ফ্রেশ শরবত (৫০০ মিলি),পানীয়,"রুহ আফজা শরবত, ৫০০ মিলি, ফ্রেশ ব্র্যান্ড, প্রিমিয়াম কোয়ালিটি",115
prod_03970,সুরভি ম্যাকারনি (২ কেজি),তাৎক্ষণিক খাদ্য,"ম্যাকারনি, ২ কেজি, সুরভি ব্র্যান্ড, প্রিমিয়াম কোয়ালিটি",292
prod_03971,রাধুনী মাশরুম (২ কেজি),শাকসবজি,"তাজা মাশরুম, ২ কেজি, রাধুনী ব্র্যান্ড, প্রিমিয়াম কোয়ালিটি",429
prod_03972,বসুন্ধরা কমলা (১ কেজি),ফল,"নাগপুরি কমলা, ১ কেজি, বসুন্ধরা ব্র্যান্ড, প্রিমিয়াম কোয়ালিটি",304
prod_03973,ইগলু গ্রানোলা (১ কেজি),স্বাস্থ্য খাদ্য,"মিক্সড গ্রানোলা, ১ কেজি, ইগলু ব্র্যান্ড, প্রিমিয়াম কোয়ালিটি",514
prod_03974,তীর ছোলা (৫ কেজি),দালিল শস্য,"ছোট ছোলা, ৫ কেজি, তীর ব্র্যান্ড, প্রিমিয়াম কোয়ালিটি",772
prod_03975,মিল্কভিটা রসগোল্লা (১ কেজি),মিষ্টি ও ডেজার্ট,"সিলেটি রসগোল্লা, ১ কেজি, মিল্কভিটা ব্র্যান্ড, প্রিমিয়াম কোয়ালিটি",383
prod_03976,মিল্কভিটা পেস্তাবাদাম (১ কেজি),বাদাম ও শুকনো ফল,"ইরানি পেস্তাবাদাম, ১ কেজি, মিল্কভিটা ব্র্যান্ড, প্রিমিয়াম কোয়ালিটি",571
prod_03977,তীর প্রোটিন পাউডার (৫০০ গ্রাম),স্বাস্থ্য খাদ্য,"হোয়ে প্রোটিন, ৫০০ গ্রাম, তীর ব্র্যান্ড, প্রিমিয়াম কোয়ালিটি",715
prod_03978,বসুন্ধরা কাঠবাদাম (৫০০ গ্রাম),বাদাম ও শুকনো ফল,"কাঠবাদাম, ৫০০ গ্রাম, বসুন্ধরা ব্র্যান্ড, প্রিমিয়াম কোয়ালিটি",257
prod_03979,তীর ছানা (৫ কেজি),দুগ্ধজাত,"তাজা ছানা, ৫ কেজি, তীর ব্র্যান্ড, প্রিমিয়াম কোয়ালিটি",960
prod_03980,রূপচাঁদা তেঁতুলের চাটনি (৫ কেজি),সংরক্ষণ ও চাটনি,"তেঁতুলের চাটনি, ৫ কেজি, রূপচাঁদা ব্র্যান্ড, প্রিমিয়াম কোয়ালিটি",588
prod_03981,মিল্কভিটা রসুনের আচার (৫ কেজি),সংরক্ষণ ও চাটনি,"রসুনের আচার, ৫ কেজি, মিল্কভিটা ব্র্যান্ড, প্রিমিয়াম কোয়ালিটি",566
prod_03982,রূপচাঁদা তেঁতুলের চাটনি (৫০০ গ্রাম),সংরক্ষণ ও চাটনি,"তেঁতুলের চাটনি, ৫০০ গ্রাম, রূপচাঁদা ব্র্যান্ড, প্রিমিয়াম কোয়ালিটি",77
prod_03983,রূপচাঁদা আপেল (২ কেজি),ফল,"ফুজি আপেল, ২ কেজি, রূপচাঁদা ব্র্যান্ড, প্রিমিয়াম কোয়ালিটি",683
prod_03984,সুরভি সানফ্লাওয়ার তেল (১ লিটার),রান্নার তেল,"সানফ্লাওয়ার তেল, ১ লিটার, সুরভি ব্র্যান্ড, প্রিমিয়াম কোয়ালিটি",492
prod_03985,অর্গানিক ফার্ম পাঙ্গাস মাছ (২৫০ গ্রাম),প্রোটিন,"তাজা পাঙ্গাস মাছ, ২৫০ গ্রাম, অর্গানিক ফার্ম ব্র্যান্ড, প্রিমিয়াম কোয়ালিটি",167
prod_03986,ইগলু কাসুন্দি (৫ কেজি),সংরক্ষণ ও চাটনি,"বাঙালি কাসুন্দি, ৫ কেজি, ইগলু ব্র্যান্ড, প্রিমিয়াম কোয়ালিটি",800
prod_03987,আফতাব খই (৫০০ গ্রাম),খাদ্যশস্য,"ভাজা খই, ৫০০ গ্রাম, আফতাব ব্র্যান্ড, প্রিমিয়াম কোয়ালিটি",48
prod_03988,পূর্ণ আম আচার (২৫০ গ্রাম),সংরক্ষণ ও চাটনি,"তাজা আম আচার, ২৫০ গ্রাম, পূর্ণ ব্র্যান্ড, প্রিমিয়াম কোয়ালিটি",51
prod_03989,কাজী ফার্মস রাইস ব্রান তেল (৫ লিটার),রান্নার তেল,"রাইস ব্রান তেল, ৫ লিটার, কাজী ফার্মস ব্র্যান্ড, প্রিমিয়াম কোয়ালিটি",2009
prod_03990,ইগলু সয়াবিন তেল (৫ লিটার),রান্নার তেল,"বিশুদ্ধ সয়াবিন তেল, ৫ লিটার, ইগলু ব্র্যান্ড, প্রিমিয়াম কোয়ালিটি",1973
prod_03991,ইস্পাহানি মধু (৫০০ গ্রাম),মিষ্টি ও ডেজার্ট,"খাঁটি মৌমাছির মধু, ৫০০ গ্রাম, ইস্পাহানি ব্র্যান্ড, প্রিমিয়াম কোয়ালিটি",257
prod_03992,আরকু চিয়া সিড (৫ কেজি),স্বাস্থ্য খাদ্য,"চিয়া সিড, ৫ কেজি, আরকু ব্র্যান্ড, প্রিমিয়াম কোয়ালিটি",2091
prod_03993,ম্যারিকো কফি বিন (২৫০ মিলি),পানীয়,"ভাজা কফি বিন, ২৫০ মিলি, ম্যারিকো ব্র্যান্ড, প্রিমিয়াম কোয়ালিটি",140
prod_03994,ACI কাতলা মাছ (২৫০ গ্রাম),প্রোটিন,"তাজা কাতলা মাছ, ২৫০ গ্রাম, ACI ব্র্যান্ড, প্রিমিয়াম কোয়ালিটি",136
prod_03995,মিল্কভিটা মিষ্টি দই (২ কেজি),মিষ্টি ও ডেজার্ট,"মিষ্টি দই, ২ কেজি, মিল্কভিটা ব্র্যান্ড, প্রিমিয়াম কোয়ালিটি",284
prod_03996,রাধুনী মাষকলাই ডাল (৫০০ গ্রাম),দালিল শস্য,"কালো মাষকলাই ডাল, ৫০০ গ্রাম, রাধুনী ব্র্যান্ড, প্রিমিয়াম কোয়ালিটি",134
prod_03997,রূপচাঁদা কিনোয়া (৫০০ গ্রাম),স্বাস্থ্য খাদ্য,"অর্গানিক কিনোয়া, ৫০০ গ্রাম, রূপচাঁদা ব্র্যান্ড, প্রিমিয়াম কোয়ালিটি",307
prod_03998,ACI চিজ (৫ কেজি),দুগ্ধজাত,"প্রসেসড চিজ, ৫ কেজি, ACI ব্র্যান্ড, প্রিমিয়াম কোয়ালিটি",1599
prod_03999,ইগলু ভ্যাজিটেবল স্টক (৫০০ মিলি),স্টক ও সস,"শাকসবজির স্টক, ৫০০ মিলি, ইগলু ব্র্যান্ড, প্রিমিয়াম কোয়ালিটি",184
prod_04000,বসুন্ধরা ওটস (২ কেজি),স্বাস্থ্য খাদ্য,"রোলড ওটস, ২ কেজি, বসুন্ধরা ব্র্যান্ড, প্রিমিয়াম কোয়ালিটি",593
prod_04001,ইস্পাহানি আঙুর (১ কেজি),ফল,"সবুজ আঙুর, ১ কেজি, ইস্পাহানি ব্র্যান্ড, প্রিমিয়াম কোয়ালিটি",541
prod_04002,বসুন্ধরা খেজুর (৫ কেজি),বাদাম ও শুকনো ফল,"মধ্যপূর্বীয় খেজুর, ৫ কেজি, বসুন্ধরা ব্র্যান্ড, প্রিমিয়াম কোয়ালিটি",1941
prod_04003,আফতাব লাচ্ছি (১ লিটার),পানীয়,"ঠান্ডা লাচ্ছি, ১ লিটার, আফতাব ব্র্যান্ড, প্রিমিয়াম কোয়ালিটি",112
prod_04004,রূপচাঁদা গাজর (২৫০ গ্রাম),শাকসবজি,"হলুদ গাজর, ২৫০ গ্রাম, রূপচাঁদা ব্র্যান্ড, প্রিমিয়াম কোয়ালিটি",16
prod_04005,ইস্পাহানি লিচু (৫০০ গ্রাম),ফল,"তাজা লিচু, ৫০০ গ্রাম, ইস্পাহানি ব্র্যান্ড, প্রিমিয়াম কোয়ালিটি",173
prod_04006,ফ্রেশ ওয়েস্টার সস (২ লিটার),স্টক ও সস,"ওয়েস্টার সস, ২ লিটার, ফ্রেশ ব্র্যান্ড, প্রিমিয়াম কোয়ালিটি",487
prod_04007,ফ্রেশ জিরা (৫০০ গ্রাম),মশলা,"জিরা বীজ, ৫০০ গ্রাম, ফ্রেশ ব্র্যান্ড, প্রিমিয়াম কোয়ালিটি",73
prod_04008,আফতাব আখরোট (২ কেজি),বাদাম ও শুকনো ফল,"আখরোট, ২ কেজি, আফতাব ব্র্যান্ড, প্রিমিয়াম কোয়ালিটি",986
prod_04009,মিল্কভিটা কিসমিস (৫০০ গ্রাম),বাদাম ও শুকনো ফল,"ভারতীয় কিসমিস, ৫০০ গ্রাম, মিল্কভিটা ব্র্যান্ড, প্রিমিয়াম কোয়ালিটি",189
prod_04010,ইস্পাহানি দুধের পাউডার (৫০০ গ্রাম),দুগ্ধজাত,"সম্পূর্ণ দুধের পাউডার, ৫০০ গ্রাম, ইস্পাহানি ব্র্যান্ড, প্রিমিয়াম কোয়ালিটি",289
prod_04011,আফতাব তেজপাতা (২ কেজি),মশলা,"তেজপাতা, ২ কেজি, আফতাব ব্র্যান্ড, প্রিমিয়াম কোয়ালিটি",133
prod_04012,সুরভি ওয়েস্টার সস (১ লিটার),স্টক ও সস,"ওয়েস্টার সস, ১ লিটার, সুরভি ব্র্যান্ড, প্রিমিয়াম কোয়ালিটি",285
prod_04013,তীর আখরোট (১ কেজি),বাদাম ও শুকনো ফল,"আখরোট, ১ কেজি, তীর ব্র্যান্ড, প্রিমিয়াম কোয়ালিটি",598
prod_04014,ইগলু টমেটোর চাটনি (১ কেজি),সংরক্ষণ ও চাটনি,"টমেটোর চাটনি, ১ কেজি, ইগলু ব্র্যান্ড, প্রিমিয়াম কোয়ালিটি",140
prod_04015,প্রাণ আদা পেস্ট (২ লিটার),রান্নার উপাদান,"তাজা আদা পেস্ট, ২ লিটার, প্রাণ ব্র্যান্ড, প্রিমিয়াম কোয়ালিটি",235
prod_04016,তীর হট সস (২ লিটার),স্টক ও সস,"হট চিলি সস, ২ লিটার, তীর ব্র্যান্ড, প্রিমিয়াম কোয়ালিটি",345
prod_04017,ম্যারিকো খই (৫০০ গ্রাম),খাদ্যশস্য,"ভাজা খই, ৫০০ গ্রাম, ম্যারিকো ব্র্যান্ড, প্রিমিয়াম কোয়ালিটি",47
prod_04018,মেঘনা আখের রস (২৫০ মিলি),পানীয়,"তাজা আখের রস, ২৫০ মিলি, মেঘনা ব্র্যান্ড, প্রিমিয়াম কোয়ালিটি",70
prod_04019,কাজী ফার্মস রসুন পেস্ট (৫ লিটার),রান্নার উপাদান,"তরল রসুন পেস্ট, ৫ লিটার, কাজী ফার্মস ব্র্যান্ড, প্রিমিয়াম কোয়ালিটি",675
prod_04020,ইগলু ক্রিম (১ কেজি),দুগ্ধজাত,"ফ্রেশ ক্রিম, ১ কেজি, ইগলু ব্র্যান্ড, প্রিমিয়াম কোয়ালিটি",317
prod_04021,স্কয়ার ব্রাউন সুগার (২ কেজি),মিষ্টি ও ডেজার্ট,"ব্রাউন সুগার, ২ কেজি, স্কয়ার ব্র্যান্ড, প্রিমিয়াম কোয়ালিটি",398
prod_04022,পূর্ণ আম (২ কেজি),ফল,"হিমসাগর আম, ২ কেজি, পূর্ণ ব্র্যান্ড, প্রিমিয়াম কোয়ালিটি",591
prod_04023,ফ্রেশ ভিনেগার (২৫০ মিলি),রান্নার উপাদান,"সাদা ভিনেগার, ২৫০ মিলি, ফ্রেশ ব্র্যান্ড, প্রিমিয়াম কোয়ালিটি",31
prod_04024,মেঘনা লাচ্ছি (২ লিটার),পানীয়,"ঠান্ডা লাচ্ছি, ২ লিটার, মেঘনা ব্র্যান্ড, প্রিমিয়াম কোয়ালিটি",216
prod_04025,তীর করলা (২৫০ গ্রাম),শাকসবজি,"তাজা করলা, ২৫০ গ্রাম, তীর ব্র্যান্ড, প্রিমিয়াম কোয়ালিটি",26
prod_04026,তীর মাংস স্টক (৫ লিটার),স্টক ও সস,"গরুর মাংসের স্টক, ৫ লিটার, তীর ব্র্যান্ড, প্রিমিয়াম কোয়ালিটি",1644
prod_04027,রাধুনী ক্রিম (২ কেজি),দুগ্ধজাত,"ফ্রেশ ক্রিম, ২ কেজি, রাধুনী ব্র্যান্ড, প্রিমিয়াম কোয়ালিটি",591
prod_04028,আফতাব লাচ্ছি (১ লিটার),পানীয়,"ঠান্ডা লাচ্ছি, ১ লিটার, আফতাব ব্র্যান্ড, প্রিমিয়াম কোয়ালিটি",114
prod_04029,রাধুনী বোয়াল মাছ (১ কেজি),প্রোটিন,"তাজা বোয়াল মাছ, ১ কেজি, রাধুনী ব্র্যান্ড, প্রিমিয়াম কোয়ালিটি",921
prod_04030,ম্যারিকো কাসুন্দি (৫০০ গ্রাম),সংরক্ষণ ও চাটনি,"বাঙালি কাসুন্দি, ৫০০ গ্রাম, ম্যারিকো ব্র্যান্ড, প্রিমিয়াম কোয়ালিটি",89
prod_04031,মেঘনা সন্দেশ (১ কেজি),মিষ্টি ও ডেজার্ট,"তাজা সন্দেশ, ১ কেজি, মেঘনা ব্র্যান্ড, প্রিমিয়াম কোয়ালিটি",261
prod_04032,অর্গানিক ফার্ম আখের রস (২৫০ মিলি),পানীয়,"তাজা আখের রস, ২৫০ মিলি, অর্গানিক ফার্ম ব্র্যান্ড, প্রিমিয়াম কোয়ালিটি",66
prod_04033,পূর্ণ মেয়োনেজ (২ লিটার),স্টক ও সস,"ক্রিমি মেয়োনেজ, ২ লিটার, পূর্ণ ব্র্যান্ড, প্রিমিয়াম কোয়ালিটি",418
prod_04034,মেঘনা কাবুলি ছোলা (২৫০ গ্রাম),দালিল শস্য,"বড় কাবুলি ছোলা, ২৫০ গ্রাম, মেঘনা ব্র্যান্ড, প্রিমিয়াম কোয়ালিটি",76
prod_04035,স্কয়ার কাবুলি ছোলা (৫ কেজি),দালিল শস্য,"বড় কাবুলি ছোলা, ৫ কেজি, স্কয়ার ব্র্যান্ড, প্রিমিয়াম কোয়ালিটি",1122
prod_04036,রাধুনী পাস্তা (৫ কেজি),তাৎক্ষণিক খাদ্য,"ইতালিয়ান পাস্তা, ৫ কেজি, রাধুনী ব্র্যান্ড, প্রিমিয়াম কোয়ালিটি",789
prod_04037,ইস্পাহানি বেগুন (৫ কেজি),শাকসবজি,"বেগুনি বেগুন, ৫ কেজি, ইস্পাহানি ব্র্যান্ড, প্রিমিয়াম কোয়ালিটি",331
prod_04038,অর্গানিক ফার্ম তিলের তেল (৫০০ মিলি),রান্নার তেল,"খাঁটি তিলের তেল, ৫০০ মিলি, অর্গানিক ফার্ম ব্র্যান্ড, প্রিমিয়াম কোয়ালিটি",376
prod_04039,ইগলু ওয়েস্টার সস (২ লিটার),স্টক ও সস,"ওয়েস্টার সস, ২ লিটার, ইগলু ব্র্যান্ড, প্রিমিয়াম কোয়ালিটি",571
prod_04040,স্কয়ার সিং মাছ (২৫০ গ্রাম),প্রোটিন,"স্থানীয় সিং মাছ, ২৫০ গ্রাম, স্কয়ার ব্র্যান্ড, প্রিমিয়াম কোয়ালিটি",171
prod_04041,আফতাব কেক (২ কেজি),তাৎক্ষণিক খাদ্য,"ফ্রুট কেক, ২ কেজি, আফতাব ব্র্যান্ড, প্রিমিয়াম কোয়ালিটি",536
prod_04042,ACI কর্নফ্লাওয়ার (২৫০ মিলি),রান্নার উপাদান,"কর্নফ্লাওয়ার, ২৫০ মিলি, ACI ব্র্যান্ড, প্রিমিয়াম কোয়ালিটি",36
prod_04043,প্রাণ ভিনেগার (৫০০ মিলি),রান্নার উপাদান,"সাদা ভিনেগার, ৫০০ মিলি, প্রাণ ব্র্যান্ড, প্রিমিয়াম কোয়ালিটি",56
prod_04044,সুরভি পাঙ্গাস মাছ (৫ কেজি),প্রোটিন,"তাজা পাঙ্গাস মাছ, ৫ কেজি, সুরভি ব্র্যান্ড, প্রিমিয়াম কোয়ালিটি",2525
prod_04045,ইগলু রুটি (৫০০ গ্রাম),তাৎক্ষণিক খাদ্য,"স্লাইসড রুটি, ৫০০ গ্রাম, ইগলু ব্র্যান্ড, প্রিমিয়াম কোয়ালিটি",64
prod_04046,ম্যারিকো রসুনের আচার (৫০০ গ্রাম),সংরক্ষণ ও চাটনি,"রসুনের আচার, ৫০০ গ্রাম, ম্যারিকো ব্র্যান্ড, প্রিমিয়াম কোয়ালিটি",72
prod_04047,প্রাণ কালো জিরা (৫ কেজি),মশলা,"খাঁটি কালো জিরা, ৫ কেজি, প্রাণ ব্র্যান্ড, প্রিমিয়াম কোয়ালিটি",347
prod_04048,কাজী ফার্মস ছোলা (১ কেজি),দালিল শস্য,"ছোট ছোলা, ১ কেজি, কাজী ফার্মস ব্র্যান্ড, প্রিমিয়াম কোয়ালিটি",225
prod_04049,সুরভি চিপস (৫০০ গ্রাম),তাৎক্ষণিক খাদ্য,"আলুর চিপস, ৫০০ গ্রাম, সুরভি ব্র্যান্ড, প্রিমিয়াম কোয়ালিটি",36
prod_04050,বসুন্ধরা গোলমরিচ (৫০০ গ্রাম),মশলা,"কালো গোলমরিচ, ৫০০ গ্রাম, বসুন্ধরা ব্র্যান্ড, প্রিমিয়াম কোয়ালিটি",169
prod_04051,প্রাণ দুধ (৫০০ গ্রাম),দুগ্ধজাত,"তাজা গরুর দুধ, ৫০০ গ্রাম, প্রাণ ব্র্যান্ড, প্রিমিয়াম কোয়ালিটি",89
prod_04052,পূর্ণ কিনোয়া (২৫০ গ্রাম),স্বাস্থ্য খাদ্য,"অর্গানিক কিনোয়া, ২৫০ গ্রাম, পূর্ণ ব্র্যান্ড, প্রিমিয়াম কোয়ালিটি",172
prod_04053,আরকু দুধের পাউডার (২ কেজি),দুগ্ধজাত,"সম্পূর্ণ দুধের পাউডার, ২ কেজি, আরকু ব্র্যান্ড, প্রিমিয়াম কোয়ালিটি",879
prod_04054,পূর্ণ ঘি (৫ কেজি),দুগ্ধজাত,"খাঁটি গাওয়া ঘি, ৫ কেজি, পূর্ণ ব্র্যান্ড, প্রিমিয়াম কোয়ালিটি",3283
prod_04055,আফতাব অলিভ অয়েল (৫ লিটার),রান্নার তেল,"এক্সট্রা ভার্জিন অলিভ অয়েল, ৫ লিটার, আফতাব ব্র্যান্ড, প্রিমিয়াম কোয়ালিটি",3362
prod_04056,ম্যারিকো গাজর (২৫০ গ্রাম),শাকসবজি,"হলুদ গাজর, ২৫০ গ্রাম, ম্যারিকো ব্র্যান্ড, প্রিমিয়াম কোয়ালিটি",19
prod_04057,ড্যানিশ টমেটোর চাটনি (৫০০ গ্রাম),সংরক্ষণ ও চাটনি,"টমেটোর চাটনি, ৫০০ গ্রাম, ড্যানিশ ব্র্যান্ড, প্রিমিয়াম কোয়ালিটি",73
prod_04058,রূপচাঁদা সানফ্লাওয়ার তেল (১ লিটার),রান্নার তেল,"সানফ্লাওয়ার তেল, ১ লিটার, রূপচাঁদা ব্র্যান্ড, প্রিমিয়াম কোয়ালিটি",541
prod_04059,প্রাণ ওটস (২ কেজি),স্বাস্থ্য খাদ্য,"রোলড ওটস, ২ কেজি, প্রাণ ব্র্যান্ড, প্রিমিয়াম কোয়ালিটি",628
prod_04060,মেঘনা সয়া সস (১ লিটার),রান্নার উপাদান,"প্রামাণিক সয়া সস, ১ লিটার, মেঘনা ব্র্যান্ড, প্রিমিয়াম কোয়ালিটি",285
prod_04061,ACI পাম তেল (৫০০ মিলি),রান্নার তেল,"পরিশোধিত পাম তেল, ৫০০ মিলি, ACI ব্র্যান্ড, প্রিমিয়াম কোয়ালিটি",206
prod_04062,রূপচাঁদা পাম তেল (২৫০ মিলি),রান্নার তেল,"পরিশোধিত পাম তেল, ২৫০ মিলি, রূপচাঁদা ব্র্যান্ড, প্রিমিয়াম কোয়ালিটি",102
prod_04063,আরকু নারকেল জল (৫০০ মিলি),পানীয়,"তাজা নারকেল জল, ৫০০ মিলি, আরকু ব্র্যান্ড, প্রিমিয়াম কোয়ালিটি",110
prod_04064,তীর গরম মসলা (৫ কেজি),মশলা,"গরম মাসালা মিশ্রণ, ৫ কেজি, তীর ব্র্যান্ড, প্রিমিয়াম কোয়ালিটি",538
prod_04065,আরকু আম (৫ কেজি),ফল,"হিমসাগর আম, ৫ কেজি, আরকু ব্র্যান্ড, প্রিমিয়াম কোয়ালিটি",1636
prod_04066,অর্গানিক ফার্ম আখরোট (২ কেজি),বাদাম ও শুকনো ফল,"আখরোট, ২ কেজি, অর্গানিক ফার্ম ব্র্যান্ড, প্রিমিয়াম কোয়ালিটি",1228
prod_04067,ইস্পাহানি মাংস স্টক (৫ লিটার),স্টক ও সস,"গরুর মাংসের স্টক, ৫ লিটার, ইস্পাহানি ব্র্যান্ড, প্রিমিয়াম কোয়ালিটি",1994
prod_04068,ফ্রেশ জাফরান (৫০০ গ্রাম),মশলা,"খাঁটি জাফরান, ৫০০ গ্রাম, ফ্রেশ ব্র্যান্ড, প্রিমিয়াম কোয়ালিটি",257
prod_04069,পূর্ণ ছানা (১ কেজি),দুগ্ধজাত,"তাজা ছানা, ১ কেজি, পূর্ণ ব্র্যান্ড, প্রিমিয়াম কোয়ালিটি",303
prod_04070,স্কয়ার শরবত (২৫০ মিলি),পানীয়,"রুহ আফজা শরবত, ২৫০ মিলি, স্কয়ার ব্র্যান্ড, প্রিমিয়াম কোয়ালিটি",65
prod_04071,রূপচাঁদা নুডুলস (২৫০ গ্রাম),তাৎক্ষণিক খাদ্য,"ডিম নুডুলস, ২৫০ গ্রাম, রূপচাঁদা ব্র্যান্ড, প্রিমিয়াম কোয়ালিটি",32
prod_04072,ড্যানিশ কই মাছ (২৫০ গ্রাম),প্রোটিন,"তাজা কই মাছ, ২৫০ গ্রাম, ড্যানিশ ব্র্যান্ড, প্রিমিয়াম কোয়ালিটি",177
prod_04073,ফ্রেশ ধনিয়া (২৫০ গ্রাম),মশলা,"ধনিয়া গুঁড়া, ২৫০ গ্রাম, ফ্রেশ ব্র্যান্ড, প্রিমিয়াম কোয়ালিটি",28
prod_04074,ড্যানিশ গুঁড়া চিনি (২৫০ গ্রাম),মিষ্টি ও ডেজার্ট,"সাদা গুঁড়া চিনি, ২৫০ গ্রাম, ড্যানিশ ব্র্যান্ড, প্রিমিয়াম কোয়ালিটি",41
prod_04075,ড্যানিশ লিচু (৫ কেজি),ফল,"তাজা লিচু, ৫ কেজি, ড্যানিশ ব্র্যান্ড, প্রিমিয়াম কোয়ালিটি",1473
prod_04076,রূপচাঁদা আটা (২ কেজি),খাদ্যশস্য,"গম আটা, উচ্চমানের, ২ কেজি, রূপচাঁদা ব্র্যান্ড, প্রিমিয়াম কোয়ালিটি",197
prod_04077,স্কয়ার কফি পাউডার (৫ লিটার),পানীয়,"কফি পাউডার, ৫ লিটার, স্কয়ার ব্র্যান্ড, প্রিমিয়াম কোয়ালিটি",1477
prod_04078,রূপচাঁদা করলা (৫ কেজি),শাকসবজি,"তাজা করলা, ৫ কেজি, রূপচাঁদা ব্র্যান্ড, প্রিমিয়াম কোয়ালিটি",374
prod_04079,তীর জিলাপি (৫০০ গ্রাম),মিষ্টি ও ডেজার্ট,"তাজা জিলাপি, ৫০০ গ্রাম, তীর ব্র্যান্ড, প্রিমিয়াম কোয়ালিটি",91
prod_04080,পূর্ণ সরিষার তেল (১ লিটার),রান্নার তেল,"ঐতিহ্যবাহী সরিষার তেল, ১ লিটার, পূর্ণ ব্র্যান্ড, প্রিমিয়াম কোয়ালিটি",301
prod_04081,সুরভি পালং শাক (১ কেজি),শাকসবজি,"তাজা পালং শাক, ১ কেজি, সুরভি ব্র্যান্ড, প্রিমিয়াম কোয়ালিটি",73
prod_04082,ইগলু আখরোট (৫ কেজি),বাদাম ও শুকনো ফল,"আখরোট, ৫ কেজি, ইগলু ব্র্যান্ড, প্রিমিয়াম কোয়ালিটি",2640
prod_04083,স্কয়ার কফি পাউডার (২ লিটার),পানীয়,"কফি পাউডার, ২ লিটার, স্কয়ার ব্র্যান্ড, প্রিমিয়াম কোয়ালিটি",677
prod_04084,আরকু তেলাপিয়া (২ কেজি),প্রোটিন,"তাজা তেলাপিয়া মাছ, ২ কেজি, আরকু ব্র্যান্ড, প্রিমিয়াম কোয়ালিটি",831
prod_04085,প্রাণ মাখন (৫০০ গ্রাম),দুগ্ধজাত,"খাঁটি মাখন, ৫০০ গ্রাম, প্রাণ ব্র্যান্ড, প্রিমিয়াম কোয়ালিটি",332
prod_04086,পূর্ণ ব্রাউন সুগার (১ কেজি),মিষ্টি ও ডেজার্ট,"ব্রাউন সুগার, ১ কেজি, পূর্ণ ব্র্যান্ড, প্রিমিয়াম কোয়ালিটি",168
prod_04087,মেঘনা লিচু (৫০০ গ্রাম),ফল,"তাজা লিচু, ৫০০ গ্রাম, মেঘনা ব্র্যান্ড, প্রিমিয়াম কোয়ালিটি",207
prod_04088,ম্যারিকো বেকিং পাউডার (২ লিটার),রান্নার উপাদান,"বেকিং পাউডার, ২ লিটার, ম্যারিকো ব্র্যান্ড, প্রিমিয়াম কোয়ালিটি",165
prod_04089,বসুন্ধরা কিনোয়া (৫ কেজি),স্বাস্থ্য খাদ্য,"অর্গানিক কিনোয়া, ৫ কেজি, বসুন্ধরা ব্র্যান্ড, প্রিমিয়াম কোয়ালিটি",2958
prod_04090,বসুন্ধরা ম্যাকারনি (১ কেজি),তাৎক্ষণিক খাদ্য,"ম্যাকারনি, ১ কেজি, বসুন্ধরা ব্র্যান্ড, প্রিমিয়াম কোয়ালিটি",196
prod_04091,ইগলু জাম (২৫০ গ্রাম),ফল,"কালো জাম, ২৫০ গ্রাম, ইগলু ব্র্যান্ড, প্রিমিয়াম কোয়ালিটি",78
prod_04092,বসুন্ধরা রুটি (২৫০ গ্রাম),তাৎক্ষণিক খাদ্য,"স্লাইসড রুটি, ২৫০ গ্রাম, বসুন্ধরা ব্র্যান্ড, প্রিমিয়াম কোয়ালিটি",32
prod_04093,কাজী ফার্মস চিকেন স্টক (৫০০ মিলি),স্টক ও সস,"মুরগির স্টক, ৫০০ মিলি, কাজী ফার্মস ব্র্যান্ড, প্রিমিয়াম কোয়ালিটি",193
prod_04094,ফ্রেশ কিনোয়া (৫ কেজি),স্বাস্থ্য খাদ্য,"অর্গানিক কিনোয়া, ৫ কেজি, ফ্রেশ ব্র্যান্ড, প্রিমিয়াম কোয়ালিটি",2792
prod_04095,মেঘনা মাগুর মাছ (১ কেজি),প্রোটিন,"তাজা মাগুর মাছ, ১ কেজি, মেঘনা ব্র্যান্ড, প্রিমিয়াম কোয়ালিটি",709
prod_04096,পূর্ণ অলিভ অয়েল (৫ লিটার),রান্নার তেল,"এক্সট্রা ভার্জিন অলিভ অয়েল, ৫ লিটার, পূর্ণ ব্র্যান্ড, প্রিমিয়াম কোয়ালিটি",2861
prod_04097,ম্যারিকো চিনি (১ কেজি),মিষ্টি ও ডেজার্ট,"সাদা পরিশোধিত চিনি, ১ কেজি, ম্যারিকো ব্র্যান্ড, প্রিমিয়াম কোয়ালিটি",145
prod_04098,আফতাব তেলাপিয়া (৫ কেজি),প্রোটিন,"তাজা তেলাপিয়া মাছ, ৫ কেজি, আফতাব ব্র্যান্ড, প্রিমিয়াম কোয়ালিটি",1620
prod_04099,আফতাব মিষ্টি আমের চাটনি (৫০০ গ্রাম),সংরক্ষণ ও চাটনি,"মিষ্টি আমের চাটনি, ৫০০ গ্রাম, আফতাব ব্র্যান্ড, প্রিমিয়াম কোয়ালিটি",96
prod_04100,ইস্পাহানি লাল শাক (৫ কেজি),শাকসবজি,"তাজা লাল শাক, ৫ কেজি, ইস্পাহানি ব্র্যান্ড, প্রিমিয়াম কোয়ালিটি",137
prod_04101,অর্গানিক ফার্ম কাতলা মাছ (২ কেজি),প্রোটিন,"তাজা কাতলা মাছ, ২ কেজি, অর্গানিক ফার্ম ব্র্যান্ড, প্রিমিয়াম কোয়ালিটি",1063
prod_04102,পূর্ণ চা পাতি (১ লিটার),পানীয়,"সিলেটের চা পাতি, ১ লিটার, পূর্ণ ব্র্যান্ড, প্রিমিয়াম কোয়ালিটি",348
prod_04103,ইগলু মাস্টার্ড সস (১ লিটার),স্টক ও সস,"মাস্টার্ড সস, ১ লিটার, ইগলু ব্র্যান্ড, প্রিমিয়াম কোয়ালিটি",176
prod_04104,রাধুনী চিনাবাদাম (১ কেজি),বাদাম ও শুকনো ফল,"সিদ্ধ চিনাবাদাম, ১ কেজি, রাধুনী ব্র্যান্ড, প্রিমিয়াম কোয়ালিটি",277
prod_04105,অর্গানিক ফার্ম কিসমিস (৫ কেজি),বাদাম ও শুকনো ফল,"ভারতীয় কিসমিস, ৫ কেজি, অর্গানিক ফার্ম ব্র্যান্ড, প্রিমিয়াম কোয়ালিটি",1706
prod_04106,তীর বুটের ডাল (৫০০ গ্রাম),দালিল শস্য,"বুটের ডাল, ৫০০ গ্রাম, তীর ব্র্যান্ড, প্রিমিয়াম কোয়ালিটি",114
prod_04107,পূর্ণ লবঙ্গ (৫০০ গ্রাম),মশলা,"খাঁটি লবঙ্গ, ৫০০ গ্রাম, পূর্ণ ব্র্যান্ড, প্রিমিয়াম কোয়ালিটি",125
prod_04108,ম্যারিকো কর্নফ্লাওয়ার (৫০০ মিলি),রান্নার উপাদান,"কর্নফ্লাওয়ার, ৫০০ মিলি, ম্যারিকো ব্র্যান্ড, প্রিমিয়াম কোয়ালিটি",77
prod_04109,বসুন্ধরা নারকেল তেল (৫০০ মিলি),রান্নার তেল,"খাঁটি নারকেল তেল, ৫০০ মিলি, বসুন্ধরা ব্র্যান্ড, প্রিমিয়াম কোয়ালিটি",223
prod_04110,মিল্কভিটা পুঁই শাক (৫০০ গ্রাম),শাকসবজি,"তাজা পুঁই শাক, ৫০০ গ্রাম, মিল্কভিটা ব্র্যান্ড, প্রিমিয়াম কোয়ালিটি",27
prod_04111,বসুন্ধরা সিং মাছ (১ কেজি),প্রোটিন,"স্থানীয় সিং মাছ, ১ কেজি, বসুন্ধরা ব্র্যান্ড, প্রিমিয়াম কোয়ালিটি",583
prod_04112,ACI ঢেঁড়স (৫ কেজি),শাকসবজি,"তাজা ঢেঁড়স, ৫ কেজি, ACI ব্র্যান্ড, প্রিমিয়াম কোয়ালিটি",330
prod_04113,ইগলু কমলা (১ কেজি),ফল,"নাগপুরি কমলা, ১ কেজি, ইগলু ব্র্যান্ড, প্রিমিয়াম কোয়ালিটি",355
prod_04114,রাধুনী চিয়া সিড (১ কেজি),স্বাস্থ্য খাদ্য,"চিয়া সিড, ১ কেজি, রাধুনী ব্র্যান্ড, প্রিমিয়াম কোয়ালিটি",600
prod_04115,বসুন্ধরা বুটের ডাল (২৫০ গ্রাম),দালিল শস্য,"বুটের ডাল, ২৫০ গ্রাম, বসুন্ধরা ব্র্যান্ড, প্রিমিয়াম কোয়ালিটি",59
prod_04116,রূপচাঁদা মাংস স্টক (১ লিটার),স্টক ও সস,"গরুর মাংসের স্টক, ১ লিটার, রূপচাঁদা ব্র্যান্ড, প্রিমিয়াম কোয়ালিটি",412
prod_04117,অর্গানিক ফার্ম রসুন (৫ কেজি),শাকসবজি,"সাদা রসুন, ৫ কেজি, অর্গানিক ফার্ম ব্র্যান্ড, প্রিমিয়াম কোয়ালিটি",665
prod_04118,ড্যানিশ সন্দেশ (২ কেজি),মিষ্টি ও ডেজার্ট,"তাজা সন্দেশ, ২ কেজি, ড্যানিশ ব্র্যান্ড, প্রিমিয়াম কোয়ালিটি",443
prod_04119,বসুন্ধরা লাউ (১ কেজি),শাকসবজি,"মিষ্টি লাউ, ১ কেজি, বসুন্ধরা ব্র্যান্ড, প্রিমিয়াম কোয়ালিটি",93
prod_04120,বসুন্ধরা বিস্কুট (১ কেজি),তাৎক্ষণিক খাদ্য,"ক্রিম বিস্কুট, ১ কেজি, বসুন্ধরা ব্র্যান্ড, প্রিমিয়াম কোয়ালিটি",47
prod_04121,রূপচাঁদা কচু শাক (৫০০ গ্রাম),শাকসবজি,"তাজা কচু শাক, ৫০০ গ্রাম, রূপচাঁদা ব্র্যান্ড, প্রিমিয়াম কোয়ালিটি",25
prod_04122,ড্যানিশ মিষ্টি দই (১ কেজি),মিষ্টি ও ডেজার্ট,"মিষ্টি দই, ১ কেজি, ড্যানিশ ব্র্যান্ড, প্রিমিয়াম কোয়ালিটি",142
prod_04123,অর্গানিক ফার্ম জাম (৫ কেজি),ফল,"কালো জাম, ৫ কেজি, অর্গানিক ফার্ম ব্র্যান্ড, প্রিমিয়াম কোয়ালিটি",1083
prod_04124,অর্গানিক ফার্ম ভিনেগার (২৫০ মিলি),রান্নার উপাদান,"সাদা ভিনেগার, ২৫০ মিলি, অর্গানিক ফার্ম ব্র্যান্ড, প্রিমিয়াম কোয়ালিটি",30
prod_04125,ফ্রেশ মূলা (২৫০ গ্রাম),শাকসবজি,"সাদা মূলা, ২৫০ গ্রাম, ফ্রেশ ব্র্যান্ড, প্রিমিয়াম কোয়ালিটি",17
prod_04126,মিল্কভিটা রসগোল্লা (৫ কেজি),মিষ্টি ও ডেজার্ট,"সিলেটি রসগোল্লা, ৫ কেজি, মিল্কভিটা ব্র্যান্ড, প্রিমিয়াম কোয়ালিটি",1464
prod_04127,মেঘনা ভিনেগার (২ লিটার),রান্নার উপাদান,"সাদা ভিনেগার, ২ লিটার, মেঘনা ব্র্যান্ড, প্রিমিয়াম কোয়ালিটি",212
prod_04128,ড্যানিশ বুটের ডাল (২৫০ গ্রাম),দালিল শস্য,"বুটের ডাল, ২৫০ গ্রাম, ড্যানিশ ব্র্যান্ড, প্রিমিয়াম কোয়ালিটি",52
prod_04129,স্কয়ার গরম মসলা (২৫০ গ্রাম),মশলা,"গরম মাসালা মিশ্রণ, ২৫০ গ্রাম, স্কয়ার ব্র্যান্ড, প্রিমিয়াম কোয়ালিটি",37
prod_04130,ইগলু চিকেন স্টক (১ লিটার),স্টক ও সস,"মুরগির স্টক, ১ লিটার, ইগলু ব্র্যান্ড, প্রিমিয়াম কোয়ালিটি",379
prod_04131,সুরভি টমেটোর চাটনি (১ কেজি),সংরক্ষণ ও চাটনি,"টমেটোর চাটনি, ১ কেজি, সুরভি ব্র্যান্ড, প্রিমিয়াম কোয়ালিটি",141
prod_04132,ইগলু মাষকলাই ডাল (১ কেজি),দালিল শস্য,"কালো মাষকলাই ডাল, ১ কেজি, ইগলু ব্র্যান্ড, প্রিমিয়াম কোয়ালিটি",262
prod_04133,কাজী ফার্মস জিরা (৫ কেজি),মশলা,"জিরা বীজ, ৫ কেজি, কাজী ফার্মস ব্র্যান্ড, প্রিমিয়াম কোয়ালিটি",626
prod_04134,ইস্পাহানি রসুন পেস্ট (২ লিটার),রান্নার উপাদান,"তরল রসুন পেস্ট, ২ লিটার, ইস্পাহানি ব্র্যান্ড, প্রিমিয়াম কোয়ালিটি",318
prod_04135,অর্গানিক ফার্ম চিপস (৫ কেজি),তাৎক্ষণিক খাদ্য,"আলুর চিপস, ৫ কেজি, অর্গানিক ফার্ম ব্র্যান্ড, প্রিমিয়াম কোয়ালিটি",321
prod_04136,ACI রসগোল্লা (২৫০ গ্রাম),মিষ্টি ও ডেজার্ট,"সিলেটি রসগোল্লা, ২৫০ গ্রাম, ACI ব্র্যান্ড, প্রিমিয়াম কোয়ালিটি",112
prod_04137,স্কয়ার পাম তেল (৫ লিটার),রান্নার তেল,"পরিশোধিত পাম তেল, ৫ লিটার, স্কয়ার ব্র্যান্ড, প্রিমিয়াম কোয়ালিটি",1258
prod_04138,ম্যারিকো লবণ (১ কেজি),মশলা,"সমুদ্রের লবণ, ১ কেজি, ম্যারিকো ব্র্যান্ড, প্রিমিয়াম কোয়ালিটি",79
prod_04139,স্কয়ার আনারস (২ কেজি),ফল,"তাজা আনারস, ২ কেজি, স্কয়ার ব্র্যান্ড, প্রিমিয়াম কোয়ালিটি",357
prod_04140,স্কয়ার ধনিয়া (২৫০ গ্রাম),মশলা,"ধনিয়া গুঁড়া, ২৫০ গ্রাম, স্কয়ার ব্র্যান্ড, প্রিমিয়াম কোয়ালিটি",26
prod_04141,কাজী ফার্মস খেজুর (৫ কেজি),বাদাম ও শুকনো ফল,"মধ্যপূর্বীয় খেজুর, ৫ কেজি, কাজী ফার্মস ব্র্যান্ড, প্রিমিয়াম কোয়ালিটি",1897
prod_04142,রাধুনী নারকেল তেল (২৫০ মিলি),রান্নার তেল,"খাঁটি নারকেল তেল, ২৫০ মিলি, রাধুনী ব্র্যান্ড, প্রিমিয়াম কোয়ালিটি",106
prod_04143,তীর মরিচ পেস্ট (১ লিটার),রান্নার উপাদান,"মরিচ পেস্ট, ১ লিটার, তীর ব্র্যান্ড, প্রিমিয়াম কোয়ালিটি",172
prod_04144,পূর্ণ নারকেল দুধ (২৫০ মিলি),রান্নার উপাদান,"গাঢ় নারকেল দুধ, ২৫০ মিলি, পূর্ণ ব্র্যান্ড, প্রিমিয়াম কোয়ালিটি",60
prod_04145,স্কয়ার কাজু বাদাম (৫০০ গ্রাম),বাদাম ও শুকনো ফল,"টাটকা কাজু বাদাম, ৫০০ গ্রাম, স্কয়ার ব্র্যান্ড, প্রিমিয়াম কোয়ালিটি",275
prod_04146,কাজী ফার্মস অড়হর ডাল (৫০০ গ্রাম),দালিল শস্য,"অড়হর ডাল, ৫০০ গ্রাম, কাজী ফার্মস ব্র্যান্ড, প্রিমিয়াম কোয়ালিটি",147
prod_04147,রূপচাঁদা চা পাতি (৫০০ মিলি),পানীয়,"সিলেটের চা পাতি, ৫০০ মিলি, রূপচাঁদা ব্র্যান্ড, প্রিমিয়াম কোয়ালিটি",219
prod_04148,সুরভি গুড় (২ কেজি),মিষ্টি ও ডেজার্ট,"খাঁটি গুড়, ২ কেজি, সুরভি ব্র্যান্ড, প্রিমিয়াম কোয়ালিটি",401
prod_04149,প্রাণ মাখন (১ কেজি),দুগ্ধজাত,"খাঁটি মাখন, ১ কেজি, প্রাণ ব্র্যান্ড, প্রিমিয়াম কোয়ালিটি",531
prod_04150,অর্গানিক ফার্ম খই (২ কেজি),খাদ্যশস্য,"ভাজা খই, ২ কেজি, অর্গানিক ফার্ম ব্র্যান্ড, প্রিমিয়াম কোয়ালিটি",158
prod_04151,ড্যানিশ ফিশ সস (৫০০ মিলি),স্টক ও সস,"মাছের সস, ৫০০ মিলি, ড্যানিশ ব্র্যান্ড, প্রিমিয়াম কোয়ালিটি",143
prod_04152,পূর্ণ কর্নফ্লাওয়ার (১ লিটার),রান্নার উপাদান,"কর্নফ্লাওয়ার, ১ লিটার, পূর্ণ ব্র্যান্ড, প্রিমিয়াম কোয়ালিটি",133
prod_04153,ড্যানিশ পেঁয়াজের চাটনি (১ কেজি),সংরক্ষণ ও চাটনি,"পেঁয়াজের চাটনি, ১ কেজি, ড্যানিশ ব্র্যান্ড, প্রিমিয়াম কোয়ালিটি",129
prod_04154,কাজী ফার্মস রসগোল্লা (১ কেজি),মিষ্টি ও ডেজার্ট,"সিলেটি রসগোল্লা, ১ কেজি, কাজী ফার্মস ব্র্যান্ড, প্রিমিয়াম কোয়ালিটি",314
prod_04155,সুরভি ডিম (৫ কেজি),প্রোটিন,"তাজা মুরগির ডিম, ৫ কেজি, সুরভি ব্র্যান্ড, প্রিমিয়াম কোয়ালিটি",921
prod_04156,রূপচাঁদা ঢেঁড়স (৫ কেজি),শাকসবজি,"তাজা ঢেঁড়স, ৫ কেজি, রূপচাঁদা ব্র্যান্ড, প্রিমিয়াম কোয়ালিটি",354
prod_04157,কাজী ফার্মস রসগোল্লা (৫০০ গ্রাম),মিষ্টি ও ডেজার্ট,"সিলেটি রসগোল্লা, ৫০০ গ্রাম, কাজী ফার্মস ব্র্যান্ড, প্রিমিয়াম কোয়ালিটি",197
prod_04158,অর্গানিক ফার্ম রাজমা (২ কেজি),দালিল শস্য,"লাল রাজমা, ২ কেজি, অর্গানিক ফার্ম ব্র্যান্ড, প্রিমিয়াম কোয়ালিটি",511
prod_04159,ইস্পাহানি ভ্যাজিটেবল স্টক (২৫০ মিলি),স্টক ও সস,"শাকসবজির স্টক, ২৫০ মিলি, ইস্পাহানি ব্র্যান্ড, প্রিমিয়াম কোয়ালিটি",91
prod_04160,রূপচাঁদা মাষকলাই ডাল (৫০০ গ্রাম),দালিল শস্য,"কালো মাষকলাই ডাল, ৫০০ গ্রাম, রূপচাঁদা ব্র্যান্ড, প্রিমিয়াম কোয়ালিটি",117
prod_04161,বসুন্ধরা আদার আচার (৫ কেজি),সংরক্ষণ ও চাটনি,"আদার আচার, ৫ কেজি, বসুন্ধরা ব্র্যান্ড, প্রিমিয়াম কোয়ালিটি",590
prod_04162,অর্গানিক ফার্ম চিড়া (২ কেজি),খাদ্যশস্য,"চ্যাপ্টা চিড়া, ২ কেজি, অর্গানিক ফার্ম ব্র্যান্ড, প্রিমিয়াম কোয়ালিটি",188
prod_04163,ম্যারিকো গরুর মাংস (২ কেজি),প্রোটিন,"তাজা গরুর মাংস, ২ কেজি, ম্যারিকো ব্র্যান্ড, প্রিমিয়াম কোয়ালিটি",2112
prod_04164,সুরভি আখরোট (৫ কেজি),বাদাম ও শুকনো ফল,"আখরোট, ৫ কেজি, সুরভি ব্র্যান্ড, প্রিমিয়াম কোয়ালিটি",2860
prod_04165,কাজী ফার্মস মাংস স্টক (৫ লিটার),স্টক ও সস,"গরুর মাংসের স্টক, ৫ লিটার, কাজী ফার্মস ব্র্যান্ড, প্রিমিয়াম কোয়ালিটি",1652
prod_04166,আরকু ময়দা (১ কেজি),খাদ্যশস্য,"সাদা ময়দা, ১ কেজি, আরকু ব্র্যান্ড, প্রিমিয়াম কোয়ালিটি",92
prod_04167,আফতাব সরিষার তেল (২ লিটার),রান্নার তেল,"ঐতিহ্যবাহী সরিষার তেল, ২ লিটার, আফতাব ব্র্যান্ড, প্রিমিয়াম কোয়ালিটি",513
prod_04168,অর্গানিক ফার্ম ঘি (৫০০ গ্রাম),দুগ্ধজাত,"খাঁটি গাওয়া ঘি, ৫০০ গ্রাম, অর্গানিক ফার্ম ব্র্যান্ড, প্রিমিয়াম কোয়ালিটি",440
prod_04169,রূপচাঁদা সুজি (২৫০ গ্রাম),খাদ্যশস্য,"সুজি, রান্নার জন্য, ২৫০ গ্রাম, রূপচাঁদা ব্র্যান্ড, প্রিমিয়াম কোয়ালিটি",26
prod_04170,মিল্কভিটা ফুলকপি (২ কেজি),শাকসবজি,"সাদা ফুলকপি, ২ কেজি, মিল্কভিটা ব্র্যান্ড, প্রিমিয়াম কোয়ালিটি",174
prod_04171,তীর বেকিং পাউডার (১ লিটার),রান্নার উপাদান,"বেকিং পাউডার, ১ লিটার, তীর ব্র্যান্ড, প্রিমিয়াম কোয়ালিটি",81
prod_04172,ইস্পাহানি আখরোট (২ কেজি),বাদাম ও শুকনো ফল,"আখরোট, ২ কেজি, ইস্পাহানি ব্র্যান্ড, প্রিমিয়াম কোয়ালিটি",1247
prod_04173,ইস্পাহানি কলা (১ কেজি),ফল,"সবুজ কলা, ১ কেজি, ইস্পাহানি ব্র্যান্ড, প্রিমিয়াম কোয়ালিটি",87
prod_04174,রাধুনী রসগোল্লা (১ কেজি),মিষ্টি ও ডেজার্ট,"সিলেটি রসগোল্লা, ১ কেজি, রাধুনী ব্র্যান্ড, প্রিমিয়াম কোয়ালিটি",354
prod_04175,বসুন্ধরা ঢেঁড়স (২৫০ গ্রাম),শাকসবজি,"তাজা ঢেঁড়স, ২৫০ গ্রাম, বসুন্ধরা ব্র্যান্ড, প্রিমিয়াম কোয়ালিটি",27
prod_04176,আরকু কাবুলি ছোলা (১ কেজি),দালিল শস্য,"বড় কাবুলি ছোলা, ১ কেজি, আরকু ব্র্যান্ড, প্রিমিয়াম কোয়ালিটি",237
prod_04177,প্রাণ জোয়ার (২৫০ গ্রাম),খাদ্যশস্য,"জোয়ারের আটা, ২৫০ গ্রাম, প্রাণ ব্র্যান্ড, প্রিমিয়াম কোয়ালিটি",35
prod_04178,মিল্কভিটা চিনাবাদাম (৫ কেজি),বাদাম ও শুকনো ফল,"সিদ্ধ চিনাবাদাম, ৫ কেজি, মিল্কভিটা ব্র্যান্ড, প্রিমিয়াম কোয়ালিটি",1046
prod_04179,ম্যারিকো অলিভ অয়েল (৫ লিটার),রান্নার তেল,"এক্সট্রা ভার্জিন অলিভ অয়েল, ৫ লিটার, ম্যারিকো ব্র্যান্ড, প্রিমিয়াম কোয়ালিটি",3148
prod_04180,ফ্রেশ দুধ (৫০০ গ্রাম),দুগ্ধজাত,"তাজা গরুর দুধ, ৫০০ গ্রাম, ফ্রেশ ব্র্যান্ড, প্রিমিয়াম কোয়ালিটি",82
prod_04181,ইস্পাহানি জায়ফল (৫ কেজি),মশলা,"খাঁটি জায়ফল, ৫ কেজি, ইস্পাহানি ব্র্যান্ড, প্রিমিয়াম কোয়ালিটি",1341
prod_04182,অর্গানিক ফার্ম ওটস (২৫০ গ্রাম),স্বাস্থ্য খাদ্য,"রোলড ওটস, ২৫০ গ্রাম, অর্গানিক ফার্ম ব্র্যান্ড, প্রিমিয়াম কোয়ালিটি",101
prod_04183,ACI মিষ্টি আলু (২৫০ গ্রাম),শাকসবজি,"কমলা মিষ্টি আলু, ২৫০ গ্রাম, ACI ব্র্যান্ড, প্রিমিয়াম কোয়ালিটি",28
prod_04184,ফ্রেশ ধনিয়া (২ কেজি),মশলা,"ধনিয়া গুঁড়া, ২ কেজি, ফ্রেশ ব্র্যান্ড, প্রিমিয়াম কোয়ালিটি",174
prod_04185,স্কয়ার তেলাপিয়া (২ কেজি),প্রোটিন,"তাজা তেলাপিয়া মাছ, ২ কেজি, স্কয়ার ব্র্যান্ড, প্রিমিয়াম কোয়ালিটি",902
prod_04186,ফ্রেশ বেকিং পাউডার (৫ লিটার),রান্নার উপাদান,"বেকিং পাউডার, ৫ লিটার, ফ্রেশ ব্র্যান্ড, প্রিমিয়াম কোয়ালিটি",304
prod_04187,তীর রসগোল্লা (৫০০ গ্রাম),মিষ্টি ও ডেজার্ট,"সিলেটি রসগোল্লা, ৫০০ গ্রাম, তীর ব্র্যান্ড, প্রিমিয়াম কোয়ালিটি",227
prod_04188,পূর্ণ কমলা (২৫০ গ্রাম),ফল,"নাগপুরি কমলা, ২৫০ গ্রাম, পূর্ণ ব্র্যান্ড, প্রিমিয়াম কোয়ালিটি",86
prod_04189,মিল্কভিটা আঙুর (২৫০ গ্রাম),ফল,"সবুজ আঙুর, ২৫০ গ্রাম, মিল্কভিটা ব্র্যান্ড, প্রিমিয়াম কোয়ালিটি",165
prod_04190,আফতাব সানফ্লাওয়ার তেল (৫ লিটার),রান্নার তেল,"সানফ্লাওয়ার তেল, ৫ লিটার, আফতাব ব্র্যান্ড, প্রিমিয়াম কোয়ালিটি",2147
prod_04191,ম্যারিকো ইস্ট (১ লিটার),রান্নার উপাদান,"ড্রাই ইস্ট, ১ লিটার, ম্যারিকো ব্র্যান্ড, প্রিমিয়াম কোয়ালিটি",102
prod_04192,ACI ফ্ল্যাক্স সিড (২ কেজি),স্বাস্থ্য খাদ্য,"ফ্ল্যাক্স সিড, ২ কেজি, ACI ব্র্যান্ড, প্রিমিয়াম কোয়ালিটি",777
prod_04193,রূপচাঁদা সয়া সস (২৫০ মিলি),রান্নার উপাদান,"প্রামাণিক সয়া সস, ২৫০ মিলি, রূপচাঁদা ব্র্যান্ড, প্রিমিয়াম কোয়ালিটি",69
prod_04194,রূপচাঁদা রুটি (৫ কেজি),তাৎক্ষণিক খাদ্য,"স্লাইসড রুটি, ৫ কেজি, রূপচাঁদা ব্র্যান্ড, প্রিমিয়াম কোয়ালিটি",434
prod_04195,আরকু পেয়ারা (৫ কেজি),ফল,"তাজা পেয়ারা, ৫ কেজি, আরকু ব্র্যান্ড, প্রিমিয়াম কোয়ালিটি",659
prod_04196,ACI পনির (৫ কেজি),দুগ্ধজাত,"ঘৃতি পনির, ৫ কেজি, ACI ব্র্যান্ড, প্রিমিয়াম কোয়ালিটি",1450
prod_04197,আরকু তেজপাতা (৫ কেজি),মশলা,"তেজপাতা, ৫ কেজি, আরকু ব্র্যান্ড, প্রিমিয়াম কোয়ালিটি",257
prod_04198,ম্যারিকো কাঠবাদাম (১ কেজি),বাদাম ও শুকনো ফল,"কাঠবাদাম, ১ কেজি, ম্যারিকো ব্র্যান্ড, প্রিমিয়াম কোয়ালিটি",615
prod_04199,আফতাব বুটের ডাল (৫ কেজি),দালিল শস্য,"বুটের ডাল, ৫ কেজি, আফতাব ব্র্যান্ড, প্রিমিয়াম কোয়ালিটি",952
prod_04200,ম্যারিকো আম আচার (২৫০ গ্রাম),সংরক্ষণ ও চাটনি,"তাজা আম আচার, ২৫০ গ্রাম, ম্যারিকো ব্র্যান্ড, প্রিমিয়াম কোয়ালিটি",44
prod_04201,স্কয়ার লবঙ্গ (২৫০ গ্রাম),মশলা,"খাঁটি লবঙ্গ, ২৫০ গ্রাম, স্কয়ার ব্র্যান্ড, প্রিমিয়াম কোয়ালিটি",63
prod_04202,মিল্কভিটা কমলা (৫ কেজি),ফল,"নাগপুরি কমলা, ৫ কেজি, মিল্কভিটা ব্র্যান্ড, প্রিমিয়াম কোয়ালিটি",1153
prod_04203,ফ্রেশ টমেটো সস (১ লিটার),রান্নার উপাদান,"টমেটো কেচাপ, ১ লিটার, ফ্রেশ ব্র্যান্ড, প্রিমিয়াম কোয়ালিটি",122
prod_04204,ইস্পাহানি রসগোল্লা (২ কেজি),মিষ্টি ও ডেজার্ট,"সিলেটি রসগোল্লা, ২ কেজি, ইস্পাহানি ব্র্যান্ড, প্রিমিয়াম কোয়ালিটি",702
prod_04205,আরকু তেঁতুলের চাটনি (৫০০ গ্রাম),সংরক্ষণ ও চাটনি,"তেঁতুলের চাটনি, ৫০০ গ্রাম, আরকু ব্র্যান্ড, প্রিমিয়াম কোয়ালিটি",62
prod_04206,বসুন্ধরা মিষ্টি দই (২ কেজি),মিষ্টি ও ডেজার্ট,"মিষ্টি দই, ২ কেজি, বসুন্ধরা ব্র্যান্ড, প্রিমিয়াম কোয়ালিটি",303
prod_04207,বসুন্ধরা কিসমিস (২ কেজি),বাদাম ও শুকনো ফল,"ভারতীয় কিসমিস, ২ কেজি, বসুন্ধরা ব্র্যান্ড, প্রিমিয়াম কোয়ালিটি",676
prod_04208,পূর্ণ মেয়োনেজ (১ লিটার),স্টক ও সস,"ক্রিমি মেয়োনেজ, ১ লিটার, পূর্ণ ব্র্যান্ড, প্রিমিয়াম কোয়ালিটি",238
prod_04209,বসুন্ধরা চিজ (৫ কেজি),দুগ্ধজাত,"প্রসেসড চিজ, ৫ কেজি, বসুন্ধরা ব্র্যান্ড, প্রিমিয়াম কোয়ালিটি",1599
prod_04210,ইগলু ভিনেগার (৫০০ মিলি),রান্নার উপাদান,"সাদা ভিনেগার, ৫০০ মিলি, ইগলু ব্র্যান্ড, প্রিমিয়াম কোয়ালিটি",62
prod_04211,ফ্রেশ গুঁড়া চিনি (২৫০ গ্রাম),মিষ্টি ও ডেজার্ট,"সাদা গুঁড়া চিনি, ২৫০ গ্রাম, ফ্রেশ ব্র্যান্ড, প্রিমিয়াম কোয়ালিটি",42
prod_04212,ইস্পাহানি কলা (৫ কেজি),ফল,"সবুজ কলা, ৫ কেজি, ইস্পাহানি ব্র্যান্ড, প্রিমিয়াম কোয়ালিটি",355
prod_04213,ACI লেবুর রস (৫ লিটার),পানীয়,"প্রাকৃতিক লেবুর রস, ৫ লিটার, ACI ব্র্যান্ড, প্রিমিয়াম কোয়ালিটি",524
prod_04214,ফ্রেশ কফি বিন (২ লিটার),পানীয়,"ভাজা কফি বিন, ২ লিটার, ফ্রেশ ব্র্যান্ড, প্রিমিয়াম কোয়ালিটি",877
prod_04215,কাজী ফার্মস পনির (২ কেজি),দুগ্ধজাত,"ঘৃতি পনির, ২ কেজি, কাজী ফার্মস ব্র্যান্ড, প্রিমিয়াম কোয়ালিটি",524
prod_04216,রূপচাঁদা রাজমা (২৫০ গ্রাম),দালিল শস্য,"লাল রাজমা, ২৫০ গ্রাম, রূপচাঁদা ব্র্যান্ড, প্রিমিয়াম কোয়ালিটি",70
prod_04217,ইস্পাহানি বুটের ডাল (২৫০ গ্রাম),দালিল শস্য,"বুটের ডাল, ২৫০ গ্রাম, ইস্পাহানি ব্র্যান্ড, প্রিমিয়াম কোয়ালিটি",62
prod_04218,ড্যানিশ নারকেল তেল (৫ লিটার),রান্নার তেল,"খাঁটি নারকেল তেল, ৫ লিটার, ড্যানিশ ব্র্যান্ড, প্রিমিয়াম কোয়ালিটি",1345
prod_04219,অর্গানিক ফার্ম খাসির মাংস (২৫০ গ্রাম),প্রোটিন,"তাজা খাসির মাংস, ২৫০ গ্রাম, অর্গানিক ফার্ম ব্র্যান্ড, প্রিমিয়াম কোয়ালিটি",471
prod_04220,স্কয়ার ঘি (২৫০ গ্রাম),দুগ্ধজাত,"খাঁটি গাওয়া ঘি, ২৫০ গ্রাম, স্কয়ার ব্র্যান্ড, প্রিমিয়াম কোয়ালিটি",204
prod_04221,বসুন্ধরা ডিম (৫০০ গ্রাম),প্রোটিন,"তাজা মুরগির ডিম, ৫০০ গ্রাম, বসুন্ধরা ব্র্যান্ড, প্রিমিয়াম কোয়ালিটি",114
prod_04222,পূর্ণ দই (২ কেজি),দুগ্ধজাত,"তাজা গরুর দই, ২ কেজি, পূর্ণ ব্র্যান্ড, প্রিমিয়াম কোয়ালিটি",200
prod_04223,সুরভি কাজু বাদাম (৫০০ গ্রাম),বাদাম ও শুকনো ফল,"টাটকা কাজু বাদাম, ৫০০ গ্রাম, সুরভি ব্র্যান্ড, প্রিমিয়াম কোয়ালিটি",290
prod_04224,প্রাণ কেক (২ কেজি),তাৎক্ষণিক খাদ্য,"ফ্রুট কেক, ২ কেজি, প্রাণ ব্র্যান্ড, প্রিমিয়াম কোয়ালিটি",417
prod_04225,আফতাব মিষ্টি দই (১ কেজি),মিষ্টি ও ডেজার্ট,"মিষ্টি দই, ১ কেজি, আফতাব ব্র্যান্ড, প্রিমিয়াম কোয়ালিটি",164
prod_04226,স্কয়ার কাতলা মাছ (২৫০ গ্রাম),প্রোটিন,"তাজা কাতলা মাছ, ২৫০ গ্রাম, স্কয়ার ব্র্যান্ড, প্রিমিয়াম কোয়ালিটি",132
prod_04227,আফতাব পাম তেল (৫ লিটার),রান্নার তেল,"পরিশোধিত পাম তেল, ৫ লিটার, আফতাব ব্র্যান্ড, প্রিমিয়াম কোয়ালিটি",1077
prod_04228,মেঘনা তেজপাতা (২৫০ গ্রাম),মশলা,"তেজপাতা, ২৫০ গ্রাম, মেঘনা ব্র্যান্ড, প্রিমিয়াম কোয়ালিটি",17
prod_04229,সুরভি লাল শাক (২৫০ গ্রাম),শাকসবজি,"তাজা লাল শাক, ২৫০ গ্রাম, সুরভি ব্র্যান্ড, প্রিমিয়াম কোয়ালিটি",10
prod_04230,মিল্কভিটা বুটের ডাল (২৫০ গ্রাম),দালিল শস্য,"বুটের ডাল, ২৫০ গ্রাম, মিল্কভিটা ব্র্যান্ড, প্রিমিয়াম কোয়ালিটি",63
prod_04231,কাজী ফার্মস ফেলন (২৫০ গ্রাম),দালিল শস্য,"সবুজ ফেলন, ২৫০ গ্রাম, কাজী ফার্মস ব্র্যান্ড, প্রিমিয়াম কোয়ালিটি",51
prod_04232,পূর্ণ পেঁপে (১ কেজি),ফল,"পাকা পেঁপে, ১ কেজি, পূর্ণ ব্র্যান্ড, প্রিমিয়াম কোয়ালিটি",114
prod_04233,সুরভি বেকিং পাউডার (২ লিটার),রান্নার উপাদান,"বেকিং পাউডার, ২ লিটার, সুরভি ব্র্যান্ড, প্রিমিয়াম কোয়ালিটি",165
prod_04234,রূপচাঁদা কাসুন্দি (৫০০ গ্রাম),সংরক্ষণ ও চাটনি,"বাঙালি কাসুন্দি, ৫০০ গ্রাম, রূপচাঁদা ব্র্যান্ড, প্রিমিয়াম কোয়ালিটি",93
prod_04235,তীর মিষ্টি আমের চাটনি (১ কেজি),সংরক্ষণ ও চাটনি,"মিষ্টি আমের চাটনি, ১ কেজি, তীর ব্র্যান্ড, প্রিমিয়াম কোয়ালিটি",187
prod_04236,বসুন্ধরা লবণ (৫০০ গ্রাম),মশলা,"সমুদ্রের লবণ, ৫০০ গ্রাম, বসুন্ধরা ব্র্যান্ড, প্রিমিয়াম কোয়ালিটি",38
prod_04237,ACI ভুট্টা (৫০০ গ্রাম),খাদ্যশস্য,"হলুদ ভুট্টা, ৫০০ গ্রাম, ACI ব্র্যান্ড, প্রিমিয়াম কোয়ালিটি",56
prod_04238,পূর্ণ ফিশ সস (৫০০ মিলি),স্টক ও সস,"মাছের সস, ৫০০ মিলি, পূর্ণ ব্র্যান্ড, প্রিমিয়াম কোয়ালিটি",143
prod_04239,পূর্ণ মিষ্টি আমের চাটনি (২ কেজি),সংরক্ষণ ও চাটনি,"মিষ্টি আমের চাটনি, ২ কেজি, পূর্ণ ব্র্যান্ড, প্রিমিয়াম কোয়ালিটি",356
prod_04240,ইগলু অ্যালমন্ড মিল্ক (২ কেজি),স্বাস্থ্য খাদ্য,"অ্যালমন্ড মিল্ক, ২ কেজি, ইগলু ব্র্যান্ড, প্রিমিয়াম কোয়ালিটি",791
prod_04241,পূর্ণ চিপস (৫০০ গ্রাম),তাৎক্ষণিক খাদ্য,"আলুর চিপস, ৫০০ গ্রাম, পূর্ণ ব্র্যান্ড, প্রিমিয়াম কোয়ালিটি",42
prod_04242,ম্যারিকো ঘি (৫০০ গ্রাম),দুগ্ধজাত,"খাঁটি গাওয়া ঘি, ৫০০ গ্রাম, ম্যারিকো ব্র্যান্ড, প্রিমিয়াম কোয়ালিটি",408
prod_04243,কাজী ফার্মস কাসুন্দি (২ কেজি),সংরক্ষণ ও চাটনি,"বাঙালি কাসুন্দি, ২ কেজি, কাজী ফার্মস ব্র্যান্ড, প্রিমিয়াম কোয়ালিটি",292
prod_04244,পূর্ণ কিসমিস (৫০০ গ্রাম),বাদাম ও শুকনো ফল,"ভারতীয় কিসমিস, ৫০০ গ্রাম, পূর্ণ ব্র্যান্ড, প্রিমিয়াম কোয়ালিটি",198
prod_04245,অর্গানিক ফার্ম প্রোটিন পাউডার (২ কেজি),স্বাস্থ্য খাদ্য,"হোয়ে প্রোটিন, ২ কেজি, অর্গানিক ফার্ম ব্র্যান্ড, প্রিমিয়াম কোয়ালিটি",2215
prod_04246,কাজী ফার্মস দুধ (৫০০ গ্রাম),দুগ্ধজাত,"তাজা গরুর দুধ, ৫০০ গ্রাম, কাজী ফার্মস ব্র্যান্ড, প্রিমিয়াম কোয়ালিটি",83
prod_04247,ইগলু মাংস স্টক (২৫০ মিলি),স্টক ও সস,"গরুর মাংসের স্টক, ২৫০ মিলি, ইগলু ব্র্যান্ড, প্রিমিয়াম কোয়ালিটি",132
prod_04248,ইস্পাহানি কর্নফ্লাওয়ার (১ লিটার),রান্নার উপাদান,"কর্নফ্লাওয়ার, ১ লিটার, ইস্পাহানি ব্র্যান্ড, প্রিমিয়াম কোয়ালিটি",144
prod_04249,পূর্ণ সিং মাছ (৫ কেজি),প্রোটিন,"স্থানীয় সিং মাছ, ৫ কেজি, পূর্ণ ব্র্যান্ড, প্রিমিয়াম কোয়ালিটি",3090
prod_04250,ড্যানিশ মাখন (১ কেজি),দুগ্ধজাত,"খাঁটি মাখন, ১ কেজি, ড্যানিশ ব্র্যান্ড, প্রিমিয়াম কোয়ালিটি",570
prod_04251,রূপচাঁদা বোয়াল মাছ (১ কেজি),প্রোটিন,"তাজা বোয়াল মাছ, ১ কেজি, রূপচাঁদা ব্র্যান্ড, প্রিমিয়াম কোয়ালিটি",836
prod_04252,রাধুনী মুগ ডাল (২৫০ গ্রাম),দালিল শস্য,"সবুজ মুগ ডাল, ২৫০ গ্রাম, রাধুনী ব্র্যান্ড, প্রিমিয়াম কোয়ালিটি",53
prod_04253,রাধুনী মাষকলাই ডাল (১ কেজি),দালিল শস্য,"কালো মাষকলাই ডাল, ১ কেজি, রাধুনী ব্র্যান্ড, প্রিমিয়াম কোয়ালিটি",274
prod_04254,তীর মিষ্টি আমের চাটনি (৫০০ গ্রাম),সংরক্ষণ ও চাটনি,"মিষ্টি আমের চাটনি, ৫০০ গ্রাম, তীর ব্র্যান্ড, প্রিমিয়াম কোয়ালিটি",94
prod_04255,অর্গানিক ফার্ম সানফ্লাওয়ার তেল (১ লিটার),রান্নার তেল,"সানফ্লাওয়ার তেল, ১ লিটার, অর্গানিক ফার্ম ব্র্যান্ড, প্রিমিয়াম কোয়ালিটি",553
prod_04256,স্কয়ার অ্যালমন্ড মিল্ক (৫০০ গ্রাম),স্বাস্থ্য খাদ্য,"অ্যালমন্ড মিল্ক, ৫০০ গ্রাম, স্কয়ার ব্র্যান্ড, প্রিমিয়াম কোয়ালিটি",234
prod_04257,ইস্পাহানি বেগুন (৫০০ গ্রাম),শাকসবজি,"বেগুনি বেগুন, ৫০০ গ্রাম, ইস্পাহানি ব্র্যান্ড, প্রিমিয়াম কোয়ালিটি",35
prod_04258,অর্গানিক ফার্ম বেগুন (২ কেজি),শাকসবজি,"বেগুনি বেগুন, ২ কেজি, অর্গানিক ফার্ম ব্র্যান্ড, প্রিমিয়াম কোয়ালিটি",114
prod_04259,বসুন্ধরা স্ট্রবেরি (৫০০ গ্রাম),ফল,"তাজা স্ট্রবেরি, ৫০০ গ্রাম, বসুন্ধরা ব্র্যান্ড, প্রিমিয়াম কোয়ালিটি",399
prod_04260,ইগলু কই মাছ (২৫০ গ্রাম),প্রোটিন,"তাজা কই মাছ, ২৫০ গ্রাম, ইগলু ব্র্যান্ড, প্রিমিয়াম কোয়ালিটি",188
prod_04261,পূর্ণ কই মাছ (২ কেজি),প্রোটিন,"তাজা কই মাছ, ২ কেজি, পূর্ণ ব্র্যান্ড, প্রিমিয়াম কোয়ালিটি",1079
prod_04262,মিল্কভিটা গরম মসলা (১ কেজি),মশলা,"গরম মাসালা মিশ্রণ, ১ কেজি, মিল্কভিটা ব্র্যান্ড, প্রিমিয়াম কোয়ালিটি",162
prod_04263,প্রাণ জায়ফল (২ কেজি),মশলা,"খাঁটি জায়ফল, ২ কেজি, প্রাণ ব্র্যান্ড, প্রিমিয়াম কোয়ালিটি",725
prod_04264,রাধুনী টমেটোর চাটনি (১ কেজি),সংরক্ষণ ও চাটনি,"টমেটোর চাটনি, ১ কেজি, রাধুনী ব্র্যান্ড, প্রিমিয়াম কোয়ালিটি",125
prod_04265,ACI তেলাপিয়া (২ কেজি),প্রোটিন,"তাজা তেলাপিয়া মাছ, ২ কেজি, ACI ব্র্যান্ড, প্রিমিয়াম কোয়ালিটি",900
prod_04266,ম্যারিকো লাল শাক (১ কেজি),শাকসবজি,"তাজা লাল শাক, ১ কেজি, ম্যারিকো ব্র্যান্ড, প্রিমিয়াম কোয়ালিটি",33
prod_04267,অর্গানিক ফার্ম সানফ্লাওয়ার তেল (২ লিটার),রান্নার তেল,"সানফ্লাওয়ার তেল, ২ লিটার, অর্গানিক ফার্ম ব্র্যান্ড, প্রিমিয়াম কোয়ালিটি",820
prod_04268,মেঘনা মাংস স্টক (১ লিটার),স্টক ও সস,"গরুর মাংসের স্টক, ১ লিটার, মেঘনা ব্র্যান্ড, প্রিমিয়াম কোয়ালিটি",408
prod_04269,প্রাণ লাচ্ছি (২ লিটার),পানীয়,"ঠান্ডা লাচ্ছি, ২ লিটার, প্রাণ ব্র্যান্ড, প্রিমিয়াম কোয়ালিটি",181
prod_04270,সুরভি হলুদ গুঁড়া (১ কেজি),মশলা,"খাঁটি হলুদ গুঁড়া, ১ কেজি, সুরভি ব্র্যান্ড, প্রিমিয়াম কোয়ালিটি",83
prod_04271,আরকু হট সস (১ লিটার),স্টক ও সস,"হট চিলি সস, ১ লিটার, আরকু ব্র্যান্ড, প্রিমিয়াম কোয়ালিটি",193
prod_04272,স্কয়ার কিনোয়া (৫ কেজি),স্বাস্থ্য খাদ্য,"অর্গানিক কিনোয়া, ৫ কেজি, স্কয়ার ব্র্যান্ড, প্রিমিয়াম কোয়ালিটি",2255
prod_04273,মিল্কভিটা চিড়া (২৫০ গ্রাম),খাদ্যশস্য,"চ্যাপ্টা চিড়া, ২৫০ গ্রাম, মিল্কভিটা ব্র্যান্ড, প্রিমিয়াম কোয়ালিটি",28
prod_04274,পূর্ণ চিজ (২ কেজি),দুগ্ধজাত,"প্রসেসড চিজ, ২ কেজি, পূর্ণ ব্র্যান্ড, প্রিমিয়াম কোয়ালিটি",688
prod_04275,স্কয়ার লেবুর রস (১ লিটার),পানীয়,"প্রাকৃতিক লেবুর রস, ১ লিটার, স্কয়ার ব্র্যান্ড, প্রিমিয়াম কোয়ালিটি",157
prod_04276,স্কয়ার মেয়োনেজ (৫০০ মিলি),স্টক ও সস,"ক্রিমি মেয়োনেজ, ৫০০ মিলি, স্কয়ার ব্র্যান্ড, প্রিমিয়াম কোয়ালিটি",135
prod_04277,ম্যারিকো লাচ্ছি (২ লিটার),পানীয়,"ঠান্ডা লাচ্ছি, ২ লিটার, ম্যারিকো ব্র্যান্ড, প্রিমিয়াম কোয়ালিটি",179
prod_04278,রাধুনী তিলের তেল (১ লিটার),রান্নার তেল,"খাঁটি তিলের তেল, ১ লিটার, রাধুনী ব্র্যান্ড, প্রিমিয়াম কোয়ালিটি",698
prod_04279,তীর আলু (২৫০ গ্রাম),শাকসবজি,"স্থানীয় আলু, ২৫০ গ্রাম, তীর ব্র্যান্ড, প্রিমিয়াম কোয়ালিটি",16
prod_04280,রাধুনী জাফরান (৫০০ গ্রাম),মশলা,"খাঁটি জাফরান, ৫০০ গ্রাম, রাধুনী ব্র্যান্ড, প্রিমিয়াম কোয়ালিটি",306
prod_04281,রাধুনী গুঁড়া চিনি (২৫০ গ্রাম),মিষ্টি ও ডেজার্ট,"সাদা গুঁড়া চিনি, ২৫০ গ্রাম, রাধুনী ব্র্যান্ড, প্রিমিয়াম কোয়ালিটি",50
prod_04282,রাধুনী পরোটা (৫০০ গ্রাম),তাৎক্ষণিক খাদ্য,"ফ্রোজেন পরোটা, ৫০০ গ্রাম, রাধুনী ব্র্যান্ড, প্রিমিয়াম কোয়ালিটি",81
prod_04283,ফ্রেশ গ্রানোলা (৫ কেজি),স্বাস্থ্য খাদ্য,"মিক্সড গ্রানোলা, ৫ কেজি, ফ্রেশ ব্র্যান্ড, প্রিমিয়াম কোয়ালিটি",1861
prod_04284,রাধুনী চিংড়ি (৫০০ গ্রাম),প্রোটিন,"তাজা চিংড়ি, ৫০০ গ্রাম, রাধুনী ব্র্যান্ড, প্রিমিয়াম কোয়ালিটি",526
prod_04285,ড্যানিশ সয়াবিন তেল (৫০০ মিলি),রান্নার তেল,"বিশুদ্ধ সয়াবিন তেল, ৫০০ মিলি, ড্যানিশ ব্র্যান্ড, প্রিমিয়াম কোয়ালিটি",255
prod_04286,স্কয়ার পাম তেল (৫ লিটার),রান্নার তেল,"পরিশোধিত পাম তেল, ৫ লিটার, স্কয়ার ব্র্যান্ড, প্রিমিয়াম কোয়ালিটি",1143
prod_04287,অর্গানিক ফার্ম চিজ (৫০০ গ্রাম),দুগ্ধজাত,"প্রসেসড চিজ, ৫০০ গ্রাম, অর্গানিক ফার্ম ব্র্যান্ড, প্রিমিয়াম কোয়ালিটি",247
prod_04288,ইস্পাহানি রাজমা (৫ কেজি),দালিল শস্য,"লাল রাজমা, ৫ কেজি, ইস্পাহানি ব্র্যান্ড, প্রিমিয়াম কোয়ালিটি",1022
prod_04289,বসুন্ধরা জিরা (৫০০ গ্রাম),মশলা,"জিরা বীজ, ৫০০ গ্রাম, বসুন্ধরা ব্র্যান্ড, প্রিমিয়াম কোয়ালিটি",89
prod_04290,রাধুনী পনির (৫০০ গ্রাম),দুগ্ধজাত,"ঘৃতি পনির, ৫০০ গ্রাম, রাধুনী ব্র্যান্ড, প্রিমিয়াম কোয়ালিটি",163
prod_04291,ইস্পাহানি সেমাই (২ কেজি),তাৎক্ষণিক খাদ্য,"পাতলা সেমাই, ২ কেজি, ইস্পাহানি ব্র্যান্ড, প্রিমিয়াম কোয়ালিটি",233
prod_04292,আফতাব কাঠবাদাম (১ কেজি),বাদাম ও শুকনো ফল,"কাঠবাদাম, ১ কেজি, আফতাব ব্র্যান্ড, প্রিমিয়াম কোয়ালিটি",494
prod_04293,সুরভি নারকেল জল (৫ লিটার),পানীয়,"তাজা নারকেল জল, ৫ লিটার, সুরভি ব্র্যান্ড, প্রিমিয়াম কোয়ালিটি",596
prod_04294,ইস্পাহানি আখের রস (২৫০ মিলি),পানীয়,"তাজা আখের রস, ২৫০ মিলি, ইস্পাহানি ব্র্যান্ড, প্রিমিয়াম কোয়ালিটি",65
prod_04295,আরকু আনারস (৫ কেজি),ফল,"তাজা আনারস, ৫ কেজি, আরকু ব্র্যান্ড, প্রিমিয়াম কোয়ালিটি",807
prod_04296,ইগলু ভ্যাজিটেবল স্টক (২৫০ মিলি),স্টক ও সস,"শাকসবজির স্টক, ২৫০ মিলি, ইগলু ব্র্যান্ড, প্রিমিয়াম কোয়ালিটি",102
prod_04297,মিল্কভিটা সানফ্লাওয়ার তেল (১ লিটার),রান্নার তেল,"সানফ্লাওয়ার তেল, ১ লিটার, মিল্কভিটা ব্র্যান্ড, প্রিমিয়াম কোয়ালিটি",572
prod_04298,স্কয়ার রাইস ব্রান তেল (২ লিটার),রান্নার তেল,"রাইস ব্রান তেল, ২ লিটার, স্কয়ার ব্র্যান্ড, প্রিমিয়াম কোয়ালিটি",796
prod_04299,রূপচাঁদা আনারস (১ কেজি),ফল,"তাজা আনারস, ১ কেজি, রূপচাঁদা ব্র্যান্ড, প্রিমিয়াম কোয়ালিটি",194
prod_04300,ম্যারিকো রুটি (৫০০ গ্রাম),তাৎক্ষণিক খাদ্য,"স্লাইসড রুটি, ৫০০ গ্রাম, ম্যারিকো ব্র্যান্ড, প্রিমিয়াম কোয়ালিটি",61
prod_04301,ড্যানিশ মাষকলাই ডাল (২ কেজি),দালিল শস্য,"কালো মাষকলাই ডাল, ২ কেজি, ড্যানিশ ব্র্যান্ড, প্রিমিয়াম কোয়ালিটি",481
prod_04302,ইগলু বিস্কুট (২ কেজি),তাৎক্ষণিক খাদ্য,"ক্রিম বিস্কুট, ২ কেজি, ইগলু ব্র্যান্ড, প্রিমিয়াম কোয়ালিটি",94
prod_04303,পূর্ণ শোল মাছ (২ কেজি),প্রোটিন,"তাজা শোল মাছ, ২ কেজি, পূর্ণ ব্র্যান্ড, প্রিমিয়াম কোয়ালিটি",1815
prod_04304,স্কয়ার বোয়াল মাছ (২ কেজি),প্রোটিন,"তাজা বোয়াল মাছ, ২ কেজি, স্কয়ার ব্র্যান্ড, প্রিমিয়াম কোয়ালিটি",1651
prod_04305,মেঘনা গরুর মাংস (২৫০ গ্রাম),প্রোটিন,"তাজা গরুর মাংস, ২৫০ গ্রাম, মেঘনা ব্র্যান্ড, প্রিমিয়াম কোয়ালিটি",343
prod_04306,মিল্কভিটা মেথি বীজ (৫০০ গ্রাম),মশলা,"মেথি বীজ, ৫০০ গ্রাম, মিল্কভিটা ব্র্যান্ড, প্রিমিয়াম কোয়ালিটি",45
prod_04307,রূপচাঁদা ভুট্টা (৫০০ গ্রাম),খাদ্যশস্য,"হলুদ ভুট্টা, ৫০০ গ্রাম, রূপচাঁদা ব্র্যান্ড, প্রিমিয়াম কোয়ালিটি",60
prod_04308,রূপচাঁদা দই (২ কেজি),দুগ্ধজাত,"তাজা গরুর দই, ২ কেজি, রূপচাঁদা ব্র্যান্ড, প্রিমিয়াম কোয়ালিটি",201
prod_04309,ম্যারিকো গ্রিন টি (২ লিটার),পানীয়,"গ্রিন টি ব্যাগ, ২ লিটার, ম্যারিকো ব্র্যান্ড, প্রিমিয়াম কোয়ালিটি",594
prod_04310,ড্যানিশ তরমুজ (৫০০ গ্রাম),ফল,"তাজা তরমুজ, ৫০০ গ্রাম, ড্যানিশ ব্র্যান্ড, প্রিমিয়াম কোয়ালিটি",59
prod_04311,ফ্রেশ মাষকলাই ডাল (২৫০ গ্রাম),দালিল শস্য,"কালো মাষকলাই ডাল, ২৫০ গ্রাম, ফ্রেশ ব্র্যান্ড, প্রিমিয়াম কোয়ালিটি",76
prod_04312,ACI পেঁপে (৫০০ গ্রাম),ফল,"পাকা পেঁপে, ৫০০ গ্রাম, ACI ব্র্যান্ড, প্রিমিয়াম কোয়ালিটি",55
prod_04313,ড্যানিশ কমলা (২ কেজি),ফল,"নাগপুরি কমলা, ২ কেজি, ড্যানিশ ব্র্যান্ড, প্রিমিয়াম কোয়ালিটি",491
prod_04314,স্কয়ার পেস্তাবাদাম (১ কেজি),বাদাম ও শুকনো ফল,"ইরানি পেস্তাবাদাম, ১ কেজি, স্কয়ার ব্র্যান্ড, প্রিমিয়াম কোয়ালিটি",607
prod_04315,অর্গানিক ফার্ম ভ্যাজিটেবল স্টক (৫০০ মিলি),স্টক ও সস,"শাকসবজির স্টক, ৫০০ মিলি, অর্গানিক ফার্ম ব্র্যান্ড, প্রিমিয়াম কোয়ালিটি",181
prod_04316,তীর চিপস (১ কেজি),তাৎক্ষণিক খাদ্য,"আলুর চিপস, ১ কেজি, তীর ব্র্যান্ড, প্রিমিয়াম কোয়ালিটি",73
prod_04317,প্রাণ কলা (২ কেজি),ফল,"সবুজ কলা, ২ কেজি, প্রাণ ব্র্যান্ড, প্রিমিয়াম কোয়ালিটি",153
prod_04318,স্কয়ার গুড় (৫০০ গ্রাম),মিষ্টি ও ডেজার্ট,"খাঁটি গুড়, ৫০০ গ্রাম, স্কয়ার ব্র্যান্ড, প্রিমিয়াম কোয়ালিটি",134
prod_04319,বসুন্ধরা কেক (৫ কেজি),তাৎক্ষণিক খাদ্য,"ফ্রুট কেক, ৫ কেজি, বসুন্ধরা ব্র্যান্ড, প্রিমিয়াম কোয়ালিটি",1071
prod_04320,তীর সেমাই (১ কেজি),তাৎক্ষণিক খাদ্য,"পাতলা সেমাই, ১ কেজি, তীর ব্র্যান্ড, প্রিমিয়াম কোয়ালিটি",136
prod_04321,অর্গানিক ফার্ম মিষ্টি দই (৫০০ গ্রাম),মিষ্টি ও ডেজার্ট,"মিষ্টি দই, ৫০০ গ্রাম, অর্গানিক ফার্ম ব্র্যান্ড, প্রিমিয়াম কোয়ালিটি",98
prod_04322,মিল্কভিটা সন্দেশ (২ কেজি),মিষ্টি ও ডেজার্ট,"তাজা সন্দেশ, ২ কেজি, মিল্কভিটা ব্র্যান্ড, প্রিমিয়াম কোয়ালিটি",571
prod_04323,ফ্রেশ রুটি (২ কেজি),তাৎক্ষণিক খাদ্য,"স্লাইসড রুটি, ২ কেজি, ফ্রেশ ব্র্যান্ড, প্রিমিয়াম কোয়ালিটি",206
prod_04324,আফতাব পাস্তা (২ কেজি),তাৎক্ষণিক খাদ্য,"ইতালিয়ান পাস্তা, ২ কেজি, আফতাব ব্র্যান্ড, প্রিমিয়াম কোয়ালিটি",379
prod_04325,ইগলু কফি বিন (২ লিটার),পানীয়,"ভাজা কফি বিন, ২ লিটার, ইগলু ব্র্যান্ড, প্রিমিয়াম কোয়ালিটি",866
prod_04326,মেঘনা কফি পাউডার (২৫০ মিলি),পানীয়,"কফি পাউডার, ২৫০ মিলি, মেঘনা ব্র্যান্ড, প্রিমিয়াম কোয়ালিটি",109
prod_04327,স্কয়ার চিনি (১ কেজি),মিষ্টি ও ডেজার্ট,"সাদা পরিশোধিত চিনি, ১ কেজি, স্কয়ার ব্র্যান্ড, প্রিমিয়াম কোয়ালিটি",158
prod_04328,তীর জাম (১ কেজি),ফল,"কালো জাম, ১ কেজি, তীর ব্র্যান্ড, প্রিমিয়াম কোয়ালিটি",306
prod_04329,অর্গানিক ফার্ম আনারস (৫ কেজি),ফল,"তাজা আনারস, ৫ কেজি, অর্গানিক ফার্ম ব্র্যান্ড, প্রিমিয়াম কোয়ালিটি",682
prod_04330,ACI পনির (২৫০ গ্রাম),দুগ্ধজাত,"ঘৃতি পনির, ২৫০ গ্রাম, ACI ব্র্যান্ড, প্রিমিয়াম কোয়ালিটি",96
prod_04331,আফতাব ক্রিম (১ কেজি),দুগ্ধজাত,"ফ্রেশ ক্রিম, ১ কেজি, আফতাব ব্র্যান্ড, প্রিমিয়াম কোয়ালিটি",332
prod_04332,প্রাণ আদা পেস্ট (১ লিটার),রান্নার উপাদান,"তাজা আদা পেস্ট, ১ লিটার, প্রাণ ব্র্যান্ড, প্রিমিয়াম কোয়ালিটি",142
prod_04333,প্রাণ পাঙ্গাস মাছ (২৫০ গ্রাম),প্রোটিন,"তাজা পাঙ্গাস মাছ, ২৫০ গ্রাম, প্রাণ ব্র্যান্ড, প্রিমিয়াম কোয়ালিটি",167
prod_04334,মেঘনা ভ্যাজিটেবল স্টক (২ লিটার),স্টক ও সস,"শাকসবজির স্টক, ২ লিটার, মেঘনা ব্র্যান্ড, প্রিমিয়াম কোয়ালিটি",623
prod_04335,পূর্ণ খাসির মাংস (৫ কেজি),প্রোটিন,"তাজা খাসির মাংস, ৫ কেজি, পূর্ণ ব্র্যান্ড, প্রিমিয়াম কোয়ালিটি",6055
prod_04336,ফ্রেশ গ্রানোলা (১ কেজি),স্বাস্থ্য খাদ্য,"মিক্সড গ্রানোলা, ১ কেজি, ফ্রেশ ব্র্যান্ড, প্রিমিয়াম কোয়ালিটি",497
prod_04337,ACI চিজ (৫০০ গ্রাম),দুগ্ধজাত,"প্রসেসড চিজ, ৫০০ গ্রাম, ACI ব্র্যান্ড, প্রিমিয়াম কোয়ালিটি",256
prod_04338,ফ্রেশ নুডুলস (২৫০ গ্রাম),তাৎক্ষণিক খাদ্য,"ডিম নুডুলস, ২৫০ গ্রাম, ফ্রেশ ব্র্যান্ড, প্রিমিয়াম কোয়ালিটি",33
prod_04339,তীর আনারস (১ কেজি),ফল,"তাজা আনারস, ১ কেজি, তীর ব্র্যান্ড, প্রিমিয়াম কোয়ালিটি",197
prod_04340,প্রাণ ইস্ট (২ লিটার),রান্নার উপাদান,"ড্রাই ইস্ট, ২ লিটার, প্রাণ ব্র্যান্ড, প্রিমিয়াম কোয়ালিটি",200
prod_04341,স্কয়ার নারকেল দুধ (৫ লিটার),রান্নার উপাদান,"গাঢ় নারকেল দুধ, ৫ লিটার, স্কয়ার ব্র্যান্ড, প্রিমিয়াম কোয়ালিটি",847
prod_04342,স্কয়ার খেসারি ডাল (৫ কেজি),দালিল শস্য,"খেসারি ডাল, ৫ কেজি, স্কয়ার ব্র্যান্ড, প্রিমিয়াম কোয়ালিটি",807
prod_04343,আরকু কাবুলি ছোলা (৫০০ গ্রাম),দালিল শস্য,"বড় কাবুলি ছোলা, ৫০০ গ্রাম, আরকু ব্র্যান্ড, প্রিমিয়াম কোয়ালিটি",149
prod_04344,তীর অলিভ অয়েল (২৫০ মিলি),রান্নার তেল,"এক্সট্রা ভার্জিন অলিভ অয়েল, ২৫০ মিলি, তীর ব্র্যান্ড, প্রিমিয়াম কোয়ালিটি",226
prod_04345,মেঘনা গুঁড়া চিনি (১ কেজি),মিষ্টি ও ডেজার্ট,"সাদা গুঁড়া চিনি, ১ কেজি, মেঘনা ব্র্যান্ড, প্রিমিয়াম কোয়ালিটি",162
prod_04346,রাধুনী হট সস (২ লিটার),স্টক ও সস,"হট চিলি সস, ২ লিটার, রাধুনী ব্র্যান্ড, প্রিমিয়াম কোয়ালিটি",310
prod_04347,ড্যানিশ কাবুলি ছোলা (২ কেজি),দালিল শস্য,"বড় কাবুলি ছোলা, ২ কেজি, ড্যানিশ ব্র্যান্ড, প্রিমিয়াম কোয়ালিটি",508
prod_04348,ইগলু নারকেল তেল (৫০০ মিলি),রান্নার তেল,"খাঁটি নারকেল তেল, ৫০০ মিলি, ইগলু ব্র্যান্ড, প্রিমিয়াম কোয়ালিটি",176
prod_04349,সুরভি গ্রিন টি (২৫০ মিলি),পানীয়,"গ্রিন টি ব্যাগ, ২৫০ মিলি, সুরভি ব্র্যান্ড, প্রিমিয়াম কোয়ালিটি",93
prod_04350,সুরভি চাল (২ কেজি),খাদ্যশস্য,"সাদা চাল, স্থানীয় উৎপাদিত, ২ কেজি, সুরভি ব্র্যান্ড, প্রিমিয়াম কোয়ালিটি",124
prod_04351,তীর গুড় (৫০০ গ্রাম),মিষ্টি ও ডেজার্ট,"খাঁটি গুড়, ৫০০ গ্রাম, তীর ব্র্যান্ড, প্রিমিয়াম কোয়ালিটি",120
prod_04352,পূর্ণ বিস্কুট (২৫০ গ্রাম),তাৎক্ষণিক খাদ্য,"ক্রিম বিস্কুট, ২৫০ গ্রাম, পূর্ণ ব্র্যান্ড, প্রিমিয়াম কোয়ালিটি",15
prod_04353,প্রাণ নারকেল চিপস (২ কেজি),বাদাম ও শুকনো ফল,"কাটা নারকেল চিপস, ২ কেজি, প্রাণ ব্র্যান্ড, প্রিমিয়াম কোয়ালিটি",324
prod_04354,মিল্কভিটা অড়হর ডাল (২৫০ গ্রাম),দালিল শস্য,"অড়হর ডাল, ২৫০ গ্রাম, মিল্কভিটা ব্র্যান্ড, প্রিমিয়াম কোয়ালিটি",63
prod_04355,মেঘনা আম (২৫০ গ্রাম),ফল,"হিমসাগর আম, ২৫০ গ্রাম, মেঘনা ব্র্যান্ড, প্রিমিয়াম কোয়ালিটি",102
prod_04356,পূর্ণ রসুনের আচার (৫০০ গ্রাম),সংরক্ষণ ও চাটনি,"রসুনের আচার, ৫০০ গ্রাম, পূর্ণ ব্র্যান্ড, প্রিমিয়াম কোয়ালিটি",71
prod_04357,অর্গানিক ফার্ম সুজি (১ কেজি),খাদ্যশস্য,"সুজি, রান্নার জন্য, ১ কেজি, অর্গানিক ফার্ম ব্র্যান্ড, প্রিমিয়াম কোয়ালিটি",92
prod_04358,ইস্পাহানি তেঁতুলের চাটনি (৫০০ গ্রাম),সংরক্ষণ ও চাটনি,"তেঁতুলের চাটনি, ৫০০ গ্রাম, ইস্পাহানি ব্র্যান্ড, প্রিমিয়াম কোয়ালিটি",75
prod_04359,ম্যারিকো নারকেল জল (১ লিটার),পানীয়,"তাজা নারকেল জল, ১ লিটার, ম্যারিকো ব্র্যান্ড, প্রিমিয়াম কোয়ালিটি",201
prod_04360,ACI সয়া সস (২ লিটার),রান্নার উপাদান,"প্রামাণিক সয়া সস, ২ লিটার, ACI ব্র্যান্ড, প্রিমিয়াম কোয়ালিটি",384
prod_04361,ইস্পাহানি টমেটো সস (২৫০ মিলি),রান্নার উপাদান,"টমেটো কেচাপ, ২৫০ মিলি, ইস্পাহানি ব্র্যান্ড, প্রিমিয়াম কোয়ালিটি",34
prod_04362,ম্যারিকো পুঁই শাক (৫০০ গ্রাম),শাকসবজি,"তাজা পুঁই শাক, ৫০০ গ্রাম, ম্যারিকো ব্র্যান্ড, প্রিমিয়াম কোয়ালিটি",32
prod_04363,মিল্কভিটা কিসমিস (১ কেজি),বাদাম ও শুকনো ফল,"ভারতীয় কিসমিস, ১ কেজি, মিল্কভিটা ব্র্যান্ড, প্রিমিয়াম কোয়ালিটি",344
prod_04364,মিল্কভিটা অড়হর ডাল (১ কেজি),দালিল শস্য,"অড়হর ডাল, ১ কেজি, মিল্কভিটা ব্র্যান্ড, প্রিমিয়াম কোয়ালিটি",230
prod_04365,প্রাণ আটা (৫০০ গ্রাম),খাদ্যশস্য,"গম আটা, উচ্চমানের, ৫০০ গ্রাম, প্রাণ ব্র্যান্ড, প্রিমিয়াম কোয়ালিটি",60
prod_04366,রূপচাঁদা সেমাই (২ কেজি),তাৎক্ষণিক খাদ্য,"পাতলা সেমাই, ২ কেজি, রূপচাঁদা ব্র্যান্ড, প্রিমিয়াম কোয়ালিটি",238
prod_04367,অর্গানিক ফার্ম পিনাট বাটার (৫০০ গ্রাম),স্বাস্থ্য খাদ্য,"পিনাট বাটার, ৫০০ গ্রাম, অর্গানিক ফার্ম ব্র্যান্ড, প্রিমিয়াম কোয়ালিটি",360
prod_04368,অর্গানিক ফার্ম জাম (১ কেজি),ফল,"কালো জাম, ১ কেজি, অর্গানিক ফার্ম ব্র্যান্ড, প্রিমিয়াম কোয়ালিটি",293
prod_04369,অর্গানিক ফার্ম গুঁড়া চিনি (২৫০ গ্রাম),মিষ্টি ও ডেজার্ট,"সাদা গুঁড়া চিনি, ২৫০ গ্রাম, অর্গানিক ফার্ম ব্র্যান্ড, প্রিমিয়াম কোয়ালিটি",52
prod_04370,আরকু ময়দা (২৫০ গ্রাম),খাদ্যশস্য,"সাদা ময়দা, ২৫০ গ্রাম, আরকু ব্র্যান্ড, প্রিমিয়াম কোয়ালিটি",28
prod_04371,ইগলু আটা (২ কেজি),খাদ্যশস্য,"গম আটা, উচ্চমানের, ২ কেজি, ইগলু ব্র্যান্ড, প্রিমিয়াম কোয়ালিটি",188
prod_04372,আরকু কালো জিরা (১ কেজি),মশলা,"খাঁটি কালো জিরা, ১ কেজি, আরকু ব্র্যান্ড, প্রিমিয়াম কোয়ালিটি",74
prod_04373,মেঘনা দুধের পাউডার (২৫০ গ্রাম),দুগ্ধজাত,"সম্পূর্ণ দুধের পাউডার, ২৫০ গ্রাম, মেঘনা ব্র্যান্ড, প্রিমিয়াম কোয়ালিটি",130
prod_04374,আরকু আটা (২৫০ গ্রাম),খাদ্যশস্য,"গম আটা, উচ্চমানের, ২৫০ গ্রাম, আরকু ব্র্যান্ড, প্রিমিয়াম কোয়ালিটি",25
prod_04375,ম্যারিকো ফল জুস (২৫০ মিলি),পানীয়,"মিশ্র ফল জুস, ২৫০ মিলি, ম্যারিকো ব্র্যান্ড, প্রিমিয়াম কোয়ালিটি",78
prod_04376,ইস্পাহানি বেসন (২৫০ গ্রাম),খাদ্যশস্য,"ছোলার বেসন, ২৫০ গ্রাম, ইস্পাহানি ব্র্যান্ড, প্রিমিয়াম কোয়ালিটি",39
prod_04377,মিল্কভিটা সন্দেশ (৫ কেজি),মিষ্টি ও ডেজার্ট,"তাজা সন্দেশ, ৫ কেজি, মিল্কভিটা ব্র্যান্ড, প্রিমিয়াম কোয়ালিটি",1118
prod_04378,মিল্কভিটা চিড়া (২ কেজি),খাদ্যশস্য,"চ্যাপ্টা চিড়া, ২ কেজি, মিল্কভিটা ব্র্যান্ড, প্রিমিয়াম কোয়ালিটি",166
prod_04379,রাধুনী চিংড়ি (২ কেজি),প্রোটিন,"তাজা চিংড়ি, ২ কেজি, রাধুনী ব্র্যান্ড, প্রিমিয়াম কোয়ালিটি",2022
prod_04380,রূপচাঁদা চাল (২ কেজি),খাদ্যশস্য,"সাদা চাল, স্থানীয় উৎপাদিত, ২ কেজি, রূপচাঁদা ব্র্যান্ড, প্রিমিয়াম কোয়ালিটি",158
prod_04381,প্রাণ মাংস স্টক (৫ লিটার),স্টক ও সস,"গরুর মাংসের স্টক, ৫ লিটার, প্রাণ ব্র্যান্ড, প্রিমিয়াম কোয়ালিটি",1958
prod_04382,ACI রাইস ব্রান তেল (২ লিটার),রান্নার তেল,"রাইস ব্রান তেল, ২ লিটার, ACI ব্র্যান্ড, প্রিমিয়াম কোয়ালিটি",757
prod_04383,বসুন্ধরা চা পাতি (৫০০ মিলি),পানীয়,"সিলেটের চা পাতি, ৫০০ মিলি, বসুন্ধরা ব্র্যান্ড, প্রিমিয়াম কোয়ালিটি",184
prod_04384,আরকু ওটস (৫ কেজি),স্বাস্থ্য খাদ্য,"রোলড ওটস, ৫ কেজি, আরকু ব্র্যান্ড, প্রিমিয়াম কোয়ালিটি",1485
prod_04385,সুরভি মাস্টার্ড সস (২৫০ মিলি),স্টক ও সস,"মাস্টার্ড সস, ২৫০ মিলি, সুরভি ব্র্যান্ড, প্রিমিয়াম কোয়ালিটি",51
prod_04386,ইগলু সানফ্লাওয়ার তেল (২ লিটার),রান্নার তেল,"সানফ্লাওয়ার তেল, ২ লিটার, ইগলু ব্র্যান্ড, প্রিমিয়াম কোয়ালিটি",972
prod_04387,কাজী ফার্মস টমেটোর চাটনি (৫ কেজি),সংরক্ষণ ও চাটনি,"টমেটোর চাটনি, ৫ কেজি, কাজী ফার্মস ব্র্যান্ড, প্রিমিয়াম কোয়ালিটি",536
prod_04388,ইস্পাহানি তেঁতুলের চাটনি (৫ কেজি),সংরক্ষণ ও চাটনি,"তেঁতুলের চাটনি, ৫ কেজি, ইস্পাহানি ব্র্যান্ড, প্রিমিয়াম কোয়ালিটি",509
prod_04389,ACI গ্রানোলা (৫০০ গ্রাম),স্বাস্থ্য খাদ্য,"মিক্সড গ্রানোলা, ৫০০ গ্রাম, ACI ব্র্যান্ড, প্রিমিয়াম কোয়ালিটি",306
prod_04390,কাজী ফার্মস আঙুর (২ কেজি),ফল,"সবুজ আঙুর, ২ কেজি, কাজী ফার্মস ব্র্যান্ড, প্রিমিয়াম কোয়ালিটি",919
prod_04391,অর্গানিক ফার্ম ভ্যাজিটেবল স্টক (১ লিটার),স্টক ও সস,"শাকসবজির স্টক, ১ লিটার, অর্গানিক ফার্ম ব্র্যান্ড, প্রিমিয়াম কোয়ালিটি",361
prod_04392,ইগলু চিপস (২ কেজি),তাৎক্ষণিক খাদ্য,"আলুর চিপস, ২ কেজি, ইগলু ব্র্যান্ড, প্রিমিয়াম কোয়ালিটি",137
prod_04393,স্কয়ার হলুদ গুঁড়া (৫ কেজি),মশলা,"খাঁটি হলুদ গুঁড়া, ৫ কেজি, স্কয়ার ব্র্যান্ড, প্রিমিয়াম কোয়ালিটি",422
prod_04394,স্কয়ার তেলাপিয়া (৫ কেজি),প্রোটিন,"তাজা তেলাপিয়া মাছ, ৫ কেজি, স্কয়ার ব্র্যান্ড, প্রিমিয়াম কোয়ালিটি",1949
prod_04395,ম্যারিকো মেথি বীজ (২ কেজি),মশলা,"মেথি বীজ, ২ কেজি, ম্যারিকো ব্র্যান্ড, প্রিমিয়াম কোয়ালিটি",139
prod_04396,আফতাব ভ্যাজিটেবল স্টক (৫ লিটার),স্টক ও সস,"শাকসবজির স্টক, ৫ লিটার, আফতাব ব্র্যান্ড, প্রিমিয়াম কোয়ালিটি",1086
prod_04397,প্রাণ মূলা (১ কেজি),শাকসবজি,"সাদা মূলা, ১ কেজি, প্রাণ ব্র্যান্ড, প্রিমিয়াম কোয়ালিটি",61
prod_04398,স্কয়ার লবঙ্গ (২ কেজি),মশলা,"খাঁটি লবঙ্গ, ২ কেজি, স্কয়ার ব্র্যান্ড, প্রিমিয়াম কোয়ালিটি",339
prod_04399,আফতাব তেঁতুলের চাটনি (২ কেজি),সংরক্ষণ ও চাটনি,"তেঁতুলের চাটনি, ২ কেজি, আফতাব ব্র্যান্ড, প্রিমিয়াম কোয়ালিটি",205
prod_04400,ফ্রেশ তেঁতুলের চাটনি (৫০০ গ্রাম),সংরক্ষণ ও চাটনি,"তেঁতুলের চাটনি, ৫০০ গ্রাম, ফ্রেশ ব্র্যান্ড, প্রিমিয়াম কোয়ালিটি",72
prod_04401,ম্যারিকো চিয়া সিড (২৫০ গ্রাম),স্বাস্থ্য খাদ্য,"চিয়া সিড, ২৫০ গ্রাম, ম্যারিকো ব্র্যান্ড, প্রিমিয়াম কোয়ালিটি",167
prod_04402,তীর করলা (২৫০ গ্রাম),শাকসবজি,"তাজা করলা, ২৫০ গ্রাম, তীর ব্র্যান্ড, প্রিমিয়াম কোয়ালিটি",29
prod_04403,পূর্ণ কিসমিস (১ কেজি),বাদাম ও শুকনো ফল,"ভারতীয় কিসমিস, ১ কেজি, পূর্ণ ব্র্যান্ড, প্রিমিয়াম কোয়ালিটি",395
prod_04404,প্রাণ বাঁধাকপি (২৫০ গ্রাম),শাকসবজি,"তাজা বাঁধাকপি, ২৫০ গ্রাম, প্রাণ ব্র্যান্ড, প্রিমিয়াম কোয়ালিটি",12
prod_04405,ইস্পাহানি বাঁধাকপি (২৫০ গ্রাম),শাকসবজি,"তাজা বাঁধাকপি, ২৫০ গ্রাম, ইস্পাহানি ব্র্যান্ড, প্রিমিয়াম কোয়ালিটি",13
prod_04406,ড্যানিশ কিনোয়া (১ কেজি),স্বাস্থ্য খাদ্য,"অর্গানিক কিনোয়া, ১ কেজি, ড্যানিশ ব্র্যান্ড, প্রিমিয়াম কোয়ালিটি",660
prod_04407,অর্গানিক ফার্ম চিড়া (১ কেজি),খাদ্যশস্য,"চ্যাপ্টা চিড়া, ১ কেজি, অর্গানিক ফার্ম ব্র্যান্ড, প্রিমিয়াম কোয়ালিটি",102
prod_04408,ACI মিষ্টি আমের চাটনি (২ কেজি),সংরক্ষণ ও চাটনি,"মিষ্টি আমের চাটনি, ২ কেজি, ACI ব্র্যান্ড, প্রিমিয়াম কোয়ালিটি",331
prod_04409,অর্গানিক ফার্ম আঙুর (৫ কেজি),ফল,"সবুজ আঙুর, ৫ কেজি, অর্গানিক ফার্ম ব্র্যান্ড, প্রিমিয়াম কোয়ালিটি",1940
prod_04410,রূপচাঁদা আম (১ কেজি),ফল,"হিমসাগর আম, ১ কেজি, রূপচাঁদা ব্র্যান্ড, প্রিমিয়াম কোয়ালিটি",343
prod_04411,পূর্ণ ফল জুস (৫ লিটার),পানীয়,"মিশ্র ফল জুস, ৫ লিটার, পূর্ণ ব্র্যান্ড, প্রিমিয়াম কোয়ালিটি",1059
prod_04412,রূপচাঁদা হট সস (২৫০ মিলি),স্টক ও সস,"হট চিলি সস, ২৫০ মিলি, রূপচাঁদা ব্র্যান্ড, প্রিমিয়াম কোয়ালিটি",48
prod_04413,রূপচাঁদা কলা (১ কেজি),ফল,"সবুজ কলা, ১ কেজি, রূপচাঁদা ব্র্যান্ড, প্রিমিয়াম কোয়ালিটি",91
prod_04414,ফ্রেশ নারকেল তেল (২ লিটার),রান্নার তেল,"খাঁটি নারকেল তেল, ২ লিটার, ফ্রেশ ব্র্যান্ড, প্রিমিয়াম কোয়ালিটি",616
prod_04415,অর্গানিক ফার্ম সেমাই (২ কেজি),তাৎক্ষণিক খাদ্য,"পাতলা সেমাই, ২ কেজি, অর্গানিক ফার্ম ব্র্যান্ড, প্রিমিয়াম কোয়ালিটি",192
prod_04416,ম্যারিকো নারকেল চিপস (৫ কেজি),বাদাম ও শুকনো ফল,"কাটা নারকেল চিপস, ৫ কেজি, ম্যারিকো ব্র্যান্ড, প্রিমিয়াম কোয়ালিটি",729
prod_04417,তীর সুজি (৫ কেজি),খাদ্যশস্য,"সুজি, রান্নার জন্য, ৫ কেজি, তীর ব্র্যান্ড, প্রিমিয়াম কোয়ালিটি",457
prod_04418,ইগলু জোয়ার (২৫০ গ্রাম),খাদ্যশস্য,"জোয়ারের আটা, ২৫০ গ্রাম, ইগলু ব্র্যান্ড, প্রিমিয়াম কোয়ালিটি",37
prod_04419,মিল্কভিটা প্রোটিন পাউডার (২ কেজি),স্বাস্থ্য খাদ্য,"হোয়ে প্রোটিন, ২ কেজি, মিল্কভিটা ব্র্যান্ড, প্রিমিয়াম কোয়ালিটি",2791
prod_04420,মিল্কভিটা খেসারি ডাল (২৫০ গ্রাম),দালিল শস্য,"খেসারি ডাল, ২৫০ গ্রাম, মিল্কভিটা ব্র্যান্ড, প্রিমিয়াম কোয়ালিটি",52
prod_04421,ইগলু আপেল (১ কেজি),ফল,"ফুজি আপেল, ১ কেজি, ইগলু ব্র্যান্ড, প্রিমিয়াম কোয়ালিটি",497
prod_04422,অর্গানিক ফার্ম খেসারি ডাল (১ কেজি),দালিল শস্য,"খেসারি ডাল, ১ কেজি, অর্গানিক ফার্ম ব্র্যান্ড, প্রিমিয়াম কোয়ালিটি",176
prod_04423,রাধুনী মাগুর মাছ (৫০০ গ্রাম),প্রোটিন,"তাজা মাগুর মাছ, ৫০০ গ্রাম, রাধুনী ব্র্যান্ড, প্রিমিয়াম কোয়ালিটি",397
prod_04424,পূর্ণ চিনি (৫০০ গ্রাম),মিষ্টি ও ডেজার্ট,"সাদা পরিশোধিত চিনি, ৫০০ গ্রাম, পূর্ণ ব্র্যান্ড, প্রিমিয়াম কোয়ালিটি",86
prod_04425,ইস্পাহানি খেসারি ডাল (৫০০ গ্রাম),দালিল শস্য,"খেসারি ডাল, ৫০০ গ্রাম, ইস্পাহানি ব্র্যান্ড, প্রিমিয়াম কোয়ালিটি",95
prod_04426,ইগলু কমলা (২৫০ গ্রাম),ফল,"নাগপুরি কমলা, ২৫০ গ্রাম, ইগলু ব্র্যান্ড, প্রিমিয়াম কোয়ালিটি",79
prod_04427,অর্গানিক ফার্ম ইলিশ মাছ (৫ কেজি),প্রোটিন,"বিখ্যাত ইলিশ মাছ, ৫ কেজি, অর্গানিক ফার্ম ব্র্যান্ড, প্রিমিয়াম কোয়ালিটি",4499
prod_04428,ড্যানিশ আনারস (২৫০ গ্রাম),ফল,"তাজা আনারস, ২৫০ গ্রাম, ড্যানিশ ব্র্যান্ড, প্রিমিয়াম কোয়ালিটি",53
prod_04429,ড্যানিশ আদার আচার (২ কেজি),সংরক্ষণ ও চাটনি,"আদার আচার, ২ কেজি, ড্যানিশ ব্র্যান্ড, প্রিমিয়াম কোয়ালিটি",233
prod_04430,রাধুনী মেয়োনেজ (২৫০ মিলি),স্টক ও সস,"ক্রিমি মেয়োনেজ, ২৫০ মিলি, রাধুনী ব্র্যান্ড, প্রিমিয়াম কোয়ালিটি",52
prod_04431,পূর্ণ কাসুন্দি (৫ কেজি),সংরক্ষণ ও চাটনি,"বাঙালি কাসুন্দি, ৫ কেজি, পূর্ণ ব্র্যান্ড, প্রিমিয়াম কোয়ালিটি",802
prod_04432,প্রাণ রুই মাছ (৫০০ গ্রাম),প্রোটিন,"তাজা রুই মাছ, ৫০০ গ্রাম, প্রাণ ব্র্যান্ড, প্রিমিয়াম কোয়ালিটি",306
prod_04433,ইগলু জিরা (৫ কেজি),মশলা,"জিরা বীজ, ৫ কেজি, ইগলু ব্র্যান্ড, প্রিমিয়াম কোয়ালিটি",577
prod_04434,রাধুনী ফল জুস (৫০০ মিলি),পানীয়,"মিশ্র ফল জুস, ৫০০ মিলি, রাধুনী ব্র্যান্ড, প্রিমিয়াম কোয়ালিটি",143
prod_04435,আরকু বেগুন (৫০০ গ্রাম),শাকসবজি,"বেগুনি বেগুন, ৫০০ গ্রাম, আরকু ব্র্যান্ড, প্রিমিয়াম কোয়ালিটি",36
prod_04436,পূর্ণ পেস্তাবাদাম (২৫০ গ্রাম),বাদাম ও শুকনো ফল,"ইরানি পেস্তাবাদাম, ২৫০ গ্রাম, পূর্ণ ব্র্যান্ড, প্রিমিয়াম কোয়ালিটি",153
prod_04437,আফতাব বাসমতি চাল (১ কেজি),খাদ্যশস্য,"লম্বা বাসমতি চাল, ১ কেজি, আফতাব ব্র্যান্ড, প্রিমিয়াম কোয়ালিটি",276
prod_04438,তীর আটা (১ কেজি),খাদ্যশস্য,"গম আটা, উচ্চমানের, ১ কেজি, তীর ব্র্যান্ড, প্রিমিয়াম কোয়ালিটি",111
prod_04439,ম্যারিকো কমলা (২ কেজি),ফল,"নাগপুরি কমলা, ২ কেজি, ম্যারিকো ব্র্যান্ড, প্রিমিয়াম কোয়ালিটি",572
prod_04440,ইস্পাহানি পনির (২ কেজি),দুগ্ধজাত,"ঘৃতি পনির, ২ কেজি, ইস্পাহানি ব্র্যান্ড, প্রিমিয়াম কোয়ালিটি",585
prod_04441,তীর অলিভ অয়েল (৫ লিটার),রান্নার তেল,"এক্সট্রা ভার্জিন অলিভ অয়েল, ৫ লিটার, তীর ব্র্যান্ড, প্রিমিয়াম কোয়ালিটি",2814
prod_04442,আফতাব তিলের তেল (২৫০ মিলি),রান্নার তেল,"খাঁটি তিলের তেল, ২৫০ মিলি, আফতাব ব্র্যান্ড, প্রিমিয়াম কোয়ালিটি",178
prod_04443,মেঘনা গুলাব জামুন (৫০০ গ্রাম),মিষ্টি ও ডেজার্ট,"খাঁটি গুলাব জামুন, ৫০০ গ্রাম, মেঘনা ব্র্যান্ড, প্রিমিয়াম কোয়ালিটি",197
prod_04444,ড্যানিশ চিকেন স্টক (২৫০ মিলি),স্টক ও সস,"মুরগির স্টক, ২৫০ মিলি, ড্যানিশ ব্র্যান্ড, প্রিমিয়াম কোয়ালিটি",122
prod_04445,ম্যারিকো ভিনেগার (১ লিটার),রান্নার উপাদান,"সাদা ভিনেগার, ১ লিটার, ম্যারিকো ব্র্যান্ড, প্রিমিয়াম কোয়ালিটি",104
prod_04446,রূপচাঁদা ব্রাউন সুগার (৫ কেজি),মিষ্টি ও ডেজার্ট,"ব্রাউন সুগার, ৫ কেজি, রূপচাঁদা ব্র্যান্ড, প্রিমিয়াম কোয়ালিটি",936
prod_04447,সুরভি মাংস স্টক (৫ লিটার),স্টক ও সস,"গরুর মাংসের স্টক, ৫ লিটার, সুরভি ব্র্যান্ড, প্রিমিয়াম কোয়ালিটি",1761
prod_04448,ড্যানিশ কলা (৫ কেজি),ফল,"সবুজ কলা, ৫ কেজি, ড্যানিশ ব্র্যান্ড, প্রিমিয়াম কোয়ালিটি",322
prod_04449,তীর সরিষার তেল (২৫০ মিলি),রান্নার তেল,"ঐতিহ্যবাহী সরিষার তেল, ২৫০ মিলি, তীর ব্র্যান্ড, প্রিমিয়াম কোয়ালিটি",72
prod_04450,ইগলু মরিচ পেস্ট (১ লিটার),রান্নার উপাদান,"মরিচ পেস্ট, ১ লিটার, ইগলু ব্র্যান্ড, প্রিমিয়াম কোয়ালিটি",160
prod_04451,রূপচাঁদা চানাচুর (৫ কেজি),তাৎক্ষণিক খাদ্য,"মসলাদার চানাচুর, ৫ কেজি, রূপচাঁদা ব্র্যান্ড, প্রিমিয়াম কোয়ালিটি",373
prod_04452,স্কয়ার খাসির মাংস (২৫০ গ্রাম),প্রোটিন,"তাজা খাসির মাংস, ২৫০ গ্রাম, স্কয়ার ব্র্যান্ড, প্রিমিয়াম কোয়ালিটি",475
prod_04453,আফতাব রুটি (৫ কেজি),তাৎক্ষণিক খাদ্য,"স্লাইসড রুটি, ৫ কেজি, আফতাব ব্র্যান্ড, প্রিমিয়াম কোয়ালিটি",467
prod_04454,বসুন্ধরা আখের রস (১ লিটার),পানীয়,"তাজা আখের রস, ১ লিটার, বসুন্ধরা ব্র্যান্ড, প্রিমিয়াম কোয়ালিটি",277
prod_04455,স্কয়ার রসগোল্লা (৫০০ গ্রাম),মিষ্টি ও ডেজার্ট,"সিলেটি রসগোল্লা, ৫০০ গ্রাম, স্কয়ার ব্র্যান্ড, প্রিমিয়াম কোয়ালিটি",203
prod_04456,ম্যারিকো পেঁয়াজের চাটনি (১ কেজি),সংরক্ষণ ও চাটনি,"পেঁয়াজের চাটনি, ১ কেজি, ম্যারিকো ব্র্যান্ড, প্রিমিয়াম কোয়ালিটি",135
prod_04457,বসুন্ধরা ওয়েস্টার সস (৫ লিটার),স্টক ও সস,"ওয়েস্টার সস, ৫ লিটার, বসুন্ধরা ব্র্যান্ড, প্রিমিয়াম কোয়ালিটি",1094
prod_04458,ACI মাখন (৫০০ গ্রাম),দুগ্ধজাত,"খাঁটি মাখন, ৫০০ গ্রাম, ACI ব্র্যান্ড, প্রিমিয়াম কোয়ালিটি",337
prod_04459,ম্যারিকো টমেটোর চাটনি (২ কেজি),সংরক্ষণ ও চাটনি,"টমেটোর চাটনি, ২ কেজি, ম্যারিকো ব্র্যান্ড, প্রিমিয়াম কোয়ালিটি",262
prod_04460,ACI কালো জিরা (৫০০ গ্রাম),মশলা,"খাঁটি কালো জিরা, ৫০০ গ্রাম, ACI ব্র্যান্ড, প্রিমিয়াম কোয়ালিটি",41
prod_04461,রূপচাঁদা ম্যাকারনি (১ কেজি),তাৎক্ষণিক খাদ্য,"ম্যাকারনি, ১ কেজি, রূপচাঁদা ব্র্যান্ড, প্রিমিয়াম কোয়ালিটি",166
prod_04462,বসুন্ধরা স্ট্রবেরি (৫ কেজি),ফল,"তাজা স্ট্রবেরি, ৫ কেজি, বসুন্ধরা ব্র্যান্ড, প্রিমিয়াম কোয়ালিটি",2592
prod_04463,বসুন্ধরা ম্যাকারনি (৫ কেজি),তাৎক্ষণিক খাদ্য,"ম্যাকারনি, ৫ কেজি, বসুন্ধরা ব্র্যান্ড, প্রিমিয়াম কোয়ালিটি",653
prod_04464,কাজী ফার্মস ফুলকপি (২ কেজি),শাকসবজি,"সাদা ফুলকপি, ২ কেজি, কাজী ফার্মস ব্র্যান্ড, প্রিমিয়াম কোয়ালিটি",136
prod_04465,রূপচাঁদা ছানা (২ কেজি),দুগ্ধজাত,"তাজা ছানা, ২ কেজি, রূপচাঁদা ব্র্যান্ড, প্রিমিয়াম কোয়ালিটি",542
prod_04466,মিল্কভিটা লাচ্ছি (২ লিটার),পানীয়,"ঠান্ডা লাচ্ছি, ২ লিটার, মিল্কভিটা ব্র্যান্ড, প্রিমিয়াম কোয়ালিটি",174
prod_04467,রূপচাঁদা বুটের ডাল (৫ কেজি),দালিল শস্য,"বুটের ডাল, ৫ কেজি, রূপচাঁদা ব্র্যান্ড, প্রিমিয়াম কোয়ালিটি",761
prod_04468,স্কয়ার মেয়োনেজ (২৫০ মিলি),স্টক ও সস,"ক্রিমি মেয়োনেজ, ২৫০ মিলি, স্কয়ার ব্র্যান্ড, প্রিমিয়াম কোয়ালিটি",53
prod_04469,আরকু ব্রোকলি (২৫০ গ্রাম),শাকসবজি,"সবুজ ব্রোকলি, ২৫০ গ্রাম, আরকু ব্র্যান্ড, প্রিমিয়াম কোয়ালিটি",49
prod_04470,কাজী ফার্মস কফি বিন (৫ লিটার),পানীয়,"ভাজা কফি বিন, ৫ লিটার, কাজী ফার্মস ব্র্যান্ড, প্রিমিয়াম কোয়ালিটি",1628
prod_04471,ড্যানিশ পুঁই শাক (৫০০ গ্রাম),শাকসবজি,"তাজা পুঁই শাক, ৫০০ গ্রাম, ড্যানিশ ব্র্যান্ড, প্রিমিয়াম কোয়ালিটি",25
prod_04472,ফ্রেশ মসুর ডাল (১ কেজি),দালিল শস্য,"লাল মসুর ডাল, ১ কেজি, ফ্রেশ ব্র্যান্ড, প্রিমিয়াম কোয়ালিটি",267
prod_04473,ড্যানিশ আখের রস (৫০০ মিলি),পানীয়,"তাজা আখের রস, ৫০০ মিলি, ড্যানিশ ব্র্যান্ড, প্রিমিয়াম কোয়ালিটি",137
prod_04474,মেঘনা লাচ্ছি (৫০০ মিলি),পানীয়,"ঠান্ডা লাচ্ছি, ৫০০ মিলি, মেঘনা ব্র্যান্ড, প্রিমিয়াম কোয়ালিটি",53
prod_04475,ইস্পাহানি সেমাই (২ কেজি),তাৎক্ষণিক খাদ্য,"পাতলা সেমাই, ২ কেজি, ইস্পাহানি ব্র্যান্ড, প্রিমিয়াম কোয়ালিটি",204
prod_04476,রাধুনী কালিজিরা চাল (৫ কেজি),খাদ্যশস্য,"সুগন্ধী কালিজিরা চাল, ৫ কেজি, রাধুনী ব্র্যান্ড, প্রিমিয়াম কোয়ালিটি",683
prod_04477,ফ্রেশ ফল জুস (২৫০ মিলি),পানীয়,"মিশ্র ফল জুস, ২৫০ মিলি, ফ্রেশ ব্র্যান্ড, প্রিমিয়াম কোয়ালিটি",64
prod_04478,সুরভি ফিশ সস (২ লিটার),স্টক ও সস,"মাছের সস, ২ লিটার, সুরভি ব্র্যান্ড, প্রিমিয়াম কোয়ালিটি",429
prod_04479,বসুন্ধরা লবঙ্গ (২৫০ গ্রাম),মশলা,"খাঁটি লবঙ্গ, ২৫০ গ্রাম, বসুন্ধরা ব্র্যান্ড, প্রিমিয়াম কোয়ালিটি",51
prod_04480,মিল্কভিটা কাঠবাদাম (৫ কেজি),বাদাম ও শুকনো ফল,"কাঠবাদাম, ৫ কেজি, মিল্কভিটা ব্র্যান্ড, প্রিমিয়াম কোয়ালিটি",2485
prod_04481,সুরভি ফ্ল্যাক্স সিড (২৫০ গ্রাম),স্বাস্থ্য খাদ্য,"ফ্ল্যাক্স সিড, ২৫০ গ্রাম, সুরভি ব্র্যান্ড, প্রিমিয়াম কোয়ালিটি",138
prod_04482,ইগলু মাস্টার্ড সস (৫০০ মিলি),স্টক ও সস,"মাস্টার্ড সস, ৫০০ মিলি, ইগলু ব্র্যান্ড, প্রিমিয়াম কোয়ালিটি",117
prod_04483,পূর্ণ কর্নফ্লাওয়ার (২৫০ মিলি),রান্নার উপাদান,"কর্নফ্লাওয়ার, ২৫০ মিলি, পূর্ণ ব্র্যান্ড, প্রিমিয়াম কোয়ালিটি",35
prod_04484,রূপচাঁদা গ্রিন টি (২ লিটার),পানীয়,"গ্রিন টি ব্যাগ, ২ লিটার, রূপচাঁদা ব্র্যান্ড, প্রিমিয়াম কোয়ালিটি",626
prod_04485,প্রাণ চিপস (২ কেজি),তাৎক্ষণিক খাদ্য,"আলুর চিপস, ২ কেজি, প্রাণ ব্র্যান্ড, প্রিমিয়াম কোয়ালিটি",128
prod_04486,অর্গানিক ফার্ম বেকিং পাউডার (৫০০ মিলি),রান্নার উপাদান,"বেকিং পাউডার, ৫০০ মিলি, অর্গানিক ফার্ম ব্র্যান্ড, প্রিমিয়াম কোয়ালিটি",48
prod_04487,ইস্পাহানি পাম তেল (২ লিটার),রান্নার তেল,"পরিশোধিত পাম তেল, ২ লিটার, ইস্পাহানি ব্র্যান্ড, প্রিমিয়াম কোয়ালিটি",525
prod_04488,পূর্ণ চিপস (১ কেজি),তাৎক্ষণিক খাদ্য,"আলুর চিপস, ১ কেজি, পূর্ণ ব্র্যান্ড, প্রিমিয়াম কোয়ালিটি",66
prod_04489,পূর্ণ কিসমিস (৫ কেজি),বাদাম ও শুকনো ফল,"ভারতীয় কিসমিস, ৫ কেজি, পূর্ণ ব্র্যান্ড, প্রিমিয়াম কোয়ালিটি",1669
prod_04490,মিল্কভিটা সুজি (৫০০ গ্রাম),খাদ্যশস্য,"সুজি, রান্নার জন্য, ৫০০ গ্রাম, মিল্কভিটা ব্র্যান্ড, প্রিমিয়াম কোয়ালিটি",57
prod_04491,প্রাণ তিলের তেল (২ লিটার),রান্নার তেল,"খাঁটি তিলের তেল, ২ লিটার, প্রাণ ব্র্যান্ড, প্রিমিয়াম কোয়ালিটি",1144
prod_04492,প্রাণ তেঁতুলের চাটনি (২ কেজি),সংরক্ষণ ও চাটনি,"তেঁতুলের চাটনি, ২ কেজি, প্রাণ ব্র্যান্ড, প্রিমিয়াম কোয়ালিটি",219
prod_04493,রাধুনী পিনাট বাটার (২ কেজি),স্বাস্থ্য খাদ্য,"পিনাট বাটার, ২ কেজি, রাধুনী ব্র্যান্ড, প্রিমিয়াম কোয়ালিটি",948
prod_04494,মেঘনা মধু (১ কেজি),মিষ্টি ও ডেজার্ট,"খাঁটি মৌমাছির মধু, ১ কেজি, মেঘনা ব্র্যান্ড, প্রিমিয়াম কোয়ালিটি",500
prod_04495,মিল্কভিটা লবঙ্গ (৫ কেজি),মশলা,"খাঁটি লবঙ্গ, ৫ কেজি, মিল্কভিটা ব্র্যান্ড, প্রিমিয়াম কোয়ালিটি",926
prod_04496,পূর্ণ দই (১ কেজি),দুগ্ধজাত,"তাজা গরুর দই, ১ কেজি, পূর্ণ ব্র্যান্ড, প্রিমিয়াম কোয়ালিটি",108
prod_04497,ইস্পাহানি গুঁড়া চিনি (২৫০ গ্রাম),মিষ্টি ও ডেজার্ট,"সাদা গুঁড়া চিনি, ২৫০ গ্রাম, ইস্পাহানি ব্র্যান্ড, প্রিমিয়াম কোয়ালিটি",49
prod_04498,রাধুনী খেসারি ডাল (৫ কেজি),দালিল শস্য,"খেসারি ডাল, ৫ কেজি, রাধুনী ব্র্যান্ড, প্রিমিয়াম কোয়ালিটি",847
prod_04499,ACI চিয়া সিড (৫০০ গ্রাম),স্বাস্থ্য খাদ্য,"চিয়া সিড, ৫০০ গ্রাম, ACI ব্র্যান্ড, প্রিমিয়াম কোয়ালিটি",332
prod_04500,সুরভি কফি পাউডার (২ লিটার),পানীয়,"কফি পাউডার, ২ লিটার, সুরভি ব্র্যান্ড, প্রিমিয়াম কোয়ালিটি",664
prod_04501,রাধুনী নারকেল তেল (৫ লিটার),রান্নার তেল,"খাঁটি নারকেল তেল, ৫ লিটার, রাধুনী ব্র্যান্ড, প্রিমিয়াম কোয়ালিটি",1211
prod_04502,কাজী ফার্মস দারুচিনি (২ কেজি),মশলা,"দারুচিনির ছাল, ২ কেজি, কাজী ফার্মস ব্র্যান্ড, প্রিমিয়াম কোয়ালিটি",362
prod_04503,প্রাণ লবঙ্গ (৫০০ গ্রাম),মশলা,"খাঁটি লবঙ্গ, ৫০০ গ্রাম, প্রাণ ব্র্যান্ড, প্রিমিয়াম কোয়ালিটি",123
prod_04504,ফ্রেশ সরিষার তেল (১ লিটার),রান্নার তেল,"ঐতিহ্যবাহী সরিষার তেল, ১ লিটার, ফ্রেশ ব্র্যান্ড, প্রিমিয়াম কোয়ালিটি",295
prod_04505,ইগলু কালো জিরা (৫ কেজি),মশলা,"খাঁটি কালো জিরা, ৫ কেজি, ইগলু ব্র্যান্ড, প্রিমিয়াম কোয়ালিটি",363
prod_04506,কাজী ফার্মস মেথি বীজ (৫০০ গ্রাম),মশলা,"মেথি বীজ, ৫০০ গ্রাম, কাজী ফার্মস ব্র্যান্ড, প্রিমিয়াম কোয়ালিটি",46
prod_04507,ইস্পাহানি বার্লি (১ কেজি),খাদ্যশস্য,"প্রাকৃতিক বার্লি, ১ কেজি, ইস্পাহানি ব্র্যান্ড, প্রিমিয়াম কোয়ালিটি",153
prod_04508,আফতাব জোয়ার (২৫০ গ্রাম),খাদ্যশস্য,"জোয়ারের আটা, ২৫০ গ্রাম, আফতাব ব্র্যান্ড, প্রিমিয়াম কোয়ালিটি",36
prod_04509,রূপচাঁদা হলুদ গুঁড়া (৫০০ গ্রাম),মশলা,"খাঁটি হলুদ গুঁড়া, ৫০০ গ্রাম, রূপচাঁদা ব্র্যান্ড, প্রিমিয়াম কোয়ালিটি",55
prod_04510,মেঘনা মিষ্টি দই (৫ কেজি),মিষ্টি ও ডেজার্ট,"মিষ্টি দই, ৫ কেজি, মেঘনা ব্র্যান্ড, প্রিমিয়াম কোয়ালিটি",732
prod_04511,ইগলু ফ্ল্যাক্স সিড (৫০০ গ্রাম),স্বাস্থ্য খাদ্য,"ফ্ল্যাক্স সিড, ৫০০ গ্রাম, ইগলু ব্র্যান্ড, প্রিমিয়াম কোয়ালিটি",265
prod_04512,অর্গানিক ফার্ম ব্রাউন সুগার (২৫০ গ্রাম),মিষ্টি ও ডেজার্ট,"ব্রাউন সুগার, ২৫০ গ্রাম, অর্গানিক ফার্ম ব্র্যান্ড, প্রিমিয়াম কোয়ালিটি",47
prod_04513,প্রাণ নারকেল দুধ (১ লিটার),রান্নার উপাদান,"গাঢ় নারকেল দুধ, ১ লিটার, প্রাণ ব্র্যান্ড, প্রিমিয়াম কোয়ালিটি",195
prod_04514,পূর্ণ আঙুর (৫ কেজি),ফল,"সবুজ আঙুর, ৫ কেজি, পূর্ণ ব্র্যান্ড, প্রিমিয়াম কোয়ালিটি",2277
prod_04515,ইগলু ইস্ট (৫ লিটার),রান্নার উপাদান,"ড্রাই ইস্ট, ৫ লিটার, ইগলু ব্র্যান্ড, প্রিমিয়াম কোয়ালিটি",401
prod_04516,আফতাব মরিচ পেস্ট (২ লিটার),রান্নার উপাদান,"মরিচ পেস্ট, ২ লিটার, আফতাব ব্র্যান্ড, প্রিমিয়াম কোয়ালিটি",273
prod_04517,আরকু আপেল (৫০০ গ্রাম),ফল,"ফুজি আপেল, ৫০০ গ্রাম, আরকু ব্র্যান্ড, প্রিমিয়াম কোয়ালিটি",218
prod_04518,ফ্রেশ পেঁয়াজের চাটনি (৫ কেজি),সংরক্ষণ ও চাটনি,"পেঁয়াজের চাটনি, ৫ কেজি, ফ্রেশ ব্র্যান্ড, প্রিমিয়াম কোয়ালিটি",630
prod_04519,ACI আদা পেস্ট (১ লিটার),রান্নার উপাদান,"তাজা আদা পেস্ট, ১ লিটার, ACI ব্র্যান্ড, প্রিমিয়াম কোয়ালিটি",131
prod_04520,প্রাণ কমলা (৫০০ গ্রাম),ফল,"নাগপুরি কমলা, ৫০০ গ্রাম, প্রাণ ব্র্যান্ড, প্রিমিয়াম কোয়ালিটি",176
prod_04521,মিল্কভিটা খাসির মাংস (৫০০ গ্রাম),প্রোটিন,"তাজা খাসির মাংস, ৫০০ গ্রাম, মিল্কভিটা ব্র্যান্ড, প্রিমিয়াম কোয়ালিটি",940
prod_04522,সুরভি কাঠবাদাম (৫০০ গ্রাম),বাদাম ও শুকনো ফল,"কাঠবাদাম, ৫০০ গ্রাম, সুরভি ব্র্যান্ড, প্রিমিয়াম কোয়ালিটি",256
prod_04523,বসুন্ধরা সন্দেশ (২ কেজি),মিষ্টি ও ডেজার্ট,"তাজা সন্দেশ, ২ কেজি, বসুন্ধরা ব্র্যান্ড, প্রিমিয়াম কোয়ালিটি",496
prod_04524,ম্যারিকো গ্রানোলা (২ কেজি),স্বাস্থ্য খাদ্য,"মিক্সড গ্রানোলা, ২ কেজি, ম্যারিকো ব্র্যান্ড, প্রিমিয়াম কোয়ালিটি",796
prod_04525,তীর অড়হর ডাল (২৫০ গ্রাম),দালিল শস্য,"অড়হর ডাল, ২৫০ গ্রাম, তীর ব্র্যান্ড, প্রিমিয়াম কোয়ালিটি",65
prod_04526,ইগলু মাষকলাই ডাল (২ কেজি),দালিল শস্য,"কালো মাষকলাই ডাল, ২ কেজি, ইগলু ব্র্যান্ড, প্রিমিয়াম কোয়ালিটি",482
prod_04527,অর্গানিক ফার্ম ভ্যাজিটেবল স্টক (১ লিটার),স্টক ও সস,"শাকসবজির স্টক, ১ লিটার, অর্গানিক ফার্ম ব্র্যান্ড, প্রিমিয়াম কোয়ালিটি",309
prod_04528,রূপচাঁদা আম (২৫০ গ্রাম),ফল,"হিমসাগর আম, ২৫০ গ্রাম, রূপচাঁদা ব্র্যান্ড, প্রিমিয়াম কোয়ালিটি",95
prod_04529,আফতাব ছানা (৫০০ গ্রাম),দুগ্ধজাত,"তাজা ছানা, ৫০০ গ্রাম, আফতাব ব্র্যান্ড, প্রিমিয়াম কোয়ালিটি",127
prod_04530,কাজী ফার্মস শসা (১ কেজি),শাকসবজি,"তাজা শসা, ১ কেজি, কাজী ফার্মস ব্র্যান্ড, প্রিমিয়াম কোয়ালিটি",62
prod_04531,মেঘনা ক্রিম (২৫০ গ্রাম),দুগ্ধজাত,"ফ্রেশ ক্রিম, ২৫০ গ্রাম, মেঘনা ব্র্যান্ড, প্রিমিয়াম কোয়ালিটি",98
prod_04532,ইগলু পরোটা (১ কেজি),তাৎক্ষণিক খাদ্য,"ফ্রোজেন পরোটা, ১ কেজি, ইগলু ব্র্যান্ড, প্রিমিয়াম কোয়ালিটি",149
prod_04533,আরকু আখরোট (৫ কেজি),বাদাম ও শুকনো ফল,"আখরোট, ৫ কেজি, আরকু ব্র্যান্ড, প্রিমিয়াম কোয়ালিটি",2692
prod_04534,ড্যানিশ অ্যালমন্ড মিল্ক (৫ কেজি),স্বাস্থ্য খাদ্য,"অ্যালমন্ড মিল্ক, ৫ কেজি, ড্যানিশ ব্র্যান্ড, প্রিমিয়াম কোয়ালিটি",1614
prod_04535,পূর্ণ অলিভ অয়েল (১ লিটার),রান্নার তেল,"এক্সট্রা ভার্জিন অলিভ অয়েল, ১ লিটার, পূর্ণ ব্র্যান্ড, প্রিমিয়াম কোয়ালিটি",849
prod_04536,তীর প্রোটিন পাউডার (৫০০ গ্রাম),স্বাস্থ্য খাদ্য,"হোয়ে প্রোটিন, ৫০০ গ্রাম, তীর ব্র্যান্ড, প্রিমিয়াম কোয়ালিটি",862
prod_04537,অর্গানিক ফার্ম পনির (২ কেজি),দুগ্ধজাত,"ঘৃতি পনির, ২ কেজি, অর্গানিক ফার্ম ব্র্যান্ড, প্রিমিয়াম কোয়ালিটি",537
prod_04538,আরকু চিনি (১ কেজি),মিষ্টি ও ডেজার্ট,"সাদা পরিশোধিত চিনি, ১ কেজি, আরকু ব্র্যান্ড, প্রিমিয়াম কোয়ালিটি",122
prod_04539,ড্যানিশ চিংড়ি (৫ কেজি),প্রোটিন,"তাজা চিংড়ি, ৫ কেজি, ড্যানিশ ব্র্যান্ড, প্রিমিয়াম কোয়ালিটি",4086
prod_04540,কাজী ফার্মস গরুর মাংস (৫ কেজি),প্রোটিন,"তাজা গরুর মাংস, ৫ কেজি, কাজী ফার্মস ব্র্যান্ড, প্রিমিয়াম কোয়ালিটি",4864
prod_04541,রাধুনী দই (৫০০ গ্রাম),দুগ্ধজাত,"তাজা গরুর দই, ৫০০ গ্রাম, রাধুনী ব্র্যান্ড, প্রিমিয়াম কোয়ালিটি",77
prod_04542,রাধুনী ফল জুস (৫০০ মিলি),পানীয়,"মিশ্র ফল জুস, ৫০০ মিলি, রাধুনী ব্র্যান্ড, প্রিমিয়াম কোয়ালিটি",138
prod_04543,ফ্রেশ পাঁচফোড়ন (২৫০ গ্রাম),মশলা,"পাঁচফোড়ন মিশ্রণ, ২৫০ গ্রাম, ফ্রেশ ব্র্যান্ড, প্রিমিয়াম কোয়ালিটি",36
prod_04544,মেঘনা পরোটা (২ কেজি),তাৎক্ষণিক খাদ্য,"ফ্রোজেন পরোটা, ২ কেজি, মেঘনা ব্র্যান্ড, প্রিমিয়াম কোয়ালিটি",290
prod_04545,কাজী ফার্মস শরবত (৫ লিটার),পানীয়,"রুহ আফজা শরবত, ৫ লিটার, কাজী ফার্মস ব্র্যান্ড, প্রিমিয়াম কোয়ালিটি",938
prod_04546,আফতাব চিপস (৫০০ গ্রাম),তাৎক্ষণিক খাদ্য,"আলুর চিপস, ৫০০ গ্রাম, আফতাব ব্র্যান্ড, প্রিমিয়াম কোয়ালিটি",42
prod_04547,সুরভি শরবত (৫০০ মিলি),পানীয়,"রুহ আফজা শরবত, ৫০০ মিলি, সুরভি ব্র্যান্ড, প্রিমিয়াম কোয়ালিটি",131
prod_04548,বসুন্ধরা মাস্টার্ড সস (১ লিটার),স্টক ও সস,"মাস্টার্ড সস, ১ লিটার, বসুন্ধরা ব্র্যান্ড, প্রিমিয়াম কোয়ালিটি",224
prod_04549,পূর্ণ নারকেল চিপস (২৫০ গ্রাম),বাদাম ও শুকনো ফল,"কাটা নারকেল চিপস, ২৫০ গ্রাম, পূর্ণ ব্র্যান্ড, প্রিমিয়াম কোয়ালিটি",56
prod_04550,ফ্রেশ খেজুর (৫০০ গ্রাম),বাদাম ও শুকনো ফল,"মধ্যপূর্বীয় খেজুর, ৫০০ গ্রাম, ফ্রেশ ব্র্যান্ড, প্রিমিয়াম কোয়ালিটি",284
prod_04551,ইগলু গুড় (৫০০ গ্রাম),মিষ্টি ও ডেজার্ট,"খাঁটি গুড়, ৫০০ গ্রাম, ইগলু ব্র্যান্ড, প্রিমিয়াম কোয়ালিটি",135
prod_04552,পূর্ণ তেঁতুলের চাটনি (২ কেজি),সংরক্ষণ ও চাটনি,"তেঁতুলের চাটনি, ২ কেজি, পূর্ণ ব্র্যান্ড, প্রিমিয়াম কোয়ালিটি",228
prod_04553,সুরভি কাজু বাদাম (৫০০ গ্রাম),বাদাম ও শুকনো ফল,"টাটকা কাজু বাদাম, ৫০০ গ্রাম, সুরভি ব্র্যান্ড, প্রিমিয়াম কোয়ালিটি",290
prod_04554,আরকু সানফ্লাওয়ার তেল (২ লিটার),রান্নার তেল,"সানফ্লাওয়ার তেল, ২ লিটার, আরকু ব্র্যান্ড, প্রিমিয়াম কোয়ালিটি",932
prod_04555,ড্যানিশ মাংস স্টক (২ লিটার),স্টক ও সস,"গরুর মাংসের স্টক, ২ লিটার, ড্যানিশ ব্র্যান্ড, প্রিমিয়াম কোয়ালিটি",914
prod_04556,ফ্রেশ চিপস (১ কেজি),তাৎক্ষণিক খাদ্য,"আলুর চিপস, ১ কেজি, ফ্রেশ ব্র্যান্ড, প্রিমিয়াম কোয়ালিটি",66
prod_04557,মিল্কভিটা তরমুজ (৫০০ গ্রাম),ফল,"তাজা তরমুজ, ৫০০ গ্রাম, মিল্কভিটা ব্র্যান্ড, প্রিমিয়াম কোয়ালিটি",58
prod_04558,সুরভি মধু (৫ কেজি),মিষ্টি ও ডেজার্ট,"খাঁটি মৌমাছির মধু, ৫ কেজি, সুরভি ব্র্যান্ড, প্রিমিয়াম কোয়ালিটি",2291
prod_04559,অর্গানিক ফার্ম ম্যাকারনি (১ কেজি),তাৎক্ষণিক খাদ্য,"ম্যাকারনি, ১ কেজি, অর্গানিক ফার্ম ব্র্যান্ড, প্রিমিয়াম কোয়ালিটি",185
prod_04560,রাধুনী সরিষার তেল (২৫০ মিলি),রান্নার তেল,"ঐতিহ্যবাহী সরিষার তেল, ২৫০ মিলি, রাধুনী ব্র্যান্ড, প্রিমিয়াম কোয়ালিটি",81
prod_04561,কাজী ফার্মস কালিজিরা চাল (২ কেজি),খাদ্যশস্য,"সুগন্ধী কালিজিরা চাল, ২ কেজি, কাজী ফার্মস ব্র্যান্ড, প্রিমিয়াম কোয়ালিটি",271
prod_04562,আরকু অলিভ অয়েল (২৫০ মিলি),রান্নার তেল,"এক্সট্রা ভার্জিন অলিভ অয়েল, ২৫০ মিলি, আরকু ব্র্যান্ড, প্রিমিয়াম কোয়ালিটি",223
prod_04563,ACI ছোলা (১ কেজি),দালিল শস্য,"ছোট ছোলা, ১ কেজি, ACI ব্র্যান্ড, প্রিমিয়াম কোয়ালিটি",208
prod_04564,আরকু আদার আচার (৫০০ গ্রাম),সংরক্ষণ ও চাটনি,"আদার আচার, ৫০০ গ্রাম, আরকু ব্র্যান্ড, প্রিমিয়াম কোয়ালিটি",95
prod_04565,আরকু পাস্তা (৫ কেজি),তাৎক্ষণিক খাদ্য,"ইতালিয়ান পাস্তা, ৫ কেজি, আরকু ব্র্যান্ড, প্রিমিয়াম কোয়ালিটি",787
prod_04566,প্রাণ ফেলন (৫০০ গ্রাম),দালিল শস্য,"সবুজ ফেলন, ৫০০ গ্রাম, প্রাণ ব্র্যান্ড, প্রিমিয়াম কোয়ালিটি",130
prod_04567,ফ্রেশ বেকিং পাউডার (১ লিটার),রান্নার উপাদান,"বেকিং পাউডার, ১ লিটার, ফ্রেশ ব্র্যান্ড, প্রিমিয়াম কোয়ালিটি",92
prod_04568,তীর রাইস ব্রান তেল (২৫০ মিলি),রান্নার তেল,"রাইস ব্রান তেল, ২৫০ মিলি, তীর ব্র্যান্ড, প্রিমিয়াম কোয়ালিটি",128
prod_04569,আফতাব কফি পাউডার (২৫০ মিলি),পানীয়,"কফি পাউডার, ২৫০ মিলি, আফতাব ব্র্যান্ড, প্রিমিয়াম কোয়ালিটি",109
prod_04570,আরকু মধু (২ কেজি),মিষ্টি ও ডেজার্ট,"খাঁটি মৌমাছির মধু, ২ কেজি, আরকু ব্র্যান্ড, প্রিমিয়াম কোয়ালিটি",990
prod_04571,ইগলু পাঁচফোড়ন (১ কেজি),মশলা,"পাঁচফোড়ন মিশ্রণ, ১ কেজি, ইগলু ব্র্যান্ড, প্রিমিয়াম কোয়ালিটি",143
prod_04572,পূর্ণ খেজুর (২ কেজি),বাদাম ও শুকনো ফল,"মধ্যপূর্বীয় খেজুর, ২ কেজি, পূর্ণ ব্র্যান্ড, প্রিমিয়াম কোয়ালিটি",978
prod_04573,স্কয়ার মধু (৫০০ গ্রাম),মিষ্টি ও ডেজার্ট,"খাঁটি মৌমাছির মধু, ৫০০ গ্রাম, স্কয়ার ব্র্যান্ড, প্রিমিয়াম কোয়ালিটি",258
prod_04574,তীর শোল মাছ (২৫০ গ্রাম),প্রোটিন,"তাজা শোল মাছ, ২৫০ গ্রাম, তীর ব্র্যান্ড, প্রিমিয়াম কোয়ালিটি",218
prod_04575,ফ্রেশ শসা (২ কেজি),শাকসবজি,"তাজা শসা, ২ কেজি, ফ্রেশ ব্র্যান্ড, প্রিমিয়াম কোয়ালিটি",113
prod_04576,স্কয়ার রাইস ব্রান তেল (১ লিটার),রান্নার তেল,"রাইস ব্রান তেল, ১ লিটার, স্কয়ার ব্র্যান্ড, প্রিমিয়াম কোয়ালিটি",479
prod_04577,ড্যানিশ তরমুজ (২৫০ গ্রাম),ফল,"তাজা তরমুজ, ২৫০ গ্রাম, ড্যানিশ ব্র্যান্ড, প্রিমিয়াম কোয়ালিটি",33
prod_04578,রূপচাঁদা কিসমিস (২৫০ গ্রাম),বাদাম ও শুকনো ফল,"ভারতীয় কিসমিস, ২৫০ গ্রাম, রূপচাঁদা ব্র্যান্ড, প্রিমিয়াম কোয়ালিটি",95
prod_04579,মেঘনা টমেটো সস (২৫০ মিলি),রান্নার উপাদান,"টমেটো কেচাপ, ২৫০ মিলি, মেঘনা ব্র্যান্ড, প্রিমিয়াম কোয়ালিটি",34
prod_04580,ইস্পাহানি লেবুর রস (২ লিটার),পানীয়,"প্রাকৃতিক লেবুর রস, ২ লিটার, ইস্পাহানি ব্র্যান্ড, প্রিমিয়াম কোয়ালিটি",253
prod_04581,ইগলু রসুন পেস্ট (৫০০ মিলি),রান্নার উপাদান,"তরল রসুন পেস্ট, ৫০০ মিলি, ইগলু ব্র্যান্ড, প্রিমিয়াম কোয়ালিটি",98
prod_04582,মিল্কভিটা হট সস (৫০০ মিলি),স্টক ও সস,"হট চিলি সস, ৫০০ মিলি, মিল্কভিটা ব্র্যান্ড, প্রিমিয়াম কোয়ালিটি",85
prod_04583,ড্যানিশ এলাচ (২৫০ গ্রাম),মশলা,"সবুজ এলাচ, ২৫০ গ্রাম, ড্যানিশ ব্র্যান্ড, প্রিমিয়াম কোয়ালিটি",54
prod_04584,আরকু ম্যাকারনি (৫০০ গ্রাম),তাৎক্ষণিক খাদ্য,"ম্যাকারনি, ৫০০ গ্রাম, আরকু ব্র্যান্ড, প্রিমিয়াম কোয়ালিটি",92
prod_04585,ম্যারিকো পেয়ারা (৫০০ গ্রাম),ফল,"তাজা পেয়ারা, ৫০০ গ্রাম, ম্যারিকো ব্র্যান্ড, প্রিমিয়াম কোয়ালিটি",78
prod_04586,মেঘনা সুজি (১ কেজি),খাদ্যশস্য,"সুজি, রান্নার জন্য, ১ কেজি, মেঘনা ব্র্যান্ড, প্রিমিয়াম কোয়ালিটি",107
prod_04587,প্রাণ টমেটোর চাটনি (২৫০ গ্রাম),সংরক্ষণ ও চাটনি,"টমেটোর চাটনি, ২৫০ গ্রাম, প্রাণ ব্র্যান্ড, প্রিমিয়াম কোয়ালিটি",39
prod_04588,তীর ঘি (১ কেজি),দুগ্ধজাত,"খাঁটি গাওয়া ঘি, ১ কেজি, তীর ব্র্যান্ড, প্রিমিয়াম কোয়ালিটি",758
prod_04589,পূর্ণ লাচ্ছি (৫ লিটার),পানীয়,"ঠান্ডা লাচ্ছি, ৫ লিটার, পূর্ণ ব্র্যান্ড, প্রিমিয়াম কোয়ালিটি",482
prod_04590,আরকু দুধের পাউডার (২ কেজি),দুগ্ধজাত,"সম্পূর্ণ দুধের পাউডার, ২ কেজি, আরকু ব্র্যান্ড, প্রিমিয়াম কোয়ালিটি",1020
prod_04591,আরকু নারকেল চিপস (১ কেজি),বাদাম ও শুকনো ফল,"কাটা নারকেল চিপস, ১ কেজি, আরকু ব্র্যান্ড, প্রিমিয়াম কোয়ালিটি",170
prod_04592,রূপচাঁদা ভ্যাজিটেবল স্টক (২ লিটার),স্টক ও সস,"শাকসবজির স্টক, ২ লিটার, রূপচাঁদা ব্র্যান্ড, প্রিমিয়াম কোয়ালিটি",650
prod_04593,মিল্কভিটা রসগোল্লা (৫০০ গ্রাম),মিষ্টি ও ডেজার্ট,"সিলেটি রসগোল্লা, ৫০০ গ্রাম, মিল্কভিটা ব্র্যান্ড, প্রিমিয়াম কোয়ালিটি",196
prod_04594,সুরভি চিনাবাদাম (৫ কেজি),বাদাম ও শুকনো ফল,"সিদ্ধ চিনাবাদাম, ৫ কেজি, সুরভি ব্র্যান্ড, প্রিমিয়াম কোয়ালিটি",1007
prod_04595,আফতাব চা পাতি (৫০০ মিলি),পানীয়,"সিলেটের চা পাতি, ৫০০ মিলি, আফতাব ব্র্যান্ড, প্রিমিয়াম কোয়ালিটি",172
prod_04596,পূর্ণ ফ্ল্যাক্স সিড (২৫০ গ্রাম),স্বাস্থ্য খাদ্য,"ফ্ল্যাক্স সিড, ২৫০ গ্রাম, পূর্ণ ব্র্যান্ড, প্রিমিয়াম কোয়ালিটি",122
prod_04597,কাজী ফার্মস রাইস ব্রান তেল (৫ লিটার),রান্নার তেল,"রাইস ব্রান তেল, ৫ লিটার, কাজী ফার্মস ব্র্যান্ড, প্রিমিয়াম কোয়ালিটি",2060
prod_04598,ACI জোয়ার (৫ কেজি),খাদ্যশস্য,"জোয়ারের আটা, ৫ কেজি, ACI ব্র্যান্ড, প্রিমিয়াম কোয়ালিটি",590
prod_04599,ম্যারিকো পেঁপে (৫ কেজি),ফল,"পাকা পেঁপে, ৫ কেজি, ম্যারিকো ব্র্যান্ড, প্রিমিয়াম কোয়ালিটি",471
prod_04600,সুরভি কাজু বাদাম (২ কেজি),বাদাম ও শুকনো ফল,"টাটকা কাজু বাদাম, ২ কেজি, সুরভি ব্র্যান্ড, প্রিমিয়াম কোয়ালিটি",912
prod_04601,কাজী ফার্মস ম্যাকারনি (৫০০ গ্রাম),তাৎক্ষণিক খাদ্য,"ম্যাকারনি, ৫০০ গ্রাম, কাজী ফার্মস ব্র্যান্ড, প্রিমিয়াম কোয়ালিটি",85
prod_04602,স্কয়ার ভ্যাজিটেবল স্টক (৫০০ মিলি),স্টক ও সস,"শাকসবজির স্টক, ৫০০ মিলি, স্কয়ার ব্র্যান্ড, প্রিমিয়াম কোয়ালিটি",204
prod_04603,তীর বাসমতি চাল (১ কেজি),খাদ্যশস্য,"লম্বা বাসমতি চাল, ১ কেজি, তীর ব্র্যান্ড, প্রিমিয়াম কোয়ালিটি",243
prod_04604,ড্যানিশ খেজুর (৫০০ গ্রাম),বাদাম ও শুকনো ফল,"মধ্যপূর্বীয় খেজুর, ৫০০ গ্রাম, ড্যানিশ ব্র্যান্ড, প্রিমিয়াম কোয়ালিটি",314
prod_04605,মেঘনা মাখন (২৫০ গ্রাম),দুগ্ধজাত,"খাঁটি মাখন, ২৫০ গ্রাম, মেঘনা ব্র্যান্ড, প্রিমিয়াম কোয়ালিটি",172
prod_04606,কাজী ফার্মস খেজুর (৫ কেজি),বাদাম ও শুকনো ফল,"মধ্যপূর্বীয় খেজুর, ৫ কেজি, কাজী ফার্মস ব্র্যান্ড, প্রিমিয়াম কোয়ালিটি",2187
prod_04607,ফ্রেশ অলিভ অয়েল (২৫০ মিলি),রান্নার তেল,"এক্সট্রা ভার্জিন অলিভ অয়েল, ২৫০ মিলি, ফ্রেশ ব্র্যান্ড, প্রিমিয়াম কোয়ালিটি",255
prod_04608,ইস্পাহানি রাইস ব্রান তেল (২৫০ মিলি),রান্নার তেল,"রাইস ব্রান তেল, ২৫০ মিলি, ইস্পাহানি ব্র্যান্ড, প্রিমিয়াম কোয়ালিটি",140
prod_04609,আফতাব পাস্তা (৫ কেজি),তাৎক্ষণিক খাদ্য,"ইতালিয়ান পাস্তা, ৫ কেজি, আফতাব ব্র্যান্ড, প্রিমিয়াম কোয়ালিটি",890
prod_04610,অর্গানিক ফার্ম করলা (১ কেজি),শাকসবজি,"তাজা করলা, ১ কেজি, অর্গানিক ফার্ম ব্র্যান্ড, প্রিমিয়াম কোয়ালিটি",107
prod_04611,মেঘনা আদার আচার (৫০০ গ্রাম),সংরক্ষণ ও চাটনি,"আদার আচার, ৫০০ গ্রাম, মেঘনা ব্র্যান্ড, প্রিমিয়াম কোয়ালিটি",82
prod_04612,বসুন্ধরা ক্রিম (২৫০ গ্রাম),দুগ্ধজাত,"ফ্রেশ ক্রিম, ২৫০ গ্রাম, বসুন্ধরা ব্র্যান্ড, প্রিমিয়াম কোয়ালিটি",112
prod_04613,ইস্পাহানি সরিষার তেল (৫০০ মিলি),রান্নার তেল,"ঐতিহ্যবাহী সরিষার তেল, ৫০০ মিলি, ইস্পাহানি ব্র্যান্ড, প্রিমিয়াম কোয়ালিটি",142
prod_04614,মেঘনা চিজ (২৫০ গ্রাম),দুগ্ধজাত,"প্রসেসড চিজ, ২৫০ গ্রাম, মেঘনা ব্র্যান্ড, প্রিমিয়াম কোয়ালিটি",119
prod_04615,ফ্রেশ আদা পেস্ট (৫ লিটার),রান্নার উপাদান,"তাজা আদা পেস্ট, ৫ লিটার, ফ্রেশ ব্র্যান্ড, প্রিমিয়াম কোয়ালিটি",644
prod_04616,ইস্পাহানি টমেটো সস (৫০০ মিলি),রান্নার উপাদান,"টমেটো কেচাপ, ৫০০ মিলি, ইস্পাহানি ব্র্যান্ড, প্রিমিয়াম কোয়ালিটি",82
prod_04617,রাধুনী পেঁপে (৫০০ গ্রাম),ফল,"পাকা পেঁপে, ৫০০ গ্রাম, রাধুনী ব্র্যান্ড, প্রিমিয়াম কোয়ালিটি",66
prod_04618,ইগলু জাম (২ কেজি),ফল,"কালো জাম, ২ কেজি, ইগলু ব্র্যান্ড, প্রিমিয়াম কোয়ালিটি",454
prod_04619,আরকু মিষ্টি আমের চাটনি (২৫০ গ্রাম),সংরক্ষণ ও চাটনি,"মিষ্টি আমের চাটনি, ২৫০ গ্রাম, আরকু ব্র্যান্ড, প্রিমিয়াম কোয়ালিটি",49
prod_04620,মেঘনা ময়দা (২৫০ গ্রাম),খাদ্যশস্য,"সাদা ময়দা, ২৫০ গ্রাম, মেঘনা ব্র্যান্ড, প্রিমিয়াম কোয়ালিটি",28
prod_04621,ড্যানিশ টমেটোর চাটনি (২৫০ গ্রাম),সংরক্ষণ ও চাটনি,"টমেটোর চাটনি, ২৫০ গ্রাম, ড্যানিশ ব্র্যান্ড, প্রিমিয়াম কোয়ালিটি",45
prod_04622,তীর কিনোয়া (২৫০ গ্রাম),স্বাস্থ্য খাদ্য,"অর্গানিক কিনোয়া, ২৫০ গ্রাম, তীর ব্র্যান্ড, প্রিমিয়াম কোয়ালিটি",179
prod_04623,তীর মূলা (২ কেজি),শাকসবজি,"সাদা মূলা, ২ কেজি, তীর ব্র্যান্ড, প্রিমিয়াম কোয়ালিটি",95
prod_04624,অর্গানিক ফার্ম পাস্তা (২৫০ গ্রাম),তাৎক্ষণিক খাদ্য,"ইতালিয়ান পাস্তা, ২৫০ গ্রাম, অর্গানিক ফার্ম ব্র্যান্ড, প্রিমিয়াম কোয়ালিটি",65
prod_04625,ACI সেমাই (৫ কেজি),তাৎক্ষণিক খাদ্য,"পাতলা সেমাই, ৫ কেজি, ACI ব্র্যান্ড, প্রিমিয়াম কোয়ালিটি",575
prod_04626,ফ্রেশ চিনাবাদাম (২৫০ গ্রাম),বাদাম ও শুকনো ফল,"সিদ্ধ চিনাবাদাম, ২৫০ গ্রাম, ফ্রেশ ব্র্যান্ড, প্রিমিয়াম কোয়ালিটি",82
prod_04627,বসুন্ধরা শোল মাছ (২ কেজি),প্রোটিন,"তাজা শোল মাছ, ২ কেজি, বসুন্ধরা ব্র্যান্ড, প্রিমিয়াম কোয়ালিটি",1839
prod_04628,ড্যানিশ নারকেল জল (২৫০ মিলি),পানীয়,"তাজা নারকেল জল, ২৫০ মিলি, ড্যানিশ ব্র্যান্ড, প্রিমিয়াম কোয়ালিটি",57
prod_04629,রূপচাঁদা আদার আচার (১ কেজি),সংরক্ষণ ও চাটনি,"আদার আচার, ১ কেজি, রূপচাঁদা ব্র্যান্ড, প্রিমিয়াম কোয়ালিটি",163
prod_04630,প্রাণ চিকেন স্টক (১ লিটার),স্টক ও সস,"মুরগির স্টক, ১ লিটার, প্রাণ ব্র্যান্ড, প্রিমিয়াম কোয়ালিটি",375
prod_04631,আফতাব অলিভ অয়েল (৫ লিটার),রান্নার তেল,"এক্সট্রা ভার্জিন অলিভ অয়েল, ৫ লিটার, আফতাব ব্র্যান্ড, প্রিমিয়াম কোয়ালিটি",3244
prod_04632,ফ্রেশ ব্রোকলি (২৫০ গ্রাম),শাকসবজি,"সবুজ ব্রোকলি, ২৫০ গ্রাম, ফ্রেশ ব্র্যান্ড, প্রিমিয়াম কোয়ালিটি",51
prod_04633,ফ্রেশ চিপস (৫০০ গ্রাম),তাৎক্ষণিক খাদ্য,"আলুর চিপস, ৫০০ গ্রাম, ফ্রেশ ব্র্যান্ড, প্রিমিয়াম কোয়ালিটি",40
prod_04634,আরকু নারকেল তেল (১ লিটার),রান্নার তেল,"খাঁটি নারকেল তেল, ১ লিটার, আরকু ব্র্যান্ড, প্রিমিয়াম কোয়ালিটি",339
prod_04635,কাজী ফার্মস রাইস ব্রান তেল (১ লিটার),রান্নার তেল,"রাইস ব্রান তেল, ১ লিটার, কাজী ফার্মস ব্র্যান্ড, প্রিমিয়াম কোয়ালিটি",411
prod_04636,ACI ভিনেগার (২ লিটার),রান্নার উপাদান,"সাদা ভিনেগার, ২ লিটার, ACI ব্র্যান্ড, প্রিমিয়াম কোয়ালিটি",168
prod_04637,আরকু চানাচুর (৫০০ গ্রাম),তাৎক্ষণিক খাদ্য,"মসলাদার চানাচুর, ৫০০ গ্রাম, আরকু ব্র্যান্ড, প্রিমিয়াম কোয়ালিটি",43
prod_04638,রূপচাঁদা বাসমতি চাল (২৫০ গ্রাম),খাদ্যশস্য,"লম্বা বাসমতি চাল, ২৫০ গ্রাম, রূপচাঁদা ব্র্যান্ড, প্রিমিয়াম কোয়ালিটি",74
prod_04639,কাজী ফার্মস তেঁতুলের চাটনি (২৫০ গ্রাম),সংরক্ষণ ও চাটনি,"তেঁতুলের চাটনি, ২৫০ গ্রাম, কাজী ফার্মস ব্র্যান্ড, প্রিমিয়াম কোয়ালিটি",32
prod_04640,স্কয়ার গুঁড়া চিনি (৫০০ গ্রাম),মিষ্টি ও ডেজার্ট,"সাদা গুঁড়া চিনি, ৫০০ গ্রাম, স্কয়ার ব্র্যান্ড, প্রিমিয়াম কোয়ালিটি",86
prod_04641,প্রাণ ডাটা শাক (২ কেজি),শাকসবজি,"তাজা ডাটা শাক, ২ কেজি, প্রাণ ব্র্যান্ড, প্রিমিয়াম কোয়ালিটি",73
prod_04642,আফতাব ইলিশ মাছ (৫০০ গ্রাম),প্রোটিন,"বিখ্যাত ইলিশ মাছ, ৫০০ গ্রাম, আফতাব ব্র্যান্ড, প্রিমিয়াম কোয়ালিটি",802
prod_04643,আফতাব সুজি (১ কেজি),খাদ্যশস্য,"সুজি, রান্নার জন্য, ১ কেজি, আফতাব ব্র্যান্ড, প্রিমিয়াম কোয়ালিটি",101
prod_04644,কাজী ফার্মস চিজ (৫০০ গ্রাম),দুগ্ধজাত,"প্রসেসড চিজ, ৫০০ গ্রাম, কাজী ফার্মস ব্র্যান্ড, প্রিমিয়াম কোয়ালিটি",216
prod_04645,ম্যারিকো দুধের পাউডার (৫ কেজি),দুগ্ধজাত,"সম্পূর্ণ দুধের পাউডার, ৫ কেজি, ম্যারিকো ব্র্যান্ড, প্রিমিয়াম কোয়ালিটি",1969
prod_04646,মিল্কভিটা গরুর মাংস (২ কেজি),প্রোটিন,"তাজা গরুর মাংস, ২ কেজি, মিল্কভিটা ব্র্যান্ড, প্রিমিয়াম কোয়ালিটি",2516
prod_04647,সুরভি খেজুর (৫ কেজি),বাদাম ও শুকনো ফল,"মধ্যপূর্বীয় খেজুর, ৫ কেজি, সুরভি ব্র্যান্ড, প্রিমিয়াম কোয়ালিটি",2324
prod_04648,ড্যানিশ কচু শাক (১ কেজি),শাকসবজি,"তাজা কচু শাক, ১ কেজি, ড্যানিশ ব্র্যান্ড, প্রিমিয়াম কোয়ালিটি",47
prod_04649,ফ্রেশ আম (২ কেজি),ফল,"হিমসাগর আম, ২ কেজি, ফ্রেশ ব্র্যান্ড, প্রিমিয়াম কোয়ালিটি",657
prod_04650,মিল্কভিটা কফি পাউডার (৫০০ মিলি),পানীয়,"কফি পাউডার, ৫০০ মিলি, মিল্কভিটা ব্র্যান্ড, প্রিমিয়াম কোয়ালিটি",240
prod_04651,সুরভি লাল শাক (৫০০ গ্রাম),শাকসবজি,"তাজা লাল শাক, ৫০০ গ্রাম, সুরভি ব্র্যান্ড, প্রিমিয়াম কোয়ালিটি",21
prod_04652,আরকু গুড় (২৫০ গ্রাম),মিষ্টি ও ডেজার্ট,"খাঁটি গুড়, ২৫০ গ্রাম, আরকু ব্র্যান্ড, প্রিমিয়াম কোয়ালিটি",63
prod_04653,বসুন্ধরা চিংড়ি (২৫০ গ্রাম),প্রোটিন,"তাজা চিংড়ি, ২৫০ গ্রাম, বসুন্ধরা ব্র্যান্ড, প্রিমিয়াম কোয়ালিটি",306
prod_04654,প্রাণ পনির (২ কেজি),দুগ্ধজাত,"ঘৃতি পনির, ২ কেজি, প্রাণ ব্র্যান্ড, প্রিমিয়াম কোয়ালিটি",508
prod_04655,তীর চিজ (৫০০ গ্রাম),দুগ্ধজাত,"প্রসেসড চিজ, ৫০০ গ্রাম, তীর ব্র্যান্ড, প্রিমিয়াম কোয়ালিটি",266
prod_04656,স্কয়ার ব্রোকলি (২ কেজি),শাকসবজি,"সবুজ ব্রোকলি, ২ কেজি, স্কয়ার ব্র্যান্ড, প্রিমিয়াম কোয়ালিটি",277
prod_04657,ম্যারিকো ফল জুস (৫০০ মিলি),পানীয়,"মিশ্র ফল জুস, ৫০০ মিলি, ম্যারিকো ব্র্যান্ড, প্রিমিয়াম কোয়ালিটি",127
prod_04658,সুরভি মিষ্টি আমের চাটনি (২ কেজি),সংরক্ষণ ও চাটনি,"মিষ্টি আমের চাটনি, ২ কেজি, সুরভি ব্র্যান্ড, প্রিমিয়াম কোয়ালিটি",318
prod_04659,আরকু লেবুর রস (১ লিটার),পানীয়,"প্রাকৃতিক লেবুর রস, ১ লিটার, আরকু ব্র্যান্ড, প্রিমিয়াম কোয়ালিটি",122
prod_04660,আরকু চিয়া সিড (২৫০ গ্রাম),স্বাস্থ্য খাদ্য,"চিয়া সিড, ২৫০ গ্রাম, আরকু ব্র্যান্ড, প্রিমিয়াম কোয়ালিটি",161
prod_04661,ড্যানিশ কিসমিস (২৫০ গ্রাম),বাদাম ও শুকনো ফল,"ভারতীয় কিসমিস, ২৫০ গ্রাম, ড্যানিশ ব্র্যান্ড, প্রিমিয়াম কোয়ালিটি",111
prod_04662,বসুন্ধরা পাঙ্গাস মাছ (৫০০ গ্রাম),প্রোটিন,"তাজা পাঙ্গাস মাছ, ৫০০ গ্রাম, বসুন্ধরা ব্র্যান্ড, প্রিমিয়াম কোয়ালিটি",312
prod_04663,আফতাব বেসন (২৫০ গ্রাম),খাদ্যশস্য,"ছোলার বেসন, ২৫০ গ্রাম, আফতাব ব্র্যান্ড, প্রিমিয়াম কোয়ালিটি",46
prod_04664,সুরভি পেঁয়াজের চাটনি (২ কেজি),সংরক্ষণ ও চাটনি,"পেঁয়াজের চাটনি, ২ কেজি, সুরভি ব্র্যান্ড, প্রিমিয়াম কোয়ালিটি",218
prod_04665,পূর্ণ ফল জুস (১ লিটার),পানীয়,"মিশ্র ফল জুস, ১ লিটার, পূর্ণ ব্র্যান্ড, প্রিমিয়াম কোয়ালিটি",226
prod_04666,তীর সন্দেশ (২৫০ গ্রাম),মিষ্টি ও ডেজার্ট,"তাজা সন্দেশ, ২৫০ গ্রাম, তীর ব্র্যান্ড, প্রিমিয়াম কোয়ালিটি",86
prod_04667,সুরভি তরমুজ (৫ কেজি),ফল,"তাজা তরমুজ, ৫ কেজি, সুরভি ব্র্যান্ড, প্রিমিয়াম কোয়ালিটি",451
prod_04668,বসুন্ধরা রুই মাছ (১ কেজি),প্রোটিন,"তাজা রুই মাছ, ১ কেজি, বসুন্ধরা ব্র্যান্ড, প্রিমিয়াম কোয়ালিটি",634
prod_04669,আফতাব লাউ (১ কেজি),শাকসবজি,"মিষ্টি লাউ, ১ কেজি, আফতাব ব্র্যান্ড, প্রিমিয়াম কোয়ালিটি",96
prod_04670,মিল্কভিটা বাসমতি চাল (২৫০ গ্রাম),খাদ্যশস্য,"লম্বা বাসমতি চাল, ২৫০ গ্রাম, মিল্কভিটা ব্র্যান্ড, প্রিমিয়াম কোয়ালিটি",69
prod_04671,সুরভি খেজুর (৫ কেজি),বাদাম ও শুকনো ফল,"মধ্যপূর্বীয় খেজুর, ৫ কেজি, সুরভি ব্র্যান্ড, প্রিমিয়াম কোয়ালিটি",2324
prod_04672,আফতাব পাঁচফোড়ন (২৫০ গ্রাম),মশলা,"পাঁচফোড়ন মিশ্রণ, ২৫০ গ্রাম, আফতাব ব্র্যান্ড, প্রিমিয়াম কোয়ালিটি",31
prod_04673,কাজী ফার্মস বার্লি (২ কেজি),খাদ্যশস্য,"প্রাকৃতিক বার্লি, ২ কেজি, কাজী ফার্মস ব্র্যান্ড, প্রিমিয়াম কোয়ালিটি",277
prod_04674,ম্যারিকো বেসন (৫০০ গ্রাম),খাদ্যশস্য,"ছোলার বেসন, ৫০০ গ্রাম, ম্যারিকো ব্র্যান্ড, প্রিমিয়াম কোয়ালিটি",79
prod_04675,বসুন্ধরা কাঠবাদাম (১ কেজি),বাদাম ও শুকনো ফল,"কাঠবাদাম, ১ কেজি, বসুন্ধরা ব্র্যান্ড, প্রিমিয়াম কোয়ালিটি",553
prod_04676,মিল্কভিটা কর্নফ্লাওয়ার (৫ লিটার),রান্নার উপাদান,"কর্নফ্লাওয়ার, ৫ লিটার, মিল্কভিটা ব্র্যান্ড, প্রিমিয়াম কোয়ালিটি",468
prod_04677,অর্গানিক ফার্ম বেকিং পাউডার (৫০০ মিলি),রান্নার উপাদান,"বেকিং পাউডার, ৫০০ মিলি, অর্গানিক ফার্ম ব্র্যান্ড, প্রিমিয়াম কোয়ালিটি",55
prod_04678,স্কয়ার নুডুলস (১ কেজি),তাৎক্ষণিক খাদ্য,"ডিম নুডুলস, ১ কেজি, স্কয়ার ব্র্যান্ড, প্রিমিয়াম কোয়ালিটি",107
prod_04679,স্কয়ার জিলাপি (২ কেজি),মিষ্টি ও ডেজার্ট,"তাজা জিলাপি, ২ কেজি, স্কয়ার ব্র্যান্ড, প্রিমিয়াম কোয়ালিটি",293
prod_04680,রাধুনী চিড়া (২৫০ গ্রাম),খাদ্যশস্য,"চ্যাপ্টা চিড়া, ২৫০ গ্রাম, রাধুনী ব্র্যান্ড, প্রিমিয়াম কোয়ালিটি",30
prod_04681,ড্যানিশ চিংড়ি (২৫০ গ্রাম),প্রোটিন,"তাজা চিংড়ি, ২৫০ গ্রাম, ড্যানিশ ব্র্যান্ড, প্রিমিয়াম কোয়ালিটি",273
prod_04682,ফ্রেশ ভ্যাজিটেবল স্টক (৫ লিটার),স্টক ও সস,"শাকসবজির স্টক, ৫ লিটার, ফ্রেশ ব্র্যান্ড, প্রিমিয়াম কোয়ালিটি",1237
prod_04683,ম্যারিকো চিংড়ি (৫০০ গ্রাম),প্রোটিন,"তাজা চিংড়ি, ৫০০ গ্রাম, ম্যারিকো ব্র্যান্ড, প্রিমিয়াম কোয়ালিটি",576
prod_04684,প্রাণ খেসারি ডাল (৫ কেজি),দালিল শস্য,"খেসারি ডাল, ৫ কেজি, প্রাণ ব্র্যান্ড, প্রিমিয়াম কোয়ালিটি",729
prod_04685,ইগলু শরবত (৫০০ মিলি),পানীয়,"রুহ আফজা শরবত, ৫০০ মিলি, ইগলু ব্র্যান্ড, প্রিমিয়াম কোয়ালিটি",105
prod_04686,ফ্রেশ মিষ্টি দই (২৫০ গ্রাম),মিষ্টি ও ডেজার্ট,"মিষ্টি দই, ২৫০ গ্রাম, ফ্রেশ ব্র্যান্ড, প্রিমিয়াম কোয়ালিটি",49
prod_04687,রূপচাঁদা চিনি (১ কেজি),মিষ্টি ও ডেজার্ট,"সাদা পরিশোধিত চিনি, ১ কেজি, রূপচাঁদা ব্র্যান্ড, প্রিমিয়াম কোয়ালিটি",145
prod_04688,রূপচাঁদা খই (৫০০ গ্রাম),খাদ্যশস্য,"ভাজা খই, ৫০০ গ্রাম, রূপচাঁদা ব্র্যান্ড, প্রিমিয়াম কোয়ালিটি",48
prod_04689,রাধুনী পাস্তা (৫ কেজি),তাৎক্ষণিক খাদ্য,"ইতালিয়ান পাস্তা, ৫ কেজি, রাধুনী ব্র্যান্ড, প্রিমিয়াম কোয়ালিটি",922
prod_04690,ড্যানিশ চা পাতি (১ লিটার),পানীয়,"সিলেটের চা পাতি, ১ লিটার, ড্যানিশ ব্র্যান্ড, প্রিমিয়াম কোয়ালিটি",406
prod_04691,প্রাণ চিয়া সিড (২৫০ গ্রাম),স্বাস্থ্য খাদ্য,"চিয়া সিড, ২৫০ গ্রাম, প্রাণ ব্র্যান্ড, প্রিমিয়াম কোয়ালিটি",171
prod_04692,বসুন্ধরা সুজি (৫০০ গ্রাম),খাদ্যশস্য,"সুজি, রান্নার জন্য, ৫০০ গ্রাম, বসুন্ধরা ব্র্যান্ড, প্রিমিয়াম কোয়ালিটি",49
prod_04693,আরকু লবঙ্গ (৫০০ গ্রাম),মশলা,"খাঁটি লবঙ্গ, ৫০০ গ্রাম, আরকু ব্র্যান্ড, প্রিমিয়াম কোয়ালিটি",109
prod_04694,তীর ঘি (১ কেজি),দুগ্ধজাত,"খাঁটি গাওয়া ঘি, ১ কেজি, তীর ব্র্যান্ড, প্রিমিয়াম কোয়ালিটি",711
prod_04695,অর্গানিক ফার্ম ফ্ল্যাক্স সিড (৫০০ গ্রাম),স্বাস্থ্য খাদ্য,"ফ্ল্যাক্স সিড, ৫০০ গ্রাম, অর্গানিক ফার্ম ব্র্যান্ড, প্রিমিয়াম কোয়ালিটি",214
prod_04696,ACI দুধ (২ কেজি),দুগ্ধজাত,"তাজা গরুর দুধ, ২ কেজি, ACI ব্র্যান্ড, প্রিমিয়াম কোয়ালিটি",229
prod_04697,রূপচাঁদা অলিভ অয়েল (২ লিটার),রান্নার তেল,"এক্সট্রা ভার্জিন অলিভ অয়েল, ২ লিটার, রূপচাঁদা ব্র্যান্ড, প্রিমিয়াম কোয়ালিটি",1227
prod_04698,কাজী ফার্মস আম আচার (৫০০ গ্রাম),সংরক্ষণ ও চাটনি,"তাজা আম আচার, ৫০০ গ্রাম, কাজী ফার্মস ব্র্যান্ড, প্রিমিয়াম কোয়ালিটি",94
prod_04699,রাধুনী ভ্যাজিটেবল স্টক (৫০০ মিলি),স্টক ও সস,"শাকসবজির স্টক, ৫০০ মিলি, রাধুনী ব্র্যান্ড, প্রিমিয়াম কোয়ালিটি",164
prod_04700,ফ্রেশ গরুর মাংস (২ কেজি),প্রোটিন,"তাজা গরুর মাংস, ২ কেজি, ফ্রেশ ব্র্যান্ড, প্রিমিয়াম কোয়ালিটি",2058
prod_04701,আফতাব এলাচ (৫ কেজি),মশলা,"সবুজ এলাচ, ৫ কেজি, আফতাব ব্র্যান্ড, প্রিমিয়াম কোয়ালিটি",919
prod_04702,ইস্পাহানি কেক (৫ কেজি),তাৎক্ষণিক খাদ্য,"ফ্রুট কেক, ৫ কেজি, ইস্পাহানি ব্র্যান্ড, প্রিমিয়াম কোয়ালিটি",1136
prod_04703,ড্যানিশ চিজ (৫০০ গ্রাম),দুগ্ধজাত,"প্রসেসড চিজ, ৫০০ গ্রাম, ড্যানিশ ব্র্যান্ড, প্রিমিয়াম কোয়ালিটি",258
prod_04704,স্কয়ার প্রোটিন পাউডার (১ কেজি),স্বাস্থ্য খাদ্য,"হোয়ে প্রোটিন, ১ কেজি, স্কয়ার ব্র্যান্ড, প্রিমিয়াম কোয়ালিটি",1485
prod_04705,পূর্ণ গম (১ কেজি),খাদ্যশস্য,"সাদা গম, উচ্চমানের, ১ কেজি, পূর্ণ ব্র্যান্ড, প্রিমিয়াম কোয়ালিটি",346
prod_04706,মিল্কভিটা কিনোয়া (২৫০ গ্রাম),স্বাস্থ্য খাদ্য,"অর্গানিক কিনোয়া, ২৫০ গ্রাম, মিল্কভিটা ব্র্যান্ড, প্রিমিয়াম কোয়ালিটি",190
prod_04707,আরকু কই মাছ (৫০০ গ্রাম),প্রোটিন,"তাজা কই মাছ, ৫০০ গ্রাম, আরকু ব্র্যান্ড, প্রিমিয়াম কোয়ালিটি",374
prod_04708,রূপচাঁদা বেগুন (২ কেজি),শাকসবজি,"বেগুনি বেগুন, ২ কেজি, রূপচাঁদা ব্র্যান্ড, প্রিমিয়াম কোয়ালিটি",143
prod_04709,আফতাব মুরগি (৫০০ গ্রাম),প্রোটিন,"তাজা মুরগির মাংস, ৫০০ গ্রাম, আফতাব ব্র্যান্ড, প্রিমিয়াম কোয়ালিটি",404
prod_04710,সুরভি ব্রাউন সুগার (২৫০ গ্রাম),মিষ্টি ও ডেজার্ট,"ব্রাউন সুগার, ২৫০ গ্রাম, সুরভি ব্র্যান্ড, প্রিমিয়াম কোয়ালিটি",55
prod_04711,কাজী ফার্মস নারকেল তেল (৫ লিটার),রান্নার তেল,"খাঁটি নারকেল তেল, ৫ লিটার, কাজী ফার্মস ব্র্যান্ড, প্রিমিয়াম কোয়ালিটি",1225
prod_04712,বসুন্ধরা রাইস ব্রান তেল (১ লিটার),রান্নার তেল,"রাইস ব্রান তেল, ১ লিটার, বসুন্ধরা ব্র্যান্ড, প্রিমিয়াম কোয়ালিটি",474
prod_04713,ড্যানিশ হলুদ গুঁড়া (২ কেজি),মশলা,"খাঁটি হলুদ গুঁড়া, ২ কেজি, ড্যানিশ ব্র্যান্ড, প্রিমিয়াম কোয়ালিটি",176
prod_04714,সুরভি মাখন (২৫০ গ্রাম),দুগ্ধজাত,"খাঁটি মাখন, ২৫০ গ্রাম, সুরভি ব্র্যান্ড, প্রিমিয়াম কোয়ালিটি",160
prod_04715,ড্যানিশ কিনোয়া (৫ কেজি),স্বাস্থ্য খাদ্য,"অর্গানিক কিনোয়া, ৫ কেজি, ড্যানিশ ব্র্যান্ড, প্রিমিয়াম কোয়ালিটি",2294
prod_04716,ইস্পাহানি কেক (১ কেজি),তাৎক্ষণিক খাদ্য,"ফ্রুট কেক, ১ কেজি, ইস্পাহানি ব্র্যান্ড, প্রিমিয়াম কোয়ালিটি",309
prod_04717,আরকু নুডুলস (২৫০ গ্রাম),তাৎক্ষণিক খাদ্য,"ডিম নুডুলস, ২৫০ গ্রাম, আরকু ব্র্যান্ড, প্রিমিয়াম কোয়ালিটি",32
prod_04718,প্রাণ খই (২৫০ গ্রাম),খাদ্যশস্য,"ভাজা খই, ২৫০ গ্রাম, প্রাণ ব্র্যান্ড, প্রিমিয়াম কোয়ালিটি",21
prod_04719,ম্যারিকো সরিষার তেল (২ লিটার),রান্নার তেল,"ঐতিহ্যবাহী সরিষার তেল, ২ লিটার, ম্যারিকো ব্র্যান্ড, প্রিমিয়াম কোয়ালিটি",545
prod_04720,কাজী ফার্মস ঝিঙ্গা (১ কেজি),শাকসবজি,"সবুজ ঝিঙ্গা, ১ কেজি, কাজী ফার্মস ব্র্যান্ড, প্রিমিয়াম কোয়ালিটি",62
prod_04721,তীর চিড়া (১ কেজি),খাদ্যশস্য,"চ্যাপ্টা চিড়া, ১ কেজি, তীর ব্র্যান্ড, প্রিমিয়াম কোয়ালিটি",101
prod_04722,ACI ঢেঁড়স (১ কেজি),শাকসবজি,"তাজা ঢেঁড়স, ১ কেজি, ACI ব্র্যান্ড, প্রিমিয়াম কোয়ালিটি",83
prod_04723,অর্গানিক ফার্ম অলিভ অয়েল (৫ লিটার),রান্নার তেল,"এক্সট্রা ভার্জিন অলিভ অয়েল, ৫ লিটার, অর্গানিক ফার্ম ব্র্যান্ড, প্রিমিয়াম কোয়ালিটি",3187
prod_04724,আফতাব নারকেল চিপস (২৫০ গ্রাম),বাদাম ও শুকনো ফল,"কাটা নারকেল চিপস, ২৫০ গ্রাম, আফতাব ব্র্যান্ড, প্রিমিয়াম কোয়ালিটি",44
prod_04725,স্কয়ার চিনাবাদাম (২ কেজি),বাদাম ও শুকনো ফল,"সিদ্ধ চিনাবাদাম, ২ কেজি, স্কয়ার ব্র্যান্ড, প্রিমিয়াম কোয়ালিটি",459
prod_04726,প্রাণ মাস্টার্ড সস (২৫০ মিলি),স্টক ও সস,"মাস্টার্ড সস, ২৫০ মিলি, প্রাণ ব্র্যান্ড, প্রিমিয়াম কোয়ালিটি",56
prod_04727,বসুন্ধরা সুজি (৫০০ গ্রাম),খাদ্যশস্য,"সুজি, রান্নার জন্য, ৫০০ গ্রাম, বসুন্ধরা ব্র্যান্ড, প্রিমিয়াম কোয়ালিটি",52
prod_04728,মেঘনা পাস্তা (৫ কেজি),তাৎক্ষণিক খাদ্য,"ইতালিয়ান পাস্তা, ৫ কেজি, মেঘনা ব্র্যান্ড, প্রিমিয়াম কোয়ালিটি",839
prod_04729,পূর্ণ গরুর মাংস (৫ কেজি),প্রোটিন,"তাজা গরুর মাংস, ৫ কেজি, পূর্ণ ব্র্যান্ড, প্রিমিয়াম কোয়ালিটি",4656
prod_04730,বসুন্ধরা মাংস স্টক (৫ লিটার),স্টক ও সস,"গরুর মাংসের স্টক, ৫ লিটার, বসুন্ধরা ব্র্যান্ড, প্রিমিয়াম কোয়ালিটি",1607
prod_04731,আরকু চিপস (১ কেজি),তাৎক্ষণিক খাদ্য,"আলুর চিপস, ১ কেজি, আরকু ব্র্যান্ড, প্রিমিয়াম কোয়ালিটি",67
prod_04732,আরকু লবণ (৫ কেজি),মশলা,"সমুদ্রের লবণ, ৫ কেজি, আরকু ব্র্যান্ড, প্রিমিয়াম কোয়ালিটি",319
prod_04733,ড্যানিশ আম (৫০০ গ্রাম),ফল,"হিমসাগর আম, ৫০০ গ্রাম, ড্যানিশ ব্র্যান্ড, প্রিমিয়াম কোয়ালিটি",184
prod_04734,প্রাণ গ্রানোলা (৫ কেজি),স্বাস্থ্য খাদ্য,"মিক্সড গ্রানোলা, ৫ কেজি, প্রাণ ব্র্যান্ড, প্রিমিয়াম কোয়ালিটি",2275
prod_04735,রাধুনী মেথি বীজ (২৫০ গ্রাম),মশলা,"মেথি বীজ, ২৫০ গ্রাম, রাধুনী ব্র্যান্ড, প্রিমিয়াম কোয়ালিটি",23
prod_04736,পূর্ণ মুগ ডাল (১ কেজি),দালিল শস্য,"সবুজ মুগ ডাল, ১ কেজি, পূর্ণ ব্র্যান্ড, প্রিমিয়াম কোয়ালিটি",247
prod_04737,আফতাব বেগুন (২৫০ গ্রাম),শাকসবজি,"বেগুনি বেগুন, ২৫০ গ্রাম, আফতাব ব্র্যান্ড, প্রিমিয়াম কোয়ালিটি",18
prod_04738,কাজী ফার্মস কফি পাউডার (২ লিটার),পানীয়,"কফি পাউডার, ২ লিটার, কাজী ফার্মস ব্র্যান্ড, প্রিমিয়াম কোয়ালিটি",703
prod_04739,ম্যারিকো জিলাপি (২ কেজি),মিষ্টি ও ডেজার্ট,"তাজা জিলাপি, ২ কেজি, ম্যারিকো ব্র্যান্ড, প্রিমিয়াম কোয়ালিটি",340
prod_04740,রাধুনী ক্রিম (২ কেজি),দুগ্ধজাত,"ফ্রেশ ক্রিম, ২ কেজি, রাধুনী ব্র্যান্ড, প্রিমিয়াম কোয়ালিটি",595
prod_04741,রাধুনী সিং মাছ (৫০০ গ্রাম),প্রোটিন,"স্থানীয় সিং মাছ, ৫০০ গ্রাম, রাধুনী ব্র্যান্ড, প্রিমিয়াম কোয়ালিটি",402
prod_04742,আফতাব পেস্তাবাদাম (৫ কেজি),বাদাম ও শুকনো ফল,"ইরানি পেস্তাবাদাম, ৫ কেজি, আফতাব ব্র্যান্ড, প্রিমিয়াম কোয়ালিটি",2504
prod_04743,ACI কাঠবাদাম (৫০০ গ্রাম),বাদাম ও শুকনো ফল,"কাঠবাদাম, ৫০০ গ্রাম, ACI ব্র্যান্ড, প্রিমিয়াম কোয়ালিটি",256
prod_04744,মেঘনা মাংস স্টক (৫ লিটার),স্টক ও সস,"গরুর মাংসের স্টক, ৫ লিটার, মেঘনা ব্র্যান্ড, প্রিমিয়াম কোয়ালিটি",1713
prod_04745,বসুন্ধরা মিষ্টি আলু (২৫০ গ্রাম),শাকসবজি,"কমলা মিষ্টি আলু, ২৫০ গ্রাম, বসুন্ধরা ব্র্যান্ড, প্রিমিয়াম কোয়ালিটি",29
prod_04746,ACI বুটের ডাল (২ কেজি),দালিল শস্য,"বুটের ডাল, ২ কেজি, ACI ব্র্যান্ড, প্রিমিয়াম কোয়ালিটি",330
prod_04747,আরকু পেঁয়াজের চাটনি (৫০০ গ্রাম),সংরক্ষণ ও চাটনি,"পেঁয়াজের চাটনি, ৫০০ গ্রাম, আরকু ব্র্যান্ড, প্রিমিয়াম কোয়ালিটি",72
prod_04748,স্কয়ার রসগোল্লা (৫ কেজি),মিষ্টি ও ডেজার্ট,"সিলেটি রসগোল্লা, ৫ কেজি, স্কয়ার ব্র্যান্ড, প্রিমিয়াম কোয়ালিটি",1582
prod_04749,প্রাণ কিসমিস (২৫০ গ্রাম),বাদাম ও শুকনো ফল,"ভারতীয় কিসমিস, ২৫০ গ্রাম, প্রাণ ব্র্যান্ড, প্রিমিয়াম কোয়ালিটি",99
prod_04750,বসুন্ধরা কাঠবাদাম (১ কেজি),বাদাম ও শুকনো ফল,"কাঠবাদাম, ১ কেজি, বসুন্ধরা ব্র্যান্ড, প্রিমিয়াম কোয়ালিটি",542
prod_04751,সুরভি মুড়ি (২৫০ গ্রাম),খাদ্যশস্য,"ফোলানো মুড়ি, ২৫০ গ্রাম, সুরভি ব্র্যান্ড, প্রিমিয়াম কোয়ালিটি",19
prod_04752,স্কয়ার এলাচ (৫০০ গ্রাম),মশলা,"সবুজ এলাচ, ৫০০ গ্রাম, স্কয়ার ব্র্যান্ড, প্রিমিয়াম কোয়ালিটি",108
prod_04753,আরকু মাষকলাই ডাল (১ কেজি),দালিল শস্য,"কালো মাষকলাই ডাল, ১ কেজি, আরকু ব্র্যান্ড, প্রিমিয়াম কোয়ালিটি",256
prod_04754,সুরভি খেসারি ডাল (৫০০ গ্রাম),দালিল শস্য,"খেসারি ডাল, ৫০০ গ্রাম, সুরভি ব্র্যান্ড, প্রিমিয়াম কোয়ালিটি",112
prod_04755,ম্যারিকো দুধ (৫ কেজি),দুগ্ধজাত,"তাজা গরুর দুধ, ৫ কেজি, ম্যারিকো ব্র্যান্ড, প্রিমিয়াম কোয়ালিটি",556
prod_04756,পূর্ণ পাস্তা (৫০০ গ্রাম),তাৎক্ষণিক খাদ্য,"ইতালিয়ান পাস্তা, ৫০০ গ্রাম, পূর্ণ ব্র্যান্ড, প্রিমিয়াম কোয়ালিটি",131
prod_04757,ফ্রেশ রসুন (৫ কেজি),শাকসবজি,"সাদা রসুন, ৫ কেজি, ফ্রেশ ব্র্যান্ড, প্রিমিয়াম কোয়ালিটি",591
prod_04758,কাজী ফার্মস কিনোয়া (২৫০ গ্রাম),স্বাস্থ্য খাদ্য,"অর্গানিক কিনোয়া, ২৫০ গ্রাম, কাজী ফার্মস ব্র্যান্ড, প্রিমিয়াম কোয়ালিটি",180
prod_04759,মিল্কভিটা ঘি (২৫০ গ্রাম),দুগ্ধজাত,"খাঁটি গাওয়া ঘি, ২৫০ গ্রাম, মিল্কভিটা ব্র্যান্ড, প্রিমিয়াম কোয়ালিটি",207
prod_04760,ম্যারিকো চিজ (৫০০ গ্রাম),দুগ্ধজাত,"প্রসেসড চিজ, ৫০০ গ্রাম, ম্যারিকো ব্র্যান্ড, প্রিমিয়াম কোয়ালিটি",242
prod_04761,আরকু সেমাই (২ কেজি),তাৎক্ষণিক খাদ্য,"পাতলা সেমাই, ২ কেজি, আরকু ব্র্যান্ড, প্রিমিয়াম কোয়ালিটি",247
prod_04762,অর্গানিক ফার্ম সরিষার তেল (৫ লিটার),রান্নার তেল,"ঐতিহ্যবাহী সরিষার তেল, ৫ লিটার, অর্গানিক ফার্ম ব্র্যান্ড, প্রিমিয়াম কোয়ালিটি",1048
prod_04763,ফ্রেশ বিস্কুট (২ কেজি),তাৎক্ষণিক খাদ্য,"ক্রিম বিস্কুট, ২ কেজি, ফ্রেশ ব্র্যান্ড, প্রিমিয়াম কোয়ালিটি",109
prod_04764,প্রাণ চিকেন স্টক (৫০০ মিলি),স্টক ও সস,"মুরগির স্টক, ৫০০ মিলি, প্রাণ ব্র্যান্ড, প্রিমিয়াম কোয়ালিটি",200
prod_04765,প্রাণ মুড়ি (৫ কেজি),খাদ্যশস্য,"ফোলানো মুড়ি, ৫ কেজি, প্রাণ ব্র্যান্ড, প্রিমিয়াম কোয়ালিটি",264
prod_04766,কাজী ফার্মস ভ্যাজিটেবল স্টক (৫০০ মিলি),স্টক ও সস,"শাকসবজির স্টক, ৫০০ মিলি, কাজী ফার্মস ব্র্যান্ড, প্রিমিয়াম কোয়ালিটি",198
prod_04767,পূর্ণ গম (১ কেজি),খাদ্যশস্য,"সাদা গম, উচ্চমানের, ১ কেজি, পূর্ণ ব্র্যান্ড, প্রিমিয়াম কোয়ালিটি",357
prod_04768,ACI পেয়ারা (৫ কেজি),ফল,"তাজা পেয়ারা, ৫ কেজি, ACI ব্র্যান্ড, প্রিমিয়াম কোয়ালিটি",531
prod_04769,অর্গানিক ফার্ম চিকেন স্টক (৫০০ মিলি),স্টক ও সস,"মুরগির স্টক, ৫০০ মিলি, অর্গানিক ফার্ম ব্র্যান্ড, প্রিমিয়াম কোয়ালিটি",212
prod_04770,আরকু রসুনের আচার (২৫০ গ্রাম),সংরক্ষণ ও চাটনি,"রসুনের আচার, ২৫০ গ্রাম, আরকু ব্র্যান্ড, প্রিমিয়াম কোয়ালিটি",37
prod_04771,আফতাব সরিষার তেল (৫ লিটার),রান্নার তেল,"ঐতিহ্যবাহী সরিষার তেল, ৫ লিটার, আফতাব ব্র্যান্ড, প্রিমিয়াম কোয়ালিটি",982
prod_04772,সুরভি কিসমিস (২ কেজি),বাদাম ও শুকনো ফল,"ভারতীয় কিসমিস, ২ কেজি, সুরভি ব্র্যান্ড, প্রিমিয়াম কোয়ালিটি",645
prod_04773,মিল্কভিটা নুডুলস (৫০০ গ্রাম),তাৎক্ষণিক খাদ্য,"ডিম নুডুলস, ৫০০ গ্রাম, মিল্কভিটা ব্র্যান্ড, প্রিমিয়াম কোয়ালিটি",64
prod_04774,ইস্পাহানি ফিশ সস (৫০০ মিলি),স্টক ও সস,"মাছের সস, ৫০০ মিলি, ইস্পাহানি ব্র্যান্ড, প্রিমিয়াম কোয়ালিটি",147
prod_04775,সুরভি রুই মাছ (২ কেজি),প্রোটিন,"তাজা রুই মাছ, ২ কেজি, সুরভি ব্র্যান্ড, প্রিমিয়াম কোয়ালিটি",1044
prod_04776,রাধুনী বিস্কুট (২৫০ গ্রাম),তাৎক্ষণিক খাদ্য,"ক্রিম বিস্কুট, ২৫০ গ্রাম, রাধুনী ব্র্যান্ড, প্রিমিয়াম কোয়ালিটি",13
prod_04777,তীর খেসারি ডাল (৫ কেজি),দালিল শস্য,"খেসারি ডাল, ৫ কেজি, তীর ব্র্যান্ড, প্রিমিয়াম কোয়ালিটি",758
prod_04778,প্রাণ মাষকলাই ডাল (১ কেজি),দালিল শস্য,"কালো মাষকলাই ডাল, ১ কেজি, প্রাণ ব্র্যান্ড, প্রিমিয়াম কোয়ালিটি",223
prod_04779,ড্যানিশ আদা পেস্ট (২৫০ মিলি),রান্নার উপাদান,"তাজা আদা পেস্ট, ২৫০ মিলি, ড্যানিশ ব্র্যান্ড, প্রিমিয়াম কোয়ালিটি",42
prod_04780,তীর টমেটো (২ কেজি),শাকসবজি,"পাকা টমেটো, ২ কেজি, তীর ব্র্যান্ড, প্রিমিয়াম কোয়ালিটি",190
prod_04781,ম্যারিকো চাল (২৫০ গ্রাম),খাদ্যশস্য,"সাদা চাল, স্থানীয় উৎপাদিত, ২৫০ গ্রাম, ম্যারিকো ব্র্যান্ড, প্রিমিয়াম কোয়ালিটি",22
prod_04782,পূর্ণ দুধ (২ কেজি),দুগ্ধজাত,"তাজা গরুর দুধ, ২ কেজি, পূর্ণ ব্র্যান্ড, প্রিমিয়াম কোয়ালিটি",285
prod_04783,পূর্ণ সয়াবিন তেল (৫০০ মিলি),রান্নার তেল,"বিশুদ্ধ সয়াবিন তেল, ৫০০ মিলি, পূর্ণ ব্র্যান্ড, প্রিমিয়াম কোয়ালিটি",295
prod_04784,ম্যারিকো সানফ্লাওয়ার তেল (২৫০ মিলি),রান্নার তেল,"সানফ্লাওয়ার তেল, ২৫০ মিলি, ম্যারিকো ব্র্যান্ড, প্রিমিয়াম কোয়ালিটি",170
prod_04785,স্কয়ার ছানা (১ কেজি),দুগ্ধজাত,"তাজা ছানা, ১ কেজি, স্কয়ার ব্র্যান্ড, প্রিমিয়াম কোয়ালিটি",233
prod_04786,ড্যানিশ মাংস স্টক (৫ লিটার),স্টক ও সস,"গরুর মাংসের স্টক, ৫ লিটার, ড্যানিশ ব্র্যান্ড, প্রিমিয়াম কোয়ালিটি",1544
prod_04787,কাজী ফার্মস তরমুজ (৫০০ গ্রাম),ফল,"তাজা তরমুজ, ৫০০ গ্রাম, কাজী ফার্মস ব্র্যান্ড, প্রিমিয়াম কোয়ালিটি",62
prod_04788,আরকু আখের রস (২৫০ মিলি),পানীয়,"তাজা আখের রস, ২৫০ মিলি, আরকু ব্র্যান্ড, প্রিমিয়াম কোয়ালিটি",69
prod_04789,আফতাব মুড়ি (২ কেজি),খাদ্যশস্য,"ফোলানো মুড়ি, ২ কেজি, আফতাব ব্র্যান্ড, প্রিমিয়াম কোয়ালিটি",138
prod_04790,সুরভি চানাচুর (২ কেজি),তাৎক্ষণিক খাদ্য,"মসলাদার চানাচুর, ২ কেজি, সুরভি ব্র্যান্ড, প্রিমিয়াম কোয়ালিটি",177
prod_04791,আরকু গরুর মাংস (৫০০ গ্রাম),প্রোটিন,"তাজা গরুর মাংস, ৫০০ গ্রাম, আরকু ব্র্যান্ড, প্রিমিয়াম কোয়ালিটি",644
prod_04792,আরকু আদার আচার (২৫০ গ্রাম),সংরক্ষণ ও চাটনি,"আদার আচার, ২৫০ গ্রাম, আরকু ব্র্যান্ড, প্রিমিয়াম কোয়ালিটি",44
prod_04793,অর্গানিক ফার্ম ওটস (২৫০ গ্রাম),স্বাস্থ্য খাদ্য,"রোলড ওটস, ২৫০ গ্রাম, অর্গানিক ফার্ম ব্র্যান্ড, প্রিমিয়াম কোয়ালিটি",90
prod_04794,ACI রাইস ব্রান তেল (৫ লিটার),রান্নার তেল,"রাইস ব্রান তেল, ৫ লিটার, ACI ব্র্যান্ড, প্রিমিয়াম কোয়ালিটি",1646
prod_04795,ইগলু চিড়া (১ কেজি),খাদ্যশস্য,"চ্যাপ্টা চিড়া, ১ কেজি, ইগলু ব্র্যান্ড, প্রিমিয়াম কোয়ালিটি",110
prod_04796,অর্গানিক ফার্ম লবণ (৫ কেজি),মশলা,"সমুদ্রের লবণ, ৫ কেজি, অর্গানিক ফার্ম ব্র্যান্ড, প্রিমিয়াম কোয়ালিটি",311
prod_04797,ACI মেয়োনেজ (৫ লিটার),স্টক ও সস,"ক্রিমি মেয়োনেজ, ৫ লিটার, ACI ব্র্যান্ড, প্রিমিয়াম কোয়ালিটি",875
prod_04798,আফতাব কিনোয়া (১ কেজি),স্বাস্থ্য খাদ্য,"অর্গানিক কিনোয়া, ১ কেজি, আফতাব ব্র্যান্ড, প্রিমিয়াম কোয়ালিটি",562
prod_04799,মিল্কভিটা তেঁতুলের চাটনি (৫০০ গ্রাম),সংরক্ষণ ও চাটনি,"তেঁতুলের চাটনি, ৫০০ গ্রাম, মিল্কভিটা ব্র্যান্ড, প্রিমিয়াম কোয়ালিটি",62
prod_04800,প্রাণ মিষ্টি আলু (৫ কেজি),শাকসবজি,"কমলা মিষ্টি আলু, ৫ কেজি, প্রাণ ব্র্যান্ড, প্রিমিয়াম কোয়ালিটি",502
prod_04801,ম্যারিকো মাখন (২৫০ গ্রাম),দুগ্ধজাত,"খাঁটি মাখন, ২৫০ গ্রাম, ম্যারিকো ব্র্যান্ড, প্রিমিয়াম কোয়ালিটি",144
prod_04802,তীর মধু (২ কেজি),মিষ্টি ও ডেজার্ট,"খাঁটি মৌমাছির মধু, ২ কেজি, তীর ব্র্যান্ড, প্রিমিয়াম কোয়ালিটি",870
prod_04803,অর্গানিক ফার্ম বুটের ডাল (২৫০ গ্রাম),দালিল শস্য,"বুটের ডাল, ২৫০ গ্রাম, অর্গানিক ফার্ম ব্র্যান্ড, প্রিমিয়াম কোয়ালিটি",65
prod_04804,পূর্ণ আপেল (২৫০ গ্রাম),ফল,"ফুজি আপেল, ২৫০ গ্রাম, পূর্ণ ব্র্যান্ড, প্রিমিয়াম কোয়ালিটি",123
prod_04805,ইগলু চিকেন স্টক (৫০০ মিলি),স্টক ও সস,"মুরগির স্টক, ৫০০ মিলি, ইগলু ব্র্যান্ড, প্রিমিয়াম কোয়ালিটি",236
prod_04806,আফতাব কিসমিস (৫ কেজি),বাদাম ও শুকনো ফল,"ভারতীয় কিসমিস, ৫ কেজি, আফতাব ব্র্যান্ড, প্রিমিয়াম কোয়ালিটি",1374
prod_04807,আফতাব মিষ্টি আমের চাটনি (৫০০ গ্রাম),সংরক্ষণ ও চাটনি,"মিষ্টি আমের চাটনি, ৫০০ গ্রাম, আফতাব ব্র্যান্ড, প্রিমিয়াম কোয়ালিটি",104
prod_04808,ACI খই (২৫০ গ্রাম),খাদ্যশস্য,"ভাজা খই, ২৫০ গ্রাম, ACI ব্র্যান্ড, প্রিমিয়াম কোয়ালিটি",25
prod_04809,তীর ভ্যাজিটেবল স্টক (৫ লিটার),স্টক ও সস,"শাকসবজির স্টক, ৫ লিটার, তীর ব্র্যান্ড, প্রিমিয়াম কোয়ালিটি",1301
prod_04810,কাজী ফার্মস নুডুলস (৫০০ গ্রাম),তাৎক্ষণিক খাদ্য,"ডিম নুডুলস, ৫০০ গ্রাম, কাজী ফার্মস ব্র্যান্ড, প্রিমিয়াম কোয়ালিটি",58
prod_04811,ড্যানিশ রসুনের আচার (১ কেজি),সংরক্ষণ ও চাটনি,"রসুনের আচার, ১ কেজি, ড্যানিশ ব্র্যান্ড, প্রিমিয়াম কোয়ালিটি",126
prod_04812,পূর্ণ কর্নফ্লাওয়ার (১ লিটার),রান্নার উপাদান,"কর্নফ্লাওয়ার, ১ লিটার, পূর্ণ ব্র্যান্ড, প্রিমিয়াম কোয়ালিটি",122
prod_04813,প্রাণ নারকেল তেল (৫ লিটার),রান্নার তেল,"খাঁটি নারকেল তেল, ৫ লিটার, প্রাণ ব্র্যান্ড, প্রিমিয়াম কোয়ালিটি",1392
prod_04814,তীর ভ্যাজিটেবল স্টক (৫০০ মিলি),স্টক ও সস,"শাকসবজির স্টক, ৫০০ মিলি, তীর ব্র্যান্ড, প্রিমিয়াম কোয়ালিটি",196
prod_04815,স্কয়ার পরোটা (২৫০ গ্রাম),তাৎক্ষণিক খাদ্য,"ফ্রোজেন পরোটা, ২৫০ গ্রাম, স্কয়ার ব্র্যান্ড, প্রিমিয়াম কোয়ালিটি",37
prod_04816,পূর্ণ ছানা (৫ কেজি),দুগ্ধজাত,"তাজা ছানা, ৫ কেজি, পূর্ণ ব্র্যান্ড, প্রিমিয়াম কোয়ালিটি",1006
prod_04817,আরকু খেজুর (২৫০ গ্রাম),বাদাম ও শুকনো ফল,"মধ্যপূর্বীয় খেজুর, ২৫০ গ্রাম, আরকু ব্র্যান্ড, প্রিমিয়াম কোয়ালিটি",153
prod_04818,সুরভি পাঁচফোড়ন (২৫০ গ্রাম),মশলা,"পাঁচফোড়ন মিশ্রণ, ২৫০ গ্রাম, সুরভি ব্র্যান্ড, প্রিমিয়াম কোয়ালিটি",29
prod_04819,পূর্ণ মেয়োনেজ (২৫০ মিলি),স্টক ও সস,"ক্রিমি মেয়োনেজ, ২৫০ মিলি, পূর্ণ ব্র্যান্ড, প্রিমিয়াম কোয়ালিটি",68
prod_04820,আফতাব ফুলকপি (৫০০ গ্রাম),শাকসবজি,"সাদা ফুলকপি, ৫০০ গ্রাম, আফতাব ব্র্যান্ড, প্রিমিয়াম কোয়ালিটি",43
prod_04821,প্রাণ দুধ (২৫০ গ্রাম),দুগ্ধজাত,"তাজা গরুর দুধ, ২৫০ গ্রাম, প্রাণ ব্র্যান্ড, প্রিমিয়াম কোয়ালিটি",45
prod_04822,আরকু ইস্ট (৫ লিটার),রান্নার উপাদান,"ড্রাই ইস্ট, ৫ লিটার, আরকু ব্র্যান্ড, প্রিমিয়াম কোয়ালিটি",438
prod_04823,অর্গানিক ফার্ম রাইস ব্রান তেল (২৫০ মিলি),রান্নার তেল,"রাইস ব্রান তেল, ২৫০ মিলি, অর্গানিক ফার্ম ব্র্যান্ড, প্রিমিয়াম কোয়ালিটি",143
prod_04824,ইগলু নুডুলস (২ কেজি),তাৎক্ষণিক খাদ্য,"ডিম নুডুলস, ২ কেজি, ইগলু ব্র্যান্ড, প্রিমিয়াম কোয়ালিটি",207
prod_04825,ড্যানিশ চিজ (৫০০ গ্রাম),দুগ্ধজাত,"প্রসেসড চিজ, ৫০০ গ্রাম, ড্যানিশ ব্র্যান্ড, প্রিমিয়াম কোয়ালিটি",216
prod_04826,বসুন্ধরা মিষ্টি আমের চাটনি (১ কেজি),সংরক্ষণ ও চাটনি,"মিষ্টি আমের চাটনি, ১ কেজি, বসুন্ধরা ব্র্যান্ড, প্রিমিয়াম কোয়ালিটি",153
prod_04827,ইগলু লিচু (৫ কেজি),ফল,"তাজা লিচু, ৫ কেজি, ইগলু ব্র্যান্ড, প্রিমিয়াম কোয়ালিটি",1401
prod_04828,ইগলু হলুদ গুঁড়া (৫০০ গ্রাম),মশলা,"খাঁটি হলুদ গুঁড়া, ৫০০ গ্রাম, ইগলু ব্র্যান্ড, প্রিমিয়াম কোয়ালিটি",53
prod_04829,অর্গানিক ফার্ম মাংস স্টক (৫০০ মিলি),স্টক ও সস,"গরুর মাংসের স্টক, ৫০০ মিলি, অর্গানিক ফার্ম ব্র্যান্ড, প্রিমিয়াম কোয়ালিটি",238
prod_04830,রূপচাঁদা তিলের তেল (২ লিটার),রান্নার তেল,"খাঁটি তিলের তেল, ২ লিটার, রূপচাঁদা ব্র্যান্ড, প্রিমিয়াম কোয়ালিটি",1262
prod_04831,বসুন্ধরা লাল মরিচ (২৫০ গ্রাম),মশলা,"সূক্ষ্ম লাল মরিচ, ২৫০ গ্রাম, বসুন্ধরা ব্র্যান্ড, প্রিমিয়াম কোয়ালিটি",33
prod_04832,ম্যারিকো কফি বিন (৫০০ মিলি),পানীয়,"ভাজা কফি বিন, ৫০০ মিলি, ম্যারিকো ব্র্যান্ড, প্রিমিয়াম কোয়ালিটি",227
prod_04833,তীর গুঁড়া চিনি (১ কেজি),মিষ্টি ও ডেজার্ট,"সাদা গুঁড়া চিনি, ১ কেজি, তীর ব্র্যান্ড, প্রিমিয়াম কোয়ালিটি",163
prod_04834,মেঘনা জিরা (২ কেজি),মশলা,"জিরা বীজ, ২ কেজি, মেঘনা ব্র্যান্ড, প্রিমিয়াম কোয়ালিটি",225
prod_04835,প্রাণ তিলের তেল (৫০০ মিলি),রান্নার তেল,"খাঁটি তিলের তেল, ৫০০ মিলি, প্রাণ ব্র্যান্ড, প্রিমিয়াম কোয়ালিটি",386
prod_04836,রাধুনী কালো জিরা (৫ কেজি),মশলা,"খাঁটি কালো জিরা, ৫ কেজি, রাধুনী ব্র্যান্ড, প্রিমিয়াম কোয়ালিটি",303
prod_04837,সুরভি সয়া সস (২ লিটার),রান্নার উপাদান,"প্রামাণিক সয়া সস, ২ লিটার, সুরভি ব্র্যান্ড, প্রিমিয়াম কোয়ালিটি",412
prod_04838,ইগলু ম্যাকারনি (২ কেজি),তাৎক্ষণিক খাদ্য,"ম্যাকারনি, ২ কেজি, ইগলু ব্র্যান্ড, প্রিমিয়াম কোয়ালিটি",324
prod_04839,ফ্রেশ তেঁতুলের চাটনি (৫০০ গ্রাম),সংরক্ষণ ও চাটনি,"তেঁতুলের চাটনি, ৫০০ গ্রাম, ফ্রেশ ব্র্যান্ড, প্রিমিয়াম কোয়ালিটি",64
prod_04840,ACI রাইস ব্রান তেল (১ লিটার),রান্নার তেল,"রাইস ব্রান তেল, ১ লিটার, ACI ব্র্যান্ড, প্রিমিয়াম কোয়ালিটি",480
prod_04841,আরকু তেজপাতা (৫০০ গ্রাম),মশলা,"তেজপাতা, ৫০০ গ্রাম, আরকু ব্র্যান্ড, প্রিমিয়াম কোয়ালিটি",44
prod_04842,ফ্রেশ চিনাবাদাম (২ কেজি),বাদাম ও শুকনো ফল,"সিদ্ধ চিনাবাদাম, ২ কেজি, ফ্রেশ ব্র্যান্ড, প্রিমিয়াম কোয়ালিটি",432
prod_04843,ইগলু অড়হর ডাল (৫০০ গ্রাম),দালিল শস্য,"অড়হর ডাল, ৫০০ গ্রাম, ইগলু ব্র্যান্ড, প্রিমিয়াম কোয়ালিটি",147
prod_04844,রূপচাঁদা ফুলকপি (৫ কেজি),শাকসবজি,"সাদা ফুলকপি, ৫ কেজি, রূপচাঁদা ব্র্যান্ড, প্রিমিয়াম কোয়ালিটি",330
prod_04845,ইগলু কই মাছ (২ কেজি),প্রোটিন,"তাজা কই মাছ, ২ কেজি, ইগলু ব্র্যান্ড, প্রিমিয়াম কোয়ালিটি",1176
prod_04846,রাধুনী ধনিয়া (২৫০ গ্রাম),মশলা,"ধনিয়া গুঁড়া, ২৫০ গ্রাম, রাধুনী ব্র্যান্ড, প্রিমিয়াম কোয়ালিটি",33
prod_04847,মিল্কভিটা তিলের তেল (৫ লিটার),রান্নার তেল,"খাঁটি তিলের তেল, ৫ লিটার, মিল্কভিটা ব্র্যান্ড, প্রিমিয়াম কোয়ালিটি",2690
prod_04848,ম্যারিকো ডাটা শাক (১ কেজি),শাকসবজি,"তাজা ডাটা শাক, ১ কেজি, ম্যারিকো ব্র্যান্ড, প্রিমিয়াম কোয়ালিটি",45
prod_04849,মিল্কভিটা মাংস স্টক (৫ লিটার),স্টক ও সস,"গরুর মাংসের স্টক, ৫ লিটার, মিল্কভিটা ব্র্যান্ড, প্রিমিয়াম কোয়ালিটি",1666
prod_04850,অর্গানিক ফার্ম স্ট্রবেরি (২ কেজি),ফল,"তাজা স্ট্রবেরি, ২ কেজি, অর্গানিক ফার্ম ব্র্যান্ড, প্রিমিয়াম কোয়ালিটি",1030
prod_04851,কাজী ফার্মস ফিশ সস (৫০০ মিলি),স্টক ও সস,"মাছের সস, ৫০০ মিলি, কাজী ফার্মস ব্র্যান্ড, প্রিমিয়াম কোয়ালিটি",144
prod_04852,ড্যানিশ তেজপাতা (২৫০ গ্রাম),মশলা,"তেজপাতা, ২৫০ গ্রাম, ড্যানিশ ব্র্যান্ড, প্রিমিয়াম কোয়ালিটি",19
prod_04853,রূপচাঁদা ওটস (৫ কেজি),স্বাস্থ্য খাদ্য,"রোলড ওটস, ৫ কেজি, রূপচাঁদা ব্র্যান্ড, প্রিমিয়াম কোয়ালিটি",1368
prod_04854,ফ্রেশ মেয়োনেজ (২ লিটার),স্টক ও সস,"ক্রিমি মেয়োনেজ, ২ লিটার, ফ্রেশ ব্র্যান্ড, প্রিমিয়াম কোয়ালিটি",381
prod_04855,রূপচাঁদা বুটের ডাল (৫০০ গ্রাম),দালিল শস্য,"বুটের ডাল, ৫০০ গ্রাম, রূপচাঁদা ব্র্যান্ড, প্রিমিয়াম কোয়ালিটি",128
prod_04856,প্রাণ মাগুর মাছ (১ কেজি),প্রোটিন,"তাজা মাগুর মাছ, ১ কেজি, প্রাণ ব্র্যান্ড, প্রিমিয়াম কোয়ালিটি",777
prod_04857,তীর ইস্ট (২৫০ মিলি),রান্নার উপাদান,"ড্রাই ইস্ট, ২৫০ মিলি, তীর ব্র্যান্ড, প্রিমিয়াম কোয়ালিটি",31
prod_04858,সুরভি ধনিয়া (১ কেজি),মশলা,"ধনিয়া গুঁড়া, ১ কেজি, সুরভি ব্র্যান্ড, প্রিমিয়াম কোয়ালিটি",102
prod_04859,পূর্ণ লাল মরিচ (১ কেজি),মশলা,"সূক্ষ্ম লাল মরিচ, ১ কেজি, পূর্ণ ব্র্যান্ড, প্রিমিয়াম কোয়ালিটি",107
prod_04860,ইগলু রুটি (২৫০ গ্রাম),তাৎক্ষণিক খাদ্য,"স্লাইসড রুটি, ২৫০ গ্রাম, ইগলু ব্র্যান্ড, প্রিমিয়াম কোয়ালিটি",31
prod_04861,তীর কর্নফ্লাওয়ার (২৫০ মিলি),রান্নার উপাদান,"কর্নফ্লাওয়ার, ২৫০ মিলি, তীর ব্র্যান্ড, প্রিমিয়াম কোয়ালিটি",35
prod_04862,মিল্কভিটা লাল মরিচ (৫০০ গ্রাম),মশলা,"সূক্ষ্ম লাল মরিচ, ৫০০ গ্রাম, মিল্কভিটা ব্র্যান্ড, প্রিমিয়াম কোয়ালিটি",66
prod_04863,অর্গানিক ফার্ম বেকিং পাউডার (২৫০ মিলি),রান্নার উপাদান,"বেকিং পাউডার, ২৫০ মিলি, অর্গানিক ফার্ম ব্র্যান্ড, প্রিমিয়াম কোয়ালিটি",25
prod_04864,ড্যানিশ গ্রিন টি (৫ লিটার),পানীয়,"গ্রিন টি ব্যাগ, ৫ লিটার, ড্যানিশ ব্র্যান্ড, প্রিমিয়াম কোয়ালিটি",1301
prod_04865,ইস্পাহানি চিনাবাদাম (৫০০ গ্রাম),বাদাম ও শুকনো ফল,"সিদ্ধ চিনাবাদাম, ৫০০ গ্রাম, ইস্পাহানি ব্র্যান্ড, প্রিমিয়াম কোয়ালিটি",162
prod_04866,আরকু মাষকলাই ডাল (৫ কেজি),দালিল শস্য,"কালো মাষকলাই ডাল, ৫ কেজি, আরকু ব্র্যান্ড, প্রিমিয়াম কোয়ালিটি",1070
prod_04867,ড্যানিশ জিলাপি (৫ কেজি),মিষ্টি ও ডেজার্ট,"তাজা জিলাপি, ৫ কেজি, ড্যানিশ ব্র্যান্ড, প্রিমিয়াম কোয়ালিটি",798
prod_04868,ACI লাচ্ছি (৫০০ মিলি),পানীয়,"ঠান্ডা লাচ্ছি, ৫০০ মিলি, ACI ব্র্যান্ড, প্রিমিয়াম কোয়ালিটি",56
prod_04869,আফতাব পরোটা (৫ কেজি),তাৎক্ষণিক খাদ্য,"ফ্রোজেন পরোটা, ৫ কেজি, আফতাব ব্র্যান্ড, প্রিমিয়াম কোয়ালিটি",623
prod_04870,মেঘনা রাইস ব্রান তেল (২ লিটার),রান্নার তেল,"রাইস ব্রান তেল, ২ লিটার, মেঘনা ব্র্যান্ড, প্রিমিয়াম কোয়ালিটি",863
prod_04871,ইগলু ওটস (২৫০ গ্রাম),স্বাস্থ্য খাদ্য,"রোলড ওটস, ২৫০ গ্রাম, ইগলু ব্র্যান্ড, প্রিমিয়াম কোয়ালিটি",86
prod_04872,কাজী ফার্মস লবঙ্গ (২ কেজি),মশলা,"খাঁটি লবঙ্গ, ২ কেজি, কাজী ফার্মস ব্র্যান্ড, প্রিমিয়াম কোয়ালিটি",377
prod_04873,কাজী ফার্মস কমলা (৫০০ গ্রাম),ফল,"নাগপুরি কমলা, ৫০০ গ্রাম, কাজী ফার্মস ব্র্যান্ড, প্রিমিয়াম কোয়ালিটি",154
prod_04874,পূর্ণ প্রোটিন পাউডার (২৫০ গ্রাম),স্বাস্থ্য খাদ্য,"হোয়ে প্রোটিন, ২৫০ গ্রাম, পূর্ণ ব্র্যান্ড, প্রিমিয়াম কোয়ালিটি",455
prod_04875,রূপচাঁদা তিলের তেল (৫ লিটার),রান্নার তেল,"খাঁটি তিলের তেল, ৫ লিটার, রূপচাঁদা ব্র্যান্ড, প্রিমিয়াম কোয়ালিটি",2473
prod_04876,তীর ইস্ট (৫ লিটার),রান্নার উপাদান,"ড্রাই ইস্ট, ৫ লিটার, তীর ব্র্যান্ড, প্রিমিয়াম কোয়ালিটি",429
prod_04877,তীর মাস্টার্ড সস (৫০০ মিলি),স্টক ও সস,"মাস্টার্ড সস, ৫০০ মিলি, তীর ব্র্যান্ড, প্রিমিয়াম কোয়ালিটি",104
prod_04878,আরকু চিজ (৫ কেজি),দুগ্ধজাত,"প্রসেসড চিজ, ৫ কেজি, আরকু ব্র্যান্ড, প্রিমিয়াম কোয়ালিটি",1772
prod_04879,ইস্পাহানি ভুট্টা (৫০০ গ্রাম),খাদ্যশস্য,"হলুদ ভুট্টা, ৫০০ গ্রাম, ইস্পাহানি ব্র্যান্ড, প্রিমিয়াম কোয়ালিটি",62
prod_04880,মেঘনা চা পাতি (২ লিটার),পানীয়,"সিলেটের চা পাতি, ২ লিটার, মেঘনা ব্র্যান্ড, প্রিমিয়াম কোয়ালিটি",617
prod_04881,মিল্কভিটা কেক (২৫০ গ্রাম),তাৎক্ষণিক খাদ্য,"ফ্রুট কেক, ২৫০ গ্রাম, মিল্কভিটা ব্র্যান্ড, প্রিমিয়াম কোয়ালিটি",64
prod_04882,বসুন্ধরা গাজর (৫ কেজি),শাকসবজি,"হলুদ গাজর, ৫ কেজি, বসুন্ধরা ব্র্যান্ড, প্রিমিয়াম কোয়ালিটি",236
prod_04883,বসুন্ধরা চিপস (১ কেজি),তাৎক্ষণিক খাদ্য,"আলুর চিপস, ১ কেজি, বসুন্ধরা ব্র্যান্ড, প্রিমিয়াম কোয়ালিটি",65
prod_04884,মিল্কভিটা বেকিং পাউডার (২ লিটার),রান্নার উপাদান,"বেকিং পাউডার, ২ লিটার, মিল্কভিটা ব্র্যান্ড, প্রিমিয়াম কোয়ালিটি",145
prod_04885,ইস্পাহানি পেঁয়াজের চাটনি (৫০০ গ্রাম),সংরক্ষণ ও চাটনি,"পেঁয়াজের চাটনি, ৫০০ গ্রাম, ইস্পাহানি ব্র্যান্ড, প্রিমিয়াম কোয়ালিটি",78
prod_04886,কাজী ফার্মস সিং মাছ (৫ কেজি),প্রোটিন,"স্থানীয় সিং মাছ, ৫ কেজি, কাজী ফার্মস ব্র্যান্ড, প্রিমিয়াম কোয়ালিটি",3146
prod_04887,ম্যারিকো টমেটো সস (৫ লিটার),রান্নার উপাদান,"টমেটো কেচাপ, ৫ লিটার, ম্যারিকো ব্র্যান্ড, প্রিমিয়াম কোয়ালিটি",637
prod_04888,পূর্ণ মাশরুম (৫০০ গ্রাম),শাকসবজি,"তাজা মাশরুম, ৫০০ গ্রাম, পূর্ণ ব্র্যান্ড, প্রিমিয়াম কোয়ালিটি",111
prod_04889,কাজী ফার্মস ম্যাকারনি (১ কেজি),তাৎক্ষণিক খাদ্য,"ম্যাকারনি, ১ কেজি, কাজী ফার্মস ব্র্যান্ড, প্রিমিয়াম কোয়ালিটি",192
prod_04890,স্কয়ার আপেল (২ কেজি),ফল,"ফুজি আপেল, ২ কেজি, স্কয়ার ব্র্যান্ড, প্রিমিয়াম কোয়ালিটি",720
prod_04891,মিল্কভিটা লবণ (৫০০ গ্রাম),মশলা,"সমুদ্রের লবণ, ৫০০ গ্রাম, মিল্কভিটা ব্র্যান্ড, প্রিমিয়াম কোয়ালিটি",44
prod_04892,আফতাব রসগোল্লা (৫ কেজি),মিষ্টি ও ডেজার্ট,"সিলেটি রসগোল্লা, ৫ কেজি, আফতাব ব্র্যান্ড, প্রিমিয়াম কোয়ালিটি",1626
prod_04893,সুরভি আদার আচার (৫ কেজি),সংরক্ষণ ও চাটনি,"আদার আচার, ৫ কেজি, সুরভি ব্র্যান্ড, প্রিমিয়াম কোয়ালিটি",562
prod_04894,মেঘনা রসুন পেস্ট (২৫০ মিলি),রান্নার উপাদান,"তরল রসুন পেস্ট, ২৫০ মিলি, মেঘনা ব্র্যান্ড, প্রিমিয়াম কোয়ালিটি",51
prod_04895,বসুন্ধরা জাম (২ কেজি),ফল,"কালো জাম, ২ কেজি, বসুন্ধরা ব্র্যান্ড, প্রিমিয়াম কোয়ালিটি",544
prod_04896,অর্গানিক ফার্ম নুডুলস (১ কেজি),তাৎক্ষণিক খাদ্য,"ডিম নুডুলস, ১ কেজি, অর্গানিক ফার্ম ব্র্যান্ড, প্রিমিয়াম কোয়ালিটি",116
prod_04897,সুরভি খেজুর (২৫০ গ্রাম),বাদাম ও শুকনো ফল,"মধ্যপূর্বীয় খেজুর, ২৫০ গ্রাম, সুরভি ব্র্যান্ড, প্রিমিয়াম কোয়ালিটি",127
prod_04898,আফতাব লাল শাক (৫ কেজি),শাকসবজি,"তাজা লাল শাক, ৫ কেজি, আফতাব ব্র্যান্ড, প্রিমিয়াম কোয়ালিটি",130
prod_04899,অর্গানিক ফার্ম করলা (২ কেজি),শাকসবজি,"তাজা করলা, ২ কেজি, অর্গানিক ফার্ম ব্র্যান্ড, প্রিমিয়াম কোয়ালিটি",158
prod_04900,স্কয়ার ক্রিম (৫ কেজি),দুগ্ধজাত,"ফ্রেশ ক্রিম, ৫ কেজি, স্কয়ার ব্র্যান্ড, প্রিমিয়াম কোয়ালিটি",1381
prod_04901,মেঘনা মুগ ডাল (৫০০ গ্রাম),দালিল শস্য,"সবুজ মুগ ডাল, ৫০০ গ্রাম, মেঘনা ব্র্যান্ড, প্রিমিয়াম কোয়ালিটি",121
prod_04902,ACI সানফ্লাওয়ার তেল (২ লিটার),রান্নার তেল,"সানফ্লাওয়ার তেল, ২ লিটার, ACI ব্র্যান্ড, প্রিমিয়াম কোয়ালিটি",846
prod_04903,ফ্রেশ সেমাই (৫০০ গ্রাম),তাৎক্ষণিক খাদ্য,"পাতলা সেমাই, ৫০০ গ্রাম, ফ্রেশ ব্র্যান্ড, প্রিমিয়াম কোয়ালিটি",74
prod_04904,ড্যানিশ মিষ্টি আমের চাটনি (২ কেজি),সংরক্ষণ ও চাটনি,"মিষ্টি আমের চাটনি, ২ কেজি, ড্যানিশ ব্র্যান্ড, প্রিমিয়াম কোয়ালিটি",341
prod_04905,ড্যানিশ পালং শাক (২ কেজি),শাকসবজি,"তাজা পালং শাক, ২ কেজি, ড্যানিশ ব্র্যান্ড, প্রিমিয়াম কোয়ালিটি",159
prod_04906,অর্গানিক ফার্ম মসুর ডাল (১ কেজি),দালিল শস্য,"লাল মসুর ডাল, ১ কেজি, অর্গানিক ফার্ম ব্র্যান্ড, প্রিমিয়াম কোয়ালিটি",265
prod_04907,ফ্রেশ শোল মাছ (১ কেজি),প্রোটিন,"তাজা শোল মাছ, ১ কেজি, ফ্রেশ ব্র্যান্ড, প্রিমিয়াম কোয়ালিটি",1021
prod_04908,মেঘনা সয়াবিন তেল (৫০০ মিলি),রান্নার তেল,"বিশুদ্ধ সয়াবিন তেল, ৫০০ মিলি, মেঘনা ব্র্যান্ড, প্রিমিয়াম কোয়ালিটি",276
prod_04909,মিল্কভিটা কচু শাক (৫ কেজি),শাকসবজি,"তাজা কচু শাক, ৫ কেজি, মিল্কভিটা ব্র্যান্ড, প্রিমিয়াম কোয়ালিটি",185
prod_04910,তীর ফেলন (২ কেজি),দালিল শস্য,"সবুজ ফেলন, ২ কেজি, তীর ব্র্যান্ড, প্রিমিয়াম কোয়ালিটি",327
prod_04911,সুরভি রসুনের আচার (৫ কেজি),সংরক্ষণ ও চাটনি,"রসুনের আচার, ৫ কেজি, সুরভি ব্র্যান্ড, প্রিমিয়াম কোয়ালিটি",604
prod_04912,ইস্পাহানি তেঁতুলের চাটনি (৫০০ গ্রাম),সংরক্ষণ ও চাটনি,"তেঁতুলের চাটনি, ৫০০ গ্রাম, ইস্পাহানি ব্র্যান্ড, প্রিমিয়াম কোয়ালিটি",79
prod_04913,আরকু মেয়োনেজ (১ লিটার),স্টক ও সস,"ক্রিমি মেয়োনেজ, ১ লিটার, আরকু ব্র্যান্ড, প্রিমিয়াম কোয়ালিটি",239
prod_04914,কাজী ফার্মস মাস্টার্ড সস (২ লিটার),স্টক ও সস,"মাস্টার্ড সস, ২ লিটার, কাজী ফার্মস ব্র্যান্ড, প্রিমিয়াম কোয়ালিটি",328
prod_04915,রূপচাঁদা মেথি বীজ (১ কেজি),মশলা,"মেথি বীজ, ১ কেজি, রূপচাঁদা ব্র্যান্ড, প্রিমিয়াম কোয়ালিটি",90
prod_04916,স্কয়ার লাচ্ছি (৫ লিটার),পানীয়,"ঠান্ডা লাচ্ছি, ৫ লিটার, স্কয়ার ব্র্যান্ড, প্রিমিয়াম কোয়ালিটি",410
prod_04917,অর্গানিক ফার্ম টমেটোর চাটনি (১ কেজি),সংরক্ষণ ও চাটনি,"টমেটোর চাটনি, ১ কেজি, অর্গানিক ফার্ম ব্র্যান্ড, প্রিমিয়াম কোয়ালিটি",130
prod_04918,অর্গানিক ফার্ম পাঙ্গাস মাছ (২৫০ গ্রাম),প্রোটিন,"তাজা পাঙ্গাস মাছ, ২৫০ গ্রাম, অর্গানিক ফার্ম ব্র্যান্ড, প্রিমিয়াম কোয়ালিটি",182
prod_04919,প্রাণ হট সস (৫০০ মিলি),স্টক ও সস,"হট চিলি সস, ৫০০ মিলি, প্রাণ ব্র্যান্ড, প্রিমিয়াম কোয়ালিটি",112
prod_04920,আরকু চাল (৫০০ গ্রাম),খাদ্যশস্য,"সাদা চাল, স্থানীয় উৎপাদিত, ৫০০ গ্রাম, আরকু ব্র্যান্ড, প্রিমিয়াম কোয়ালিটি",49
prod_04921,মিল্কভিটা মিষ্টি আমের চাটনি (৫০০ গ্রাম),সংরক্ষণ ও চাটনি,"মিষ্টি আমের চাটনি, ৫০০ গ্রাম, মিল্কভিটা ব্র্যান্ড, প্রিমিয়াম কোয়ালিটি",87
prod_04922,ফ্রেশ ব্রাউন সুগার (১ কেজি),মিষ্টি ও ডেজার্ট,"ব্রাউন সুগার, ১ কেজি, ফ্রেশ ব্র্যান্ড, প্রিমিয়াম কোয়ালিটি",219
prod_04923,প্রাণ নারকেল তেল (১ লিটার),রান্নার তেল,"খাঁটি নারকেল তেল, ১ লিটার, প্রাণ ব্র্যান্ড, প্রিমিয়াম কোয়ালিটি",342
prod_04924,ম্যারিকো কাবুলি ছোলা (২ কেজি),দালিল শস্য,"বড় কাবুলি ছোলা, ২ কেজি, ম্যারিকো ব্র্যান্ড, প্রিমিয়াম কোয়ালিটি",487
prod_04925,ACI কালো জিরা (১ কেজি),মশলা,"খাঁটি কালো জিরা, ১ কেজি, ACI ব্র্যান্ড, প্রিমিয়াম কোয়ালিটি",75
prod_04926,মিল্কভিটা আদা পেস্ট (৫ লিটার),রান্নার উপাদান,"তাজা আদা পেস্ট, ৫ লিটার, মিল্কভিটা ব্র্যান্ড, প্রিমিয়াম কোয়ালিটি",683
prod_04927,রূপচাঁদা আপেল (৫০০ গ্রাম),ফল,"ফুজি আপেল, ৫০০ গ্রাম, রূপচাঁদা ব্র্যান্ড, প্রিমিয়াম কোয়ালিটি",244
prod_04928,ড্যানিশ প্রোটিন পাউডার (৫০০ গ্রাম),স্বাস্থ্য খাদ্য,"হোয়ে প্রোটিন, ৫০০ গ্রাম, ড্যানিশ ব্র্যান্ড, প্রিমিয়াম কোয়ালিটি",859
prod_04929,আফতাব ডিম (৫০০ গ্রাম),প্রোটিন,"তাজা মুরগির ডিম, ৫০০ গ্রাম, আফতাব ব্র্যান্ড, প্রিমিয়াম কোয়ালিটি",135
prod_04930,রাধুনী কিসমিস (৫ কেজি),বাদাম ও শুকনো ফল,"ভারতীয় কিসমিস, ৫ কেজি, রাধুনী ব্র্যান্ড, প্রিমিয়াম কোয়ালিটি",1373
prod_04931,তীর কালো জিরা (৫০০ গ্রাম),মশলা,"খাঁটি কালো জিরা, ৫০০ গ্রাম, তীর ব্র্যান্ড, প্রিমিয়াম কোয়ালিটি",49
prod_04932,অর্গানিক ফার্ম চিংড়ি (৫০০ গ্রাম),প্রোটিন,"তাজা চিংড়ি, ৫০০ গ্রাম, অর্গানিক ফার্ম ব্র্যান্ড, প্রিমিয়াম কোয়ালিটি",668
prod_04933,ACI সুজি (৫ কেজি),খাদ্যশস্য,"সুজি, রান্নার জন্য, ৫ কেজি, ACI ব্র্যান্ড, প্রিমিয়াম কোয়ালিটি",362
prod_04934,রাধুনী ভিনেগার (৫ লিটার),রান্নার উপাদান,"সাদা ভিনেগার, ৫ লিটার, রাধুনী ব্র্যান্ড, প্রিমিয়াম কোয়ালিটি",387
prod_04935,ইস্পাহানি ফল জুস (৫০০ মিলি),পানীয়,"মিশ্র ফল জুস, ৫০০ মিলি, ইস্পাহানি ব্র্যান্ড, প্রিমিয়াম কোয়ালিটি",149
prod_04936,প্রাণ গ্রানোলা (৫ কেজি),স্বাস্থ্য খাদ্য,"মিক্সড গ্রানোলা, ৫ কেজি, প্রাণ ব্র্যান্ড, প্রিমিয়াম কোয়ালিটি",1888
prod_04937,আফতাব তরমুজ (২৫০ গ্রাম),ফল,"তাজা তরমুজ, ২৫০ গ্রাম, আফতাব ব্র্যান্ড, প্রিমিয়াম কোয়ালিটি",31
prod_04938,মেঘনা ধনিয়া (২ কেজি),মশলা,"ধনিয়া গুঁড়া, ২ কেজি, মেঘনা ব্র্যান্ড, প্রিমিয়াম কোয়ালিটি",189
prod_04939,কাজী ফার্মস নারকেল জল (১ লিটার),পানীয়,"তাজা নারকেল জল, ১ লিটার, কাজী ফার্মস ব্র্যান্ড, প্রিমিয়াম কোয়ালিটি",179
prod_04940,মিল্কভিটা নারকেল দুধ (২৫০ মিলি),রান্নার উপাদান,"গাঢ় নারকেল দুধ, ২৫০ মিলি, মিল্কভিটা ব্র্যান্ড, প্রিমিয়াম কোয়ালিটি",52
prod_04941,পূর্ণ তিলের তেল (৫ লিটার),রান্নার তেল,"খাঁটি তিলের তেল, ৫ লিটার, পূর্ণ ব্র্যান্ড, প্রিমিয়াম কোয়ালিটি",2259
prod_04942,আরকু ফুলকপি (৫ কেজি),শাকসবজি,"সাদা ফুলকপি, ৫ কেজি, আরকু ব্র্যান্ড, প্রিমিয়াম কোয়ালিটি",416
prod_04943,রূপচাঁদা কিনোয়া (৫০০ গ্রাম),স্বাস্থ্য খাদ্য,"অর্গানিক কিনোয়া, ৫০০ গ্রাম, রূপচাঁদা ব্র্যান্ড, প্রিমিয়াম কোয়ালিটি",304
prod_04944,ইগলু ঘি (৫০০ গ্রাম),দুগ্ধজাত,"খাঁটি গাওয়া ঘি, ৫০০ গ্রাম, ইগলু ব্র্যান্ড, প্রিমিয়াম কোয়ালিটি",451
prod_04945,স্কয়ার গরম মসলা (৫০০ গ্রাম),মশলা,"গরম মাসালা মিশ্রণ, ৫০০ গ্রাম, স্কয়ার ব্র্যান্ড, প্রিমিয়াম কোয়ালিটি",72
prod_04946,ইস্পাহানি দুধের পাউডার (২৫০ গ্রাম),দুগ্ধজাত,"সম্পূর্ণ দুধের পাউডার, ২৫০ গ্রাম, ইস্পাহানি ব্র্যান্ড, প্রিমিয়াম কোয়ালিটি",149
prod_04947,রাধুনী পরোটা (১ কেজি),তাৎক্ষণিক খাদ্য,"ফ্রোজেন পরোটা, ১ কেজি, রাধুনী ব্র্যান্ড, প্রিমিয়াম কোয়ালিটি",132
prod_04948,ইস্পাহানি চিংড়ি (১ কেজি),প্রোটিন,"তাজা চিংড়ি, ১ কেজি, ইস্পাহানি ব্র্যান্ড, প্রিমিয়াম কোয়ালিটি",1129
prod_04949,কাজী ফার্মস মিষ্টি দই (৫০০ গ্রাম),মিষ্টি ও ডেজার্ট,"মিষ্টি দই, ৫০০ গ্রাম, কাজী ফার্মস ব্র্যান্ড, প্রিমিয়াম কোয়ালিটি",85
prod_04950,ড্যানিশ খেজুর (২৫০ গ্রাম),বাদাম ও শুকনো ফল,"মধ্যপূর্বীয় খেজুর, ২৫০ গ্রাম, ড্যানিশ ব্র্যান্ড, প্রিমিয়াম কোয়ালিটি",139
prod_04951,সুরভি অ্যালমন্ড মিল্ক (৫০০ গ্রাম),স্বাস্থ্য খাদ্য,"অ্যালমন্ড মিল্ক, ৫০০ গ্রাম, সুরভি ব্র্যান্ড, প্রিমিয়াম কোয়ালিটি",273
prod_04952,প্রাণ কিসমিস (৫ কেজি),বাদাম ও শুকনো ফল,"ভারতীয় কিসমিস, ৫ কেজি, প্রাণ ব্র্যান্ড, প্রিমিয়াম কোয়ালিটি",1424
prod_04953,রূপচাঁদা শরবত (৫ লিটার),পানীয়,"রুহ আফজা শরবত, ৫ লিটার, রূপচাঁদা ব্র্যান্ড, প্রিমিয়াম কোয়ালিটি",894
prod_04954,ইগলু গাজর (৫ কেজি),শাকসবজি,"হলুদ গাজর, ৫ কেজি, ইগলু ব্র্যান্ড, প্রিমিয়াম কোয়ালিটি",288
prod_04955,ইস্পাহানি ওটস (৫ কেজি),স্বাস্থ্য খাদ্য,"রোলড ওটস, ৫ কেজি, ইস্পাহানি ব্র্যান্ড, প্রিমিয়াম কোয়ালিটি",1218
prod_04956,আরকু অলিভ অয়েল (১ লিটার),রান্নার তেল,"এক্সট্রা ভার্জিন অলিভ অয়েল, ১ লিটার, আরকু ব্র্যান্ড, প্রিমিয়াম কোয়ালিটি",748
prod_04957,ফ্রেশ অ্যালমন্ড মিল্ক (৫০০ গ্রাম),স্বাস্থ্য খাদ্য,"অ্যালমন্ড মিল্ক, ৫০০ গ্রাম, ফ্রেশ ব্র্যান্ড, প্রিমিয়াম কোয়ালিটি",249
prod_04958,মিল্কভিটা ম্যাকারনি (৫ কেজি),তাৎক্ষণিক খাদ্য,"ম্যাকারনি, ৫ কেজি, মিল্কভিটা ব্র্যান্ড, প্রিমিয়াম কোয়ালিটি",850
prod_04959,তীর ব্রাউন সুগার (২৫০ গ্রাম),মিষ্টি ও ডেজার্ট,"ব্রাউন সুগার, ২৫০ গ্রাম, তীর ব্র্যান্ড, প্রিমিয়াম কোয়ালিটি",60
prod_04960,মেঘনা শসা (২ কেজি),শাকসবজি,"তাজা শসা, ২ কেজি, মেঘনা ব্র্যান্ড, প্রিমিয়াম কোয়ালিটি",136
prod_04961,ম্যারিকো কাবুলি ছোলা (৫০০ গ্রাম),দালিল শস্য,"বড় কাবুলি ছোলা, ৫০০ গ্রাম, ম্যারিকো ব্র্যান্ড, প্রিমিয়াম কোয়ালিটি",129
prod_04962,কাজী ফার্মস খেসারি ডাল (২ কেজি),দালিল শস্য,"খেসারি ডাল, ২ কেজি, কাজী ফার্মস ব্র্যান্ড, প্রিমিয়াম কোয়ালিটি",330
prod_04963,মেঘনা অ্যালমন্ড মিল্ক (৫০০ গ্রাম),স্বাস্থ্য খাদ্য,"অ্যালমন্ড মিল্ক, ৫০০ গ্রাম, মেঘনা ব্র্যান্ড, প্রিমিয়াম কোয়ালিটি",264
prod_04964,ইস্পাহানি টমেটোর চাটনি (৫০০ গ্রাম),সংরক্ষণ ও চাটনি,"টমেটোর চাটনি, ৫০০ গ্রাম, ইস্পাহানি ব্র্যান্ড, প্রিমিয়াম কোয়ালিটি",83
prod_04965,আরকু ভিনেগার (৫০০ মিলি),রান্নার উপাদান,"সাদা ভিনেগার, ৫০০ মিলি, আরকু ব্র্যান্ড, প্রিমিয়াম কোয়ালিটি",51
prod_04966,পূর্ণ কিসমিস (২৫০ গ্রাম),বাদাম ও শুকনো ফল,"ভারতীয় কিসমিস, ২৫০ গ্রাম, পূর্ণ ব্র্যান্ড, প্রিমিয়াম কোয়ালিটি",109
prod_04967,ইগলু পাস্তা (২৫০ গ্রাম),তাৎক্ষণিক খাদ্য,"ইতালিয়ান পাস্তা, ২৫০ গ্রাম, ইগলু ব্র্যান্ড, প্রিমিয়াম কোয়ালিটি",57
prod_04968,মিল্কভিটা জিরা (২৫০ গ্রাম),মশলা,"জিরা বীজ, ২৫০ গ্রাম, মিল্কভিটা ব্র্যান্ড, প্রিমিয়াম কোয়ালিটি",34
prod_04969,মিল্কভিটা সিং মাছ (৫০০ গ্রাম),প্রোটিন,"স্থানীয় সিং মাছ, ৫০০ গ্রাম, মিল্কভিটা ব্র্যান্ড, প্রিমিয়াম কোয়ালিটি",411
prod_04970,রাধুনী আম আচার (১ কেজি),সংরক্ষণ ও চাটনি,"তাজা আম আচার, ১ কেজি, রাধুনী ব্র্যান্ড, প্রিমিয়াম কোয়ালিটি",147
prod_04971,ম্যারিকো লাচ্ছি (২৫০ মিলি),পানীয়,"ঠান্ডা লাচ্ছি, ২৫০ মিলি, ম্যারিকো ব্র্যান্ড, প্রিমিয়াম কোয়ালিটি",31
prod_04972,মিল্কভিটা দই (২ কেজি),দুগ্ধজাত,"তাজা গরুর দই, ২ কেজি, মিল্কভিটা ব্র্যান্ড, প্রিমিয়াম কোয়ালিটি",257
prod_04973,মিল্কভিটা নারকেল তেল (২ লিটার),রান্নার তেল,"খাঁটি নারকেল তেল, ২ লিটার, মিল্কভিটা ব্র্যান্ড, প্রিমিয়াম কোয়ালিটি",561
prod_04974,পূর্ণ শসা (২৫০ গ্রাম),শাকসবজি,"তাজা শসা, ২৫০ গ্রাম, পূর্ণ ব্র্যান্ড, প্রিমিয়াম কোয়ালিটি",20
prod_04975,ম্যারিকো রুই মাছ (৫০০ গ্রাম),প্রোটিন,"তাজা রুই মাছ, ৫০০ গ্রাম, ম্যারিকো ব্র্যান্ড, প্রিমিয়াম কোয়ালিটি",309
prod_04976,ইগলু পিনাট বাটার (৫০০ গ্রাম),স্বাস্থ্য খাদ্য,"পিনাট বাটার, ৫০০ গ্রাম, ইগলু ব্র্যান্ড, প্রিমিয়াম কোয়ালিটি",277
prod_04977,ফ্রেশ সরিষার তেল (২ লিটার),রান্নার তেল,"ঐতিহ্যবাহী সরিষার তেল, ২ লিটার, ফ্রেশ ব্র্যান্ড, প্রিমিয়াম কোয়ালিটি",465
prod_04978,ইস্পাহানি কই মাছ (২৫০ গ্রাম),প্রোটিন,"তাজা কই মাছ, ২৫০ গ্রাম, ইস্পাহানি ব্র্যান্ড, প্রিমিয়াম কোয়ালিটি",155
prod_04979,তীর রাজমা (১ কেজি),দালিল শস্য,"লাল রাজমা, ১ কেজি, তীর ব্র্যান্ড, প্রিমিয়াম কোয়ালিটি",301
prod_04980,ম্যারিকো ফ্ল্যাক্স সিড (৫ কেজি),স্বাস্থ্য খাদ্য,"ফ্ল্যাক্স সিড, ৫ কেজি, ম্যারিকো ব্র্যান্ড, প্রিমিয়াম কোয়ালিটি",2013
prod_04981,ACI দই (৫ কেজি),দুগ্ধজাত,"তাজা গরুর দই, ৫ কেজি, ACI ব্র্যান্ড, প্রিমিয়াম কোয়ালিটি",476
prod_04982,ম্যারিকো রসুন পেস্ট (৫ লিটার),রান্নার উপাদান,"তরল রসুন পেস্ট, ৫ লিটার, ম্যারিকো ব্র্যান্ড, প্রিমিয়াম কোয়ালিটি",538
prod_04983,ACI জায়ফল (৫ কেজি),মশলা,"খাঁটি জায়ফল, ৫ কেজি, ACI ব্র্যান্ড, প্রিমিয়াম কোয়ালিটি",1321
prod_04984,ফ্রেশ পেস্তাবাদাম (২৫০ গ্রাম),বাদাম ও শুকনো ফল,"ইরানি পেস্তাবাদাম, ২৫০ গ্রাম, ফ্রেশ ব্র্যান্ড, প্রিমিয়াম কোয়ালিটি",149
prod_04985,তীর ইস্ট (১ লিটার),রান্নার উপাদান,"ড্রাই ইস্ট, ১ লিটার, তীর ব্র্যান্ড, প্রিমিয়াম কোয়ালিটি",119
prod_04986,তীর ম্যাকারনি (৫ কেজি),তাৎক্ষণিক খাদ্য,"ম্যাকারনি, ৫ কেজি, তীর ব্র্যান্ড, প্রিমিয়াম কোয়ালিটি",702
prod_04987,মিল্কভিটা মুরগি (৫০০ গ্রাম),প্রোটিন,"তাজা মুরগির মাংস, ৫০০ গ্রাম, মিল্কভিটা ব্র্যান্ড, প্রিমিয়াম কোয়ালিটি",424
prod_04988,পূর্ণ টমেটোর চাটনি (২৫০ গ্রাম),সংরক্ষণ ও চাটনি,"টমেটোর চাটনি, ২৫০ গ্রাম, পূর্ণ ব্র্যান্ড, প্রিমিয়াম কোয়ালিটি",43
prod_04989,ম্যারিকো মুড়ি (৫ কেজি),খাদ্যশস্য,"ফোলানো মুড়ি, ৫ কেজি, ম্যারিকো ব্র্যান্ড, প্রিমিয়াম কোয়ালিটি",308
prod_04990,মিল্কভিটা বোয়াল মাছ (২ কেজি),প্রোটিন,"তাজা বোয়াল মাছ, ২ কেজি, মিল্কভিটা ব্র্যান্ড, প্রিমিয়াম কোয়ালিটি",1579
prod_04991,ইগলু পালং শাক (২৫০ গ্রাম),শাকসবজি,"তাজা পালং শাক, ২৫০ গ্রাম, ইগলু ব্র্যান্ড, প্রিমিয়াম কোয়ালিটি",20
prod_04992,মেঘনা দুধের পাউডার (৫ কেজি),দুগ্ধজাত,"সম্পূর্ণ দুধের পাউডার, ৫ কেজি, মেঘনা ব্র্যান্ড, প্রিমিয়াম কোয়ালিটি",1990
prod_04993,ACI তেঁতুলের চাটনি (৫০০ গ্রাম),সংরক্ষণ ও চাটনি,"তেঁতুলের চাটনি, ৫০০ গ্রাম, ACI ব্র্যান্ড, প্রিমিয়াম কোয়ালিটি",63
prod_04994,রাধুনী আটা (৫০০ গ্রাম),খাদ্যশস্য,"গম আটা, উচ্চমানের, ৫০০ গ্রাম, রাধুনী ব্র্যান্ড, প্রিমিয়াম কোয়ালিটি",47
prod_04995,ড্যানিশ আম (২৫০ গ্রাম),ফল,"হিমসাগর আম, ২৫০ গ্রাম, ড্যানিশ ব্র্যান্ড, প্রিমিয়াম কোয়ালিটি",95
prod_04996,সুরভি পাঁচফোড়ন (৫ কেজি),মশলা,"পাঁচফোড়ন মিশ্রণ, ৫ কেজি, সুরভি ব্র্যান্ড, প্রিমিয়াম কোয়ালিটি",524
prod_04997,অর্গানিক ফার্ম ছোলা (৫ কেজি),দালিল শস্য,"ছোট ছোলা, ৫ কেজি, অর্গানিক ফার্ম ব্র্যান্ড, প্রিমিয়াম কোয়ালিটি",716
prod_04998,ড্যানিশ পাম তেল (৫ লিটার),রান্নার তেল,"পরিশোধিত পাম তেল, ৫ লিটার, ড্যানিশ ব্র্যান্ড, প্রিমিয়াম কোয়ালিটি",1079
prod_04999,তীর ব্রাউন সুগার (১ কেজি),মিষ্টি ও ডেজার্ট,"ব্রাউন সুগার, ১ কেজি, তীর ব্র্যান্ড, প্রিমিয়াম কোয়ালিটি",199
